timestamp, utilization.gpu [%], utilization.memory [%], memory.used [MiB], clocks.current.sm [MHz], power.draw [W]
2026/08/19 15:31:07.654, 0 %, 28 %, 803 MiB, 180 MHz, 21.37 W
2026/08/19 15:31:08.660, 3 %, 5 %, 800 MiB, 307 MHz, 22.77 W
2026/08/19 15:31:09.662, 4 %, 14 %, 801 MiB, 180 MHz, 23.31 W
2026/08/19 15:31:10.664, 2 %, 6 %, 802 MiB, 217 MHz, 23.14 W
2026/08/19 15:31:11.666, 4 %, 8 %, 802 MiB, 202 MHz, 23.28 W
2026/08/19 15:31:12.668, 3 %, 5 %, 802 MiB, 442 MHz, 23.08 W
2026/08/19 15:31:13.670, 3 %, 6 %, 802 MiB, 420 MHz, 22.97 W
2026/08/19 15:31:14.672, 3 %, 9 %, 802 MiB, 307 MHz, 23.32 W
2026/08/19 15:31:15.673, 2 %, 8 %, 802 MiB, 345 MHz, 23.28 W
2026/08/19 15:31:16.675, 4 %, 7 %, 802 MiB, 270 MHz, 23.79 W
2026/08/19 15:31:17.677, 3 %, 6 %, 802 MiB, 472 MHz, 23.92 W
2026/08/19 15:31:20.994, 2 %, 10 %, 802 MiB, 285 MHz, 23.18 W
2026/08/19 15:31:21.996, 3 %, 11 %, 802 MiB, 487 MHz, 23.06 W
2026/08/19 15:31:22.999, 2 %, 12 %, 802 MiB, 495 MHz, 23.28 W
2026/08/19 15:31:24.001, 2 %, 3 %, 802 MiB, 375 MHz, 22.96 W
2026/08/19 15:31:25.003, 2 %, 6 %, 797 MiB, 307 MHz, 22.88 W
2026/08/19 15:31:26.005, 2 %, 10 %, 797 MiB, 225 MHz, 23.01 W
2026/08/19 15:31:27.007, 2 %, 8 %, 797 MiB, 180 MHz, 22.76 W
2026/08/19 15:31:28.009, 2 %, 1 %, 1756 MiB, 187 MHz, 33.56 W
2026/08/19 15:31:29.011, 0 %, 0 %, 7175 MiB, 2655 MHz, 58.45 W
2026/08/19 15:31:30.012, 14 %, 2 %, 7175 MiB, 2700 MHz, 59.60 W
2026/08/19 15:31:31.013, 0 %, 0 %, 7309 MiB, 2655 MHz, 56.74 W
2026/08/19 15:31:32.014, 0 %, 0 %, 7309 MiB, 2640 MHz, 56.58 W
2026/08/19 15:31:33.016, 0 %, 0 %, 11899 MiB, 2775 MHz, 85.15 W
2026/08/19 15:31:34.017, 0 %, 0 %, 15218 MiB, 2865 MHz, 88.83 W
2026/08/19 15:31:35.018, 0 %, 0 %, 15218 MiB, 2872 MHz, 58.79 W
2026/08/19 15:31:36.019, 0 %, 0 %, 15218 MiB, 637 MHz, 35.51 W
2026/08/19 15:31:37.021, 1 %, 0 %, 15218 MiB, 390 MHz, 35.49 W
2026/08/19 15:31:38.022, 1 %, 0 %, 15098 MiB, 270 MHz, 47.50 W
2026/08/19 15:31:39.024, 40 %, 27 %, 15234 MiB, 2857 MHz, 188.87 W
2026/08/19 15:31:40.025, 24 %, 21 %, 15401 MiB, 2865 MHz, 122.09 W
2026/08/19 15:31:41.026, 42 %, 33 %, 15854 MiB, 2850 MHz, 158.35 W
2026/08/19 15:31:42.028, 0 %, 0 %, 15857 MiB, 2872 MHz, 68.06 W
2026/08/19 15:31:43.029, 1 %, 0 %, 15856 MiB, 922 MHz, 49.14 W
2026/08/19 15:31:44.031, 0 %, 0 %, 15856 MiB, 592 MHz, 35.68 W
2026/08/19 15:31:45.033, 0 %, 0 %, 15856 MiB, 375 MHz, 35.70 W
2026/08/19 15:31:46.035, 1 %, 0 %, 15856 MiB, 247 MHz, 35.66 W
2026/08/19 15:31:47.036, 2 %, 0 %, 15859 MiB, 225 MHz, 36.22 W
2026/08/19 15:31:48.037, 1 %, 2 %, 15859 MiB, 180 MHz, 32.77 W
2026/08/19 15:31:49.039, 2 %, 2 %, 15859 MiB, 405 MHz, 26.84 W
2026/08/19 15:31:50.041, 2 %, 7 %, 15859 MiB, 472 MHz, 23.47 W
2026/08/19 15:31:51.043, 3 %, 21 %, 15859 MiB, 870 MHz, 25.51 W
2026/08/19 15:31:52.045, 26 %, 26 %, 15882 MiB, 682 MHz, 29.21 W
2026/08/19 15:31:55.344, 2 %, 0 %, 15881 MiB, 2662 MHz, 58.30 W
2026/08/19 15:31:56.345, 59 %, 34 %, 15873 MiB, 2655 MHz, 80.69 W
2026/08/19 15:31:57.347, 98 %, 83 %, 15862 MiB, 2857 MHz, 240.02 W
2026/08/19 15:31:58.348, 98 %, 83 %, 15867 MiB, 2857 MHz, 240.97 W
2026/08/19 15:31:59.349, 99 %, 39 %, 15844 MiB, 2857 MHz, 152.39 W
2026/08/19 15:32:00.351, 99 %, 40 %, 15854 MiB, 2857 MHz, 150.79 W
2026/08/19 15:32:01.352, 99 %, 40 %, 15817 MiB, 2857 MHz, 151.34 W
2026/08/19 15:32:02.353, 99 %, 40 %, 15803 MiB, 2857 MHz, 151.85 W
2026/08/19 15:32:03.355, 99 %, 40 %, 15823 MiB, 2857 MHz, 152.74 W
2026/08/19 15:32:04.356, 99 %, 40 %, 15823 MiB, 2857 MHz, 155.62 W
2026/08/19 15:32:05.357, 99 %, 40 %, 15822 MiB, 2857 MHz, 154.46 W
2026/08/19 15:32:06.358, 99 %, 41 %, 15822 MiB, 2857 MHz, 155.07 W
2026/08/19 15:32:07.359, 99 %, 40 %, 15792 MiB, 2857 MHz, 154.47 W
2026/08/19 15:32:08.361, 97 %, 83 %, 15826 MiB, 2857 MHz, 216.34 W
2026/08/19 15:32:09.362, 98 %, 83 %, 15827 MiB, 2857 MHz, 244.85 W
2026/08/19 15:32:10.363, 98 %, 85 %, 15823 MiB, 2857 MHz, 245.31 W
2026/08/19 15:32:11.364, 98 %, 85 %, 15823 MiB, 2857 MHz, 247.78 W
2026/08/19 15:32:12.366, 98 %, 85 %, 15823 MiB, 2857 MHz, 248.44 W
2026/08/19 15:32:13.367, 98 %, 85 %, 15823 MiB, 2857 MHz, 248.49 W
2026/08/19 15:32:14.368, 98 %, 85 %, 15798 MiB, 2857 MHz, 247.06 W
2026/08/19 15:32:15.369, 98 %, 85 %, 15798 MiB, 2857 MHz, 248.51 W
2026/08/19 15:32:16.371, 98 %, 85 %, 15798 MiB, 2857 MHz, 248.64 W
2026/08/19 15:32:17.372, 98 %, 83 %, 15836 MiB, 2857 MHz, 248.08 W
2026/08/19 15:32:18.373, 98 %, 83 %, 15837 MiB, 2857 MHz, 245.61 W
2026/08/19 15:32:19.374, 98 %, 85 %, 15837 MiB, 2842 MHz, 248.11 W
2026/08/19 15:32:20.375, 98 %, 84 %, 15837 MiB, 2842 MHz, 249.46 W
2026/08/19 15:32:21.376, 98 %, 85 %, 15837 MiB, 2842 MHz, 248.03 W
2026/08/19 15:32:22.377, 98 %, 85 %, 15838 MiB, 2842 MHz, 245.20 W
2026/08/19 15:32:23.378, 98 %, 85 %, 15838 MiB, 2842 MHz, 248.33 W
2026/08/19 15:32:24.379, 98 %, 85 %, 15838 MiB, 2842 MHz, 248.47 W
2026/08/19 15:32:25.380, 98 %, 85 %, 15815 MiB, 2842 MHz, 251.36 W
2026/08/19 15:32:26.382, 95 %, 66 %, 15817 MiB, 2842 MHz, 252.60 W
2026/08/19 15:32:29.627, 98 %, 85 %, 15826 MiB, 2842 MHz, 248.93 W
2026/08/19 15:32:30.629, 98 %, 84 %, 15824 MiB, 2842 MHz, 249.45 W
2026/08/19 15:32:31.630, 98 %, 85 %, 15823 MiB, 2842 MHz, 251.45 W
2026/08/19 15:32:32.631, 95 %, 71 %, 15822 MiB, 2842 MHz, 249.59 W
2026/08/19 15:32:33.632, 98 %, 84 %, 15822 MiB, 2842 MHz, 252.78 W
2026/08/19 15:32:34.634, 98 %, 85 %, 15822 MiB, 2842 MHz, 249.75 W
2026/08/19 15:32:35.635, 98 %, 85 %, 15828 MiB, 2842 MHz, 250.18 W
2026/08/19 15:32:36.636, 98 %, 83 %, 15831 MiB, 2842 MHz, 250.97 W
2026/08/19 15:32:37.637, 98 %, 83 %, 15831 MiB, 2842 MHz, 252.89 W
2026/08/19 15:32:38.638, 98 %, 84 %, 15828 MiB, 2842 MHz, 250.67 W
2026/08/19 15:32:39.639, 98 %, 85 %, 15828 MiB, 2842 MHz, 252.94 W
2026/08/19 15:32:40.641, 98 %, 85 %, 15828 MiB, 2842 MHz, 253.11 W
2026/08/19 15:32:41.642, 98 %, 85 %, 15828 MiB, 2842 MHz, 254.38 W
2026/08/19 15:32:42.643, 98 %, 85 %, 15829 MiB, 2842 MHz, 251.14 W
2026/08/19 15:32:43.644, 98 %, 85 %, 15827 MiB, 2842 MHz, 253.62 W
2026/08/19 15:32:44.645, 98 %, 84 %, 15829 MiB, 2842 MHz, 251.87 W
2026/08/19 15:32:45.646, 98 %, 84 %, 15825 MiB, 2842 MHz, 254.79 W
2026/08/19 15:32:46.648, 98 %, 85 %, 15813 MiB, 2842 MHz, 252.69 W
2026/08/19 15:32:47.649, 98 %, 85 %, 15823 MiB, 2842 MHz, 253.51 W
2026/08/19 15:32:48.650, 98 %, 85 %, 15823 MiB, 2842 MHz, 253.97 W
2026/08/19 15:32:49.652, 98 %, 85 %, 15823 MiB, 2842 MHz, 254.68 W
2026/08/19 15:32:50.653, 98 %, 85 %, 15823 MiB, 2842 MHz, 254.34 W
2026/08/19 15:32:51.654, 98 %, 85 %, 15819 MiB, 2842 MHz, 254.49 W
2026/08/19 15:32:52.655, 97 %, 83 %, 15819 MiB, 2842 MHz, 253.39 W
2026/08/19 15:32:53.656, 98 %, 84 %, 15843 MiB, 2842 MHz, 252.84 W
2026/08/19 15:32:54.658, 98 %, 86 %, 15843 MiB, 2842 MHz, 256.50 W
2026/08/19 15:32:55.659, 98 %, 85 %, 15846 MiB, 2842 MHz, 256.64 W
2026/08/19 15:32:56.661, 98 %, 85 %, 15846 MiB, 2842 MHz, 255.45 W
2026/08/19 15:32:57.662, 95 %, 66 %, 15836 MiB, 2842 MHz, 255.96 W
2026/08/19 15:32:58.663, 98 %, 85 %, 15832 MiB, 2842 MHz, 254.95 W
2026/08/19 15:32:59.664, 98 %, 85 %, 15832 MiB, 2842 MHz, 254.68 W
2026/08/19 15:33:00.665, 98 %, 85 %, 15830 MiB, 2842 MHz, 255.03 W
2026/08/19 15:33:03.949, 98 %, 85 %, 15829 MiB, 2842 MHz, 255.07 W
2026/08/19 15:33:04.950, 98 %, 85 %, 15829 MiB, 2842 MHz, 255.90 W
2026/08/19 15:33:05.951, 98 %, 85 %, 15834 MiB, 2842 MHz, 254.72 W
2026/08/19 15:33:06.952, 98 %, 85 %, 15831 MiB, 2842 MHz, 254.97 W
2026/08/19 15:33:07.953, 98 %, 85 %, 15831 MiB, 2842 MHz, 255.14 W
2026/08/19 15:33:08.954, 98 %, 85 %, 15831 MiB, 2842 MHz, 256.31 W
2026/08/19 15:33:09.955, 98 %, 85 %, 15831 MiB, 2842 MHz, 255.39 W
2026/08/19 15:33:10.956, 98 %, 85 %, 15827 MiB, 2842 MHz, 255.13 W
2026/08/19 15:33:11.957, 98 %, 85 %, 15827 MiB, 2842 MHz, 255.25 W
2026/08/19 15:33:12.958, 98 %, 84 %, 15827 MiB, 2835 MHz, 255.88 W
2026/08/19 15:33:13.959, 98 %, 84 %, 15827 MiB, 2842 MHz, 254.66 W
2026/08/19 15:33:14.960, 98 %, 85 %, 15827 MiB, 2842 MHz, 254.65 W
2026/08/19 15:33:15.961, 98 %, 85 %, 15831 MiB, 2842 MHz, 254.62 W
2026/08/19 15:33:16.962, 98 %, 85 %, 15831 MiB, 2842 MHz, 256.30 W
2026/08/19 15:33:17.963, 98 %, 84 %, 15841 MiB, 2842 MHz, 254.96 W
2026/08/19 15:33:18.964, 98 %, 85 %, 15841 MiB, 2842 MHz, 255.07 W
2026/08/19 15:33:19.966, 98 %, 85 %, 15841 MiB, 2842 MHz, 255.44 W
2026/08/19 15:33:20.967, 98 %, 85 %, 15841 MiB, 2842 MHz, 256.35 W
2026/08/19 15:33:21.968, 98 %, 85 %, 15841 MiB, 2842 MHz, 255.32 W
2026/08/19 15:33:22.969, 98 %, 85 %, 15820 MiB, 2842 MHz, 255.64 W
2026/08/19 15:33:23.970, 98 %, 85 %, 15820 MiB, 2842 MHz, 255.47 W
2026/08/19 15:33:24.971, 98 %, 85 %, 15820 MiB, 2842 MHz, 256.74 W
2026/08/19 15:33:25.972, 98 %, 85 %, 15820 MiB, 2842 MHz, 255.68 W
2026/08/19 15:33:26.973, 98 %, 85 %, 15820 MiB, 2842 MHz, 255.87 W
2026/08/19 15:33:27.975, 98 %, 85 %, 15820 MiB, 2842 MHz, 255.64 W
2026/08/19 15:33:28.976, 98 %, 85 %, 15820 MiB, 2842 MHz, 256.78 W
2026/08/19 15:33:29.977, 98 %, 85 %, 15820 MiB, 2842 MHz, 255.16 W
2026/08/19 15:33:30.978, 98 %, 85 %, 15844 MiB, 2842 MHz, 253.16 W
2026/08/19 15:33:31.979, 98 %, 85 %, 15850 MiB, 2842 MHz, 254.24 W
2026/08/19 15:33:32.981, 95 %, 66 %, 15849 MiB, 2842 MHz, 256.22 W
2026/08/19 15:33:33.982, 98 %, 84 %, 15849 MiB, 2842 MHz, 255.58 W
2026/08/19 15:33:34.983, 98 %, 85 %, 15847 MiB, 2842 MHz, 255.75 W
2026/08/19 15:33:38.234, 98 %, 85 %, 15841 MiB, 2842 MHz, 255.85 W
2026/08/19 15:33:39.235, 98 %, 85 %, 15833 MiB, 2842 MHz, 256.11 W
2026/08/19 15:33:40.236, 98 %, 85 %, 15833 MiB, 2842 MHz, 256.62 W
2026/08/19 15:33:41.237, 98 %, 85 %, 15833 MiB, 2842 MHz, 255.58 W
2026/08/19 15:33:42.238, 98 %, 85 %, 15842 MiB, 2842 MHz, 253.65 W
2026/08/19 15:33:43.239, 98 %, 85 %, 15845 MiB, 2842 MHz, 255.18 W
2026/08/19 15:33:44.241, 98 %, 85 %, 15845 MiB, 2842 MHz, 256.63 W
2026/08/19 15:33:45.242, 98 %, 85 %, 15845 MiB, 2842 MHz, 255.56 W
2026/08/19 15:33:46.243, 98 %, 85 %, 15845 MiB, 2842 MHz, 255.90 W
2026/08/19 15:33:47.244, 98 %, 85 %, 15843 MiB, 2842 MHz, 255.88 W
2026/08/19 15:33:48.245, 98 %, 84 %, 15837 MiB, 2835 MHz, 256.44 W
2026/08/19 15:33:49.247, 98 %, 84 %, 15837 MiB, 2842 MHz, 255.38 W
2026/08/19 15:33:50.248, 98 %, 85 %, 15846 MiB, 2842 MHz, 255.35 W
2026/08/19 15:33:51.249, 98 %, 85 %, 15846 MiB, 2842 MHz, 254.68 W
2026/08/19 15:33:52.250, 98 %, 85 %, 15832 MiB, 2842 MHz, 254.74 W
2026/08/19 15:33:53.251, 98 %, 85 %, 15832 MiB, 2842 MHz, 256.01 W
2026/08/19 15:33:54.253, 98 %, 84 %, 15827 MiB, 2842 MHz, 255.00 W
2026/08/19 15:33:55.254, 98 %, 85 %, 15854 MiB, 2842 MHz, 251.49 W
2026/08/19 15:33:56.255, 98 %, 85 %, 15852 MiB, 2842 MHz, 257.28 W
2026/08/19 15:33:57.257, 98 %, 85 %, 15852 MiB, 2842 MHz, 255.58 W
2026/08/19 15:33:58.258, 97 %, 82 %, 15833 MiB, 2842 MHz, 254.46 W
2026/08/19 15:33:59.260, 98 %, 85 %, 15841 MiB, 2842 MHz, 255.83 W
2026/08/19 15:34:00.261, 98 %, 85 %, 15841 MiB, 2842 MHz, 257.47 W
2026/08/19 15:34:01.263, 98 %, 84 %, 15819 MiB, 2842 MHz, 252.66 W
2026/08/19 15:34:02.264, 98 %, 84 %, 15820 MiB, 2842 MHz, 251.41 W
2026/08/19 15:34:03.265, 98 %, 85 %, 15806 MiB, 2842 MHz, 254.33 W
2026/08/19 15:34:04.267, 95 %, 67 %, 15849 MiB, 2842 MHz, 255.46 W
2026/08/19 15:34:05.268, 98 %, 85 %, 15853 MiB, 2842 MHz, 254.22 W
2026/08/19 15:34:06.269, 98 %, 85 %, 15853 MiB, 2842 MHz, 255.91 W
2026/08/19 15:34:07.270, 98 %, 85 %, 15853 MiB, 2842 MHz, 255.75 W
2026/08/19 15:34:08.271, 98 %, 85 %, 15853 MiB, 2842 MHz, 255.87 W
2026/08/19 15:34:09.273, 98 %, 85 %, 15853 MiB, 2842 MHz, 256.71 W
2026/08/19 15:34:10.274, 98 %, 85 %, 15853 MiB, 2842 MHz, 255.44 W
2026/08/19 15:34:13.671, 98 %, 85 %, 15853 MiB, 2842 MHz, 255.33 W
2026/08/19 15:34:14.672, 97 %, 83 %, 15817 MiB, 2842 MHz, 249.43 W
2026/08/19 15:34:15.673, 98 %, 85 %, 15815 MiB, 2842 MHz, 253.89 W
2026/08/19 15:34:16.675, 98 %, 83 %, 15825 MiB, 2842 MHz, 252.01 W
2026/08/19 15:34:17.676, 98 %, 83 %, 15825 MiB, 2842 MHz, 249.55 W
2026/08/19 15:34:18.677, 98 %, 84 %, 15853 MiB, 2842 MHz, 251.79 W
2026/08/19 15:34:19.678, 98 %, 83 %, 15841 MiB, 2842 MHz, 254.37 W
2026/08/19 15:34:20.679, 98 %, 85 %, 15846 MiB, 2842 MHz, 253.73 W
2026/08/19 15:34:21.681, 98 %, 85 %, 15842 MiB, 2842 MHz, 255.03 W
2026/08/19 15:34:22.683, 98 %, 85 %, 15842 MiB, 2842 MHz, 255.98 W
2026/08/19 15:34:23.683, 95 %, 66 %, 15839 MiB, 2842 MHz, 257.22 W
2026/08/19 15:34:24.685, 98 %, 84 %, 15832 MiB, 2842 MHz, 254.82 W
2026/08/19 15:34:25.686, 98 %, 85 %, 15825 MiB, 2842 MHz, 255.92 W
2026/08/19 15:34:26.688, 98 %, 84 %, 15828 MiB, 2842 MHz, 253.28 W
2026/08/19 15:34:27.689, 98 %, 84 %, 15828 MiB, 2842 MHz, 256.93 W
2026/08/19 15:34:28.690, 98 %, 84 %, 15827 MiB, 2842 MHz, 255.47 W
2026/08/19 15:34:29.690, 98 %, 84 %, 15819 MiB, 2842 MHz, 253.88 W
2026/08/19 15:34:30.691, 98 %, 85 %, 15819 MiB, 2842 MHz, 255.27 W
2026/08/19 15:34:31.692, 95 %, 67 %, 15819 MiB, 2842 MHz, 256.93 W
2026/08/19 15:34:32.694, 98 %, 83 %, 15839 MiB, 2842 MHz, 252.48 W
2026/08/19 15:34:33.695, 98 %, 85 %, 15850 MiB, 2842 MHz, 253.71 W
2026/08/19 15:34:34.696, 98 %, 83 %, 15849 MiB, 2842 MHz, 254.65 W
2026/08/19 15:34:35.697, 98 %, 83 %, 15849 MiB, 2842 MHz, 251.53 W
2026/08/19 15:34:36.698, 98 %, 83 %, 15850 MiB, 2842 MHz, 253.49 W
2026/08/19 15:34:37.699, 98 %, 83 %, 15870 MiB, 2842 MHz, 252.55 W
2026/08/19 15:34:38.700, 98 %, 84 %, 15864 MiB, 2842 MHz, 253.58 W
2026/08/19 15:34:39.702, 98 %, 84 %, 15862 MiB, 2842 MHz, 253.32 W
2026/08/19 15:34:40.703, 98 %, 84 %, 15857 MiB, 2842 MHz, 255.26 W
2026/08/19 15:34:41.704, 98 %, 83 %, 15840 MiB, 2842 MHz, 254.83 W
2026/08/19 15:34:42.706, 98 %, 85 %, 15829 MiB, 2842 MHz, 254.70 W
2026/08/19 15:34:43.707, 98 %, 85 %, 15829 MiB, 2842 MHz, 255.86 W
2026/08/19 15:34:44.708, 98 %, 84 %, 15829 MiB, 2835 MHz, 256.98 W
2026/08/19 15:34:48.102, 98 %, 85 %, 15829 MiB, 2842 MHz, 256.05 W
2026/08/19 15:34:49.103, 98 %, 84 %, 15804 MiB, 2842 MHz, 254.93 W
2026/08/19 15:34:50.104, 98 %, 85 %, 15820 MiB, 2842 MHz, 252.80 W
2026/08/19 15:34:51.105, 98 %, 84 %, 15820 MiB, 2835 MHz, 256.15 W
2026/08/19 15:34:52.106, 98 %, 84 %, 15820 MiB, 2842 MHz, 253.08 W
2026/08/19 15:34:53.107, 98 %, 84 %, 15816 MiB, 2842 MHz, 255.34 W
2026/08/19 15:34:54.108, 98 %, 85 %, 15816 MiB, 2842 MHz, 255.79 W
2026/08/19 15:34:55.109, 95 %, 66 %, 15796 MiB, 2842 MHz, 256.61 W
2026/08/19 15:34:56.110, 98 %, 84 %, 15792 MiB, 2842 MHz, 254.52 W
2026/08/19 15:34:57.111, 98 %, 85 %, 15792 MiB, 2842 MHz, 255.49 W
2026/08/19 15:34:58.112, 98 %, 85 %, 15792 MiB, 2842 MHz, 255.25 W
2026/08/19 15:34:59.113, 95 %, 67 %, 15792 MiB, 2842 MHz, 255.54 W
2026/08/19 15:35:00.115, 97 %, 82 %, 15798 MiB, 2842 MHz, 253.41 W
2026/08/19 15:35:01.116, 98 %, 85 %, 15821 MiB, 2842 MHz, 253.76 W
2026/08/19 15:35:02.118, 98 %, 84 %, 15824 MiB, 2842 MHz, 251.56 W
2026/08/19 15:35:03.119, 98 %, 84 %, 15824 MiB, 2842 MHz, 253.68 W
2026/08/19 15:35:04.120, 98 %, 84 %, 15822 MiB, 2842 MHz, 254.64 W
2026/08/19 15:35:05.121, 98 %, 84 %, 15805 MiB, 2842 MHz, 253.32 W
2026/08/19 15:35:06.122, 98 %, 83 %, 15797 MiB, 2842 MHz, 253.62 W
2026/08/19 15:35:07.123, 98 %, 84 %, 15846 MiB, 2842 MHz, 253.17 W
2026/08/19 15:35:08.124, 98 %, 85 %, 15835 MiB, 2842 MHz, 255.76 W
2026/08/19 15:35:09.126, 98 %, 85 %, 15836 MiB, 2842 MHz, 255.23 W
2026/08/19 15:35:10.127, 98 %, 85 %, 15822 MiB, 2842 MHz, 255.71 W
2026/08/19 15:35:11.128, 98 %, 85 %, 15820 MiB, 2842 MHz, 255.65 W
2026/08/19 15:35:12.129, 98 %, 84 %, 15804 MiB, 2842 MHz, 256.42 W
2026/08/19 15:35:13.131, 98 %, 85 %, 15787 MiB, 2842 MHz, 255.82 W
2026/08/19 15:35:14.132, 98 %, 85 %, 15771 MiB, 2842 MHz, 255.49 W
2026/08/19 15:35:15.134, 98 %, 85 %, 15765 MiB, 2842 MHz, 256.08 W
2026/08/19 15:35:16.135, 98 %, 84 %, 15765 MiB, 2842 MHz, 256.57 W
2026/08/19 15:35:17.136, 98 %, 85 %, 15765 MiB, 2842 MHz, 255.49 W
2026/08/19 15:35:18.137, 98 %, 85 %, 15765 MiB, 2842 MHz, 255.72 W
2026/08/19 15:35:19.139, 98 %, 85 %, 15765 MiB, 2842 MHz, 255.40 W
2026/08/19 15:35:22.595, 98 %, 84 %, 15765 MiB, 2842 MHz, 257.27 W
2026/08/19 15:35:23.596, 98 %, 85 %, 15765 MiB, 2842 MHz, 255.72 W
2026/08/19 15:35:24.597, 98 %, 85 %, 15765 MiB, 2842 MHz, 255.66 W
2026/08/19 15:35:25.598, 98 %, 85 %, 15765 MiB, 2842 MHz, 256.13 W
2026/08/19 15:35:26.600, 95 %, 66 %, 15765 MiB, 2842 MHz, 257.16 W
2026/08/19 15:35:27.601, 98 %, 85 %, 15765 MiB, 2842 MHz, 256.91 W
2026/08/19 15:35:28.602, 98 %, 85 %, 15765 MiB, 2842 MHz, 255.66 W
2026/08/19 15:35:29.604, 98 %, 84 %, 15765 MiB, 2842 MHz, 255.37 W
2026/08/19 15:35:30.605, 98 %, 85 %, 15765 MiB, 2842 MHz, 255.74 W
2026/08/19 15:35:31.606, 98 %, 85 %, 15765 MiB, 2842 MHz, 256.74 W
2026/08/19 15:35:32.607, 98 %, 84 %, 15765 MiB, 2842 MHz, 255.63 W
2026/08/19 15:35:33.608, 98 %, 85 %, 15773 MiB, 2842 MHz, 255.78 W
2026/08/19 15:35:34.609, 98 %, 85 %, 15773 MiB, 2842 MHz, 255.77 W
2026/08/19 15:35:35.611, 98 %, 85 %, 15772 MiB, 2842 MHz, 256.91 W
2026/08/19 15:35:36.612, 98 %, 84 %, 15792 MiB, 2842 MHz, 253.71 W
2026/08/19 15:35:37.613, 98 %, 85 %, 15803 MiB, 2842 MHz, 253.70 W
2026/08/19 15:35:38.614, 98 %, 85 %, 15803 MiB, 2842 MHz, 256.42 W
2026/08/19 15:35:39.615, 98 %, 85 %, 15800 MiB, 2835 MHz, 256.98 W
2026/08/19 15:35:40.616, 98 %, 84 %, 15800 MiB, 2842 MHz, 255.84 W
2026/08/19 15:35:41.617, 98 %, 84 %, 15799 MiB, 2842 MHz, 256.08 W
2026/08/19 15:35:42.619, 98 %, 85 %, 15780 MiB, 2842 MHz, 255.63 W
2026/08/19 15:35:43.620, 98 %, 84 %, 15771 MiB, 2835 MHz, 257.11 W
2026/08/19 15:35:44.621, 98 %, 83 %, 15794 MiB, 2842 MHz, 252.23 W
2026/08/19 15:35:45.622, 98 %, 83 %, 15799 MiB, 2842 MHz, 250.94 W
2026/08/19 15:35:46.623, 98 %, 84 %, 15794 MiB, 2842 MHz, 253.45 W
2026/08/19 15:35:47.624, 98 %, 84 %, 15857 MiB, 2835 MHz, 254.62 W
2026/08/19 15:35:48.626, 98 %, 85 %, 15856 MiB, 2842 MHz, 255.65 W
2026/08/19 15:35:49.627, 98 %, 85 %, 15839 MiB, 2842 MHz, 255.25 W
2026/08/19 15:35:50.628, 98 %, 85 %, 15836 MiB, 2842 MHz, 255.67 W
2026/08/19 15:35:51.629, 98 %, 84 %, 15836 MiB, 2835 MHz, 257.61 W
2026/08/19 15:35:52.630, 98 %, 85 %, 15836 MiB, 2842 MHz, 255.98 W
2026/08/19 15:35:53.632, 98 %, 85 %, 15836 MiB, 2842 MHz, 256.10 W
2026/08/19 15:35:54.633, 98 %, 85 %, 15836 MiB, 2842 MHz, 256.12 W
2026/08/19 15:35:55.634, 95 %, 66 %, 15836 MiB, 2842 MHz, 257.36 W
2026/08/19 15:35:56.635, 98 %, 85 %, 15836 MiB, 2842 MHz, 256.46 W
2026/08/19 15:35:57.636, 98 %, 83 %, 15752 MiB, 2842 MHz, 255.51 W
2026/08/19 15:35:58.637, 98 %, 83 %, 15820 MiB, 2842 MHz, 255.01 W
2026/08/19 15:35:59.639, 98 %, 85 %, 15821 MiB, 2842 MHz, 255.08 W
2026/08/19 15:36:00.640, 98 %, 85 %, 15820 MiB, 2842 MHz, 256.99 W
2026/08/19 15:36:01.641, 98 %, 85 %, 15827 MiB, 2842 MHz, 254.40 W
2026/08/19 15:36:02.642, 98 %, 83 %, 15849 MiB, 2842 MHz, 252.58 W
2026/08/19 15:36:03.671, 98 %, 83 %, 15860 MiB, 2842 MHz, 253.62 W
2026/08/19 15:36:04.701, 98 %, 84 %, 15855 MiB, 2842 MHz, 254.21 W
2026/08/19 15:36:05.731, 98 %, 84 %, 15854 MiB, 2842 MHz, 255.62 W
2026/08/19 15:36:06.761, 98 %, 84 %, 15816 MiB, 2842 MHz, 252.90 W
2026/08/19 15:36:07.791, 98 %, 84 %, 15808 MiB, 2842 MHz, 253.46 W
2026/08/19 15:36:08.821, 98 %, 84 %, 15802 MiB, 2842 MHz, 254.46 W
2026/08/19 15:36:12.160, 98 %, 84 %, 15801 MiB, 2842 MHz, 256.71 W
2026/08/19 15:36:13.170, 98 %, 84 %, 15771 MiB, 2842 MHz, 256.06 W
2026/08/19 15:36:14.256, 98 %, 85 %, 15771 MiB, 2842 MHz, 256.41 W
2026/08/19 15:36:15.341, 98 %, 85 %, 15771 MiB, 2842 MHz, 255.90 W
2026/08/19 15:36:16.425, 98 %, 85 %, 15771 MiB, 2842 MHz, 256.95 W
2026/08/19 15:36:17.510, 98 %, 84 %, 15781 MiB, 2842 MHz, 253.19 W
2026/08/19 15:36:18.595, 98 %, 85 %, 15782 MiB, 2842 MHz, 253.35 W
2026/08/19 15:36:19.680, 98 %, 85 %, 15782 MiB, 2842 MHz, 256.09 W
2026/08/19 15:36:20.766, 95 %, 82 %, 15774 MiB, 2842 MHz, 257.76 W
2026/08/19 15:36:21.781, 98 %, 84 %, 15775 MiB, 2842 MHz, 255.31 W
2026/08/19 15:36:22.783, 98 %, 85 %, 15775 MiB, 2842 MHz, 255.38 W
2026/08/19 15:36:23.784, 98 %, 83 %, 15775 MiB, 2842 MHz, 251.49 W
2026/08/19 15:36:24.785, 98 %, 85 %, 15775 MiB, 2842 MHz, 255.71 W
2026/08/19 15:36:25.787, 98 %, 84 %, 15775 MiB, 2842 MHz, 257.50 W
2026/08/19 15:36:26.788, 98 %, 85 %, 15775 MiB, 2842 MHz, 256.07 W
2026/08/19 15:36:27.789, 98 %, 85 %, 15775 MiB, 2842 MHz, 256.13 W
2026/08/19 15:36:28.791, 98 %, 85 %, 15775 MiB, 2842 MHz, 256.04 W
2026/08/19 15:36:29.792, 98 %, 84 %, 15775 MiB, 2842 MHz, 256.87 W
2026/08/19 15:36:30.793, 98 %, 85 %, 15777 MiB, 2842 MHz, 255.73 W
2026/08/19 15:36:31.794, 98 %, 85 %, 15777 MiB, 2842 MHz, 255.51 W
2026/08/19 15:36:32.795, 98 %, 85 %, 15777 MiB, 2842 MHz, 255.67 W
2026/08/19 15:36:33.796, 98 %, 83 %, 15778 MiB, 2842 MHz, 256.13 W
2026/08/19 15:36:34.798, 98 %, 83 %, 15778 MiB, 2842 MHz, 252.23 W
2026/08/19 15:36:35.799, 98 %, 85 %, 15778 MiB, 2842 MHz, 256.27 W
2026/08/19 15:36:36.800, 98 %, 85 %, 15778 MiB, 2842 MHz, 256.51 W
2026/08/19 15:36:37.802, 98 %, 85 %, 15777 MiB, 2835 MHz, 257.23 W
2026/08/19 15:36:38.803, 98 %, 85 %, 15777 MiB, 2842 MHz, 255.98 W
2026/08/19 15:36:39.804, 98 %, 85 %, 15777 MiB, 2842 MHz, 256.18 W
2026/08/19 15:36:40.805, 98 %, 85 %, 15777 MiB, 2842 MHz, 256.17 W
2026/08/19 15:36:41.806, 98 %, 85 %, 15777 MiB, 2835 MHz, 256.85 W
2026/08/19 15:36:42.807, 98 %, 84 %, 15777 MiB, 2842 MHz, 255.98 W
2026/08/19 15:36:43.808, 98 %, 85 %, 15777 MiB, 2842 MHz, 255.73 W
2026/08/19 15:36:46.240, 98 %, 85 %, 15777 MiB, 2842 MHz, 256.03 W
2026/08/19 15:36:47.241, 98 %, 85 %, 15777 MiB, 2842 MHz, 257.13 W
2026/08/19 15:36:48.243, 98 %, 85 %, 15777 MiB, 2842 MHz, 255.91 W
2026/08/19 15:36:49.244, 98 %, 85 %, 15777 MiB, 2842 MHz, 256.17 W
2026/08/19 15:36:50.245, 98 %, 85 %, 15777 MiB, 2842 MHz, 256.26 W
2026/08/19 15:36:51.247, 98 %, 84 %, 15777 MiB, 2842 MHz, 257.38 W
2026/08/19 15:36:52.248, 98 %, 85 %, 15777 MiB, 2842 MHz, 255.62 W
2026/08/19 15:36:53.249, 98 %, 85 %, 15777 MiB, 2842 MHz, 255.62 W
2026/08/19 15:36:54.250, 98 %, 85 %, 15777 MiB, 2842 MHz, 255.80 W
2026/08/19 15:36:55.252, 98 %, 85 %, 15777 MiB, 2842 MHz, 255.56 W
2026/08/19 15:36:56.253, 98 %, 85 %, 15777 MiB, 2842 MHz, 255.93 W
2026/08/19 15:36:57.254, 98 %, 85 %, 15777 MiB, 2842 MHz, 256.11 W
2026/08/19 15:36:58.255, 98 %, 85 %, 15777 MiB, 2842 MHz, 255.80 W
2026/08/19 15:36:59.257, 98 %, 85 %, 15777 MiB, 2842 MHz, 255.71 W
2026/08/19 15:37:00.258, 98 %, 84 %, 15777 MiB, 2842 MHz, 256.52 W
2026/08/19 15:37:01.259, 98 %, 84 %, 15777 MiB, 2842 MHz, 255.38 W
2026/08/19 15:37:02.261, 98 %, 85 %, 15777 MiB, 2842 MHz, 255.73 W
2026/08/19 15:37:03.262, 98 %, 85 %, 15777 MiB, 2842 MHz, 255.87 W
2026/08/19 15:37:04.263, 98 %, 85 %, 15777 MiB, 2842 MHz, 257.21 W
2026/08/19 15:37:05.265, 98 %, 85 %, 15777 MiB, 2842 MHz, 256.60 W
2026/08/19 15:37:06.266, 98 %, 85 %, 15777 MiB, 2842 MHz, 256.14 W
2026/08/19 15:37:07.268, 98 %, 85 %, 15777 MiB, 2842 MHz, 256.42 W
2026/08/19 15:37:08.269, 98 %, 84 %, 15777 MiB, 2842 MHz, 257.41 W
2026/08/19 15:37:09.270, 98 %, 85 %, 15777 MiB, 2842 MHz, 256.10 W
2026/08/19 15:37:10.271, 98 %, 84 %, 15777 MiB, 2842 MHz, 256.09 W
2026/08/19 15:37:11.273, 98 %, 85 %, 15777 MiB, 2842 MHz, 255.96 W
2026/08/19 15:37:12.275, 98 %, 85 %, 15777 MiB, 2835 MHz, 257.41 W
2026/08/19 15:37:13.276, 98 %, 85 %, 15777 MiB, 2842 MHz, 256.60 W
2026/08/19 15:37:14.277, 98 %, 85 %, 15777 MiB, 2842 MHz, 256.47 W
2026/08/19 15:37:15.278, 98 %, 85 %, 15777 MiB, 2842 MHz, 256.65 W
2026/08/19 15:37:16.279, 98 %, 85 %, 15777 MiB, 2842 MHz, 257.52 W
2026/08/19 15:37:17.282, 98 %, 84 %, 15777 MiB, 2842 MHz, 256.16 W
2026/08/19 15:37:20.364, 98 %, 85 %, 15777 MiB, 2842 MHz, 256.31 W
2026/08/19 15:37:21.366, 98 %, 85 %, 15777 MiB, 2842 MHz, 256.40 W
2026/08/19 15:37:22.367, 98 %, 84 %, 15777 MiB, 2842 MHz, 257.71 W
2026/08/19 15:37:23.368, 98 %, 84 %, 15777 MiB, 2842 MHz, 255.95 W
2026/08/19 15:37:24.370, 98 %, 85 %, 15777 MiB, 2842 MHz, 255.94 W
2026/08/19 15:37:25.372, 98 %, 85 %, 15777 MiB, 2842 MHz, 255.94 W
2026/08/19 15:37:26.373, 95 %, 66 %, 15777 MiB, 2842 MHz, 257.20 W
2026/08/19 15:37:27.374, 98 %, 85 %, 15777 MiB, 2842 MHz, 256.34 W
2026/08/19 15:37:28.375, 98 %, 85 %, 15777 MiB, 2842 MHz, 256.12 W
2026/08/19 15:37:29.378, 98 %, 85 %, 15777 MiB, 2842 MHz, 256.02 W
2026/08/19 15:37:30.379, 95 %, 67 %, 15777 MiB, 2842 MHz, 257.03 W
2026/08/19 15:37:31.380, 98 %, 85 %, 15777 MiB, 2842 MHz, 256.24 W
2026/08/19 15:37:32.381, 98 %, 85 %, 15777 MiB, 2842 MHz, 256.21 W
2026/08/19 15:37:33.382, 98 %, 85 %, 15777 MiB, 2842 MHz, 256.01 W
2026/08/19 15:37:34.384, 98 %, 85 %, 15777 MiB, 2842 MHz, 255.90 W
2026/08/19 15:37:35.386, 98 %, 85 %, 15777 MiB, 2842 MHz, 256.89 W
2026/08/19 15:37:36.387, 98 %, 85 %, 15777 MiB, 2842 MHz, 255.95 W
2026/08/19 15:37:37.388, 98 %, 85 %, 15777 MiB, 2842 MHz, 255.97 W
2026/08/19 15:37:38.389, 98 %, 85 %, 15777 MiB, 2842 MHz, 256.11 W
2026/08/19 15:37:39.391, 98 %, 85 %, 15777 MiB, 2842 MHz, 257.00 W
2026/08/19 15:37:40.394, 98 %, 85 %, 15777 MiB, 2842 MHz, 256.18 W
2026/08/19 15:37:41.395, 98 %, 85 %, 15777 MiB, 2842 MHz, 255.95 W
2026/08/19 15:37:42.396, 98 %, 85 %, 15777 MiB, 2842 MHz, 256.22 W
2026/08/19 15:37:43.398, 98 %, 85 %, 15777 MiB, 2842 MHz, 257.01 W
2026/08/19 15:37:44.399, 98 %, 85 %, 15777 MiB, 2842 MHz, 256.09 W
2026/08/19 15:37:45.400, 98 %, 85 %, 15777 MiB, 2842 MHz, 256.14 W
2026/08/19 15:37:46.402, 98 %, 85 %, 15777 MiB, 2842 MHz, 256.42 W
2026/08/19 15:37:47.403, 98 %, 85 %, 15777 MiB, 2842 MHz, 257.32 W
2026/08/19 15:37:48.404, 98 %, 85 %, 15777 MiB, 2842 MHz, 256.14 W
2026/08/19 15:37:49.405, 98 %, 85 %, 15777 MiB, 2842 MHz, 255.77 W
2026/08/19 15:37:50.406, 98 %, 85 %, 15777 MiB, 2842 MHz, 256.09 W
2026/08/19 15:37:51.408, 98 %, 85 %, 15777 MiB, 2842 MHz, 256.97 W
2026/08/19 15:37:54.568, 98 %, 85 %, 15777 MiB, 2842 MHz, 256.34 W
2026/08/19 15:37:55.569, 98 %, 85 %, 15777 MiB, 2842 MHz, 256.13 W
2026/08/19 15:37:56.570, 98 %, 85 %, 15777 MiB, 2842 MHz, 255.98 W
2026/08/19 15:37:57.572, 95 %, 66 %, 15777 MiB, 2842 MHz, 257.43 W
2026/08/19 15:37:58.573, 98 %, 84 %, 15777 MiB, 2842 MHz, 255.55 W
2026/08/19 15:37:59.574, 98 %, 84 %, 15777 MiB, 2842 MHz, 255.57 W
2026/08/19 15:38:00.575, 98 %, 85 %, 15777 MiB, 2842 MHz, 255.82 W
2026/08/19 15:38:01.576, 95 %, 67 %, 15777 MiB, 2842 MHz, 257.18 W
2026/08/19 15:38:02.577, 98 %, 85 %, 15777 MiB, 2842 MHz, 256.37 W
2026/08/19 15:38:03.578, 98 %, 85 %, 15777 MiB, 2842 MHz, 256.18 W
2026/08/19 15:38:04.580, 98 %, 85 %, 15777 MiB, 2842 MHz, 256.31 W
2026/08/19 15:38:05.581, 95 %, 68 %, 15777 MiB, 2842 MHz, 257.48 W
2026/08/19 15:38:06.582, 98 %, 84 %, 15777 MiB, 2842 MHz, 256.31 W
2026/08/19 15:38:07.584, 98 %, 85 %, 15777 MiB, 2842 MHz, 255.84 W
2026/08/19 15:38:08.585, 98 %, 85 %, 15777 MiB, 2842 MHz, 255.76 W
2026/08/19 15:38:09.586, 98 %, 85 %, 15777 MiB, 2842 MHz, 255.95 W
2026/08/19 15:38:10.587, 98 %, 85 %, 15777 MiB, 2842 MHz, 257.25 W
2026/08/19 15:38:11.589, 98 %, 85 %, 15777 MiB, 2842 MHz, 256.56 W
2026/08/19 15:38:12.590, 98 %, 85 %, 15777 MiB, 2842 MHz, 256.51 W
2026/08/19 15:38:13.591, 98 %, 85 %, 15777 MiB, 2842 MHz, 256.61 W
2026/08/19 15:38:14.593, 98 %, 85 %, 15777 MiB, 2835 MHz, 257.42 W
2026/08/19 15:38:15.594, 98 %, 85 %, 15777 MiB, 2842 MHz, 255.88 W
2026/08/19 15:38:16.595, 98 %, 85 %, 15777 MiB, 2842 MHz, 256.40 W
2026/08/19 15:38:17.596, 98 %, 85 %, 15777 MiB, 2842 MHz, 256.14 W
2026/08/19 15:38:18.597, 98 %, 85 %, 15777 MiB, 2842 MHz, 257.79 W
2026/08/19 15:38:19.598, 98 %, 85 %, 15777 MiB, 2842 MHz, 256.31 W
2026/08/19 15:38:20.600, 98 %, 85 %, 15777 MiB, 2842 MHz, 256.48 W
2026/08/19 15:38:21.601, 98 %, 85 %, 15777 MiB, 2842 MHz, 256.18 W
2026/08/19 15:38:22.602, 98 %, 85 %, 15777 MiB, 2842 MHz, 256.87 W
2026/08/19 15:38:23.603, 98 %, 85 %, 15777 MiB, 2842 MHz, 255.96 W
2026/08/19 15:38:24.605, 98 %, 85 %, 15777 MiB, 2842 MHz, 255.87 W
2026/08/19 15:38:25.606, 98 %, 85 %, 15777 MiB, 2842 MHz, 256.11 W
2026/08/19 15:38:26.607, 95 %, 66 %, 15777 MiB, 2842 MHz, 257.07 W
2026/08/19 15:38:29.677, 98 %, 85 %, 15777 MiB, 2842 MHz, 256.50 W
2026/08/19 15:38:30.678, 98 %, 85 %, 15777 MiB, 2842 MHz, 256.28 W
2026/08/19 15:38:31.679, 98 %, 85 %, 15777 MiB, 2842 MHz, 256.14 W
2026/08/19 15:38:32.681, 98 %, 85 %, 15777 MiB, 2842 MHz, 255.44 W
2026/08/19 15:38:33.683, 98 %, 85 %, 15777 MiB, 2842 MHz, 258.12 W
2026/08/19 15:38:34.684, 98 %, 85 %, 15777 MiB, 2842 MHz, 255.88 W
2026/08/19 15:38:35.685, 98 %, 85 %, 15777 MiB, 2842 MHz, 256.20 W
2026/08/19 15:38:36.686, 98 %, 85 %, 15777 MiB, 2842 MHz, 256.06 W
2026/08/19 15:38:37.688, 98 %, 85 %, 15777 MiB, 2842 MHz, 257.72 W
2026/08/19 15:38:38.690, 98 %, 85 %, 15777 MiB, 2842 MHz, 256.15 W
2026/08/19 15:38:39.692, 98 %, 85 %, 15777 MiB, 2842 MHz, 255.78 W
2026/08/19 15:38:40.693, 98 %, 85 %, 15777 MiB, 2842 MHz, 255.88 W
2026/08/19 15:38:41.694, 98 %, 85 %, 15777 MiB, 2835 MHz, 257.08 W
2026/08/19 15:38:42.696, 98 %, 85 %, 15777 MiB, 2842 MHz, 256.11 W
2026/08/19 15:38:43.697, 98 %, 85 %, 15777 MiB, 2842 MHz, 255.93 W
2026/08/19 15:38:44.698, 98 %, 85 %, 15777 MiB, 2842 MHz, 256.31 W
2026/08/19 15:38:45.700, 98 %, 85 %, 15777 MiB, 2842 MHz, 257.00 W
2026/08/19 15:38:46.701, 98 %, 85 %, 15777 MiB, 2842 MHz, 255.85 W
2026/08/19 15:38:47.702, 98 %, 85 %, 15777 MiB, 2842 MHz, 256.02 W
2026/08/19 15:38:48.703, 98 %, 85 %, 15777 MiB, 2842 MHz, 256.51 W
2026/08/19 15:38:49.704, 98 %, 84 %, 15777 MiB, 2842 MHz, 257.44 W
2026/08/19 15:38:50.705, 98 %, 85 %, 15777 MiB, 2842 MHz, 256.10 W
2026/08/19 15:38:51.706, 98 %, 85 %, 15777 MiB, 2842 MHz, 256.30 W
2026/08/19 15:38:52.708, 98 %, 85 %, 15777 MiB, 2842 MHz, 256.21 W
2026/08/19 15:38:53.709, 95 %, 66 %, 15777 MiB, 2842 MHz, 257.67 W
2026/08/19 15:38:54.710, 98 %, 85 %, 15777 MiB, 2842 MHz, 255.99 W
2026/08/19 15:38:55.711, 98 %, 85 %, 15777 MiB, 2842 MHz, 256.04 W
2026/08/19 15:38:56.712, 98 %, 85 %, 15777 MiB, 2842 MHz, 256.18 W
2026/08/19 15:38:57.714, 98 %, 85 %, 15777 MiB, 2842 MHz, 256.73 W
2026/08/19 15:38:58.715, 98 %, 85 %, 15777 MiB, 2842 MHz, 256.66 W
2026/08/19 15:38:59.717, 98 %, 85 %, 15777 MiB, 2842 MHz, 256.20 W
2026/08/19 15:39:00.718, 98 %, 85 %, 15777 MiB, 2842 MHz, 256.08 W
2026/08/19 15:39:03.787, 98 %, 85 %, 15777 MiB, 2842 MHz, 256.11 W
2026/08/19 15:39:04.788, 98 %, 84 %, 15777 MiB, 2842 MHz, 257.29 W
2026/08/19 15:39:05.790, 98 %, 85 %, 15777 MiB, 2842 MHz, 256.04 W
2026/08/19 15:39:06.791, 98 %, 85 %, 15777 MiB, 2842 MHz, 256.17 W
2026/08/19 15:39:07.792, 98 %, 85 %, 15777 MiB, 2842 MHz, 256.26 W
2026/08/19 15:39:08.793, 98 %, 84 %, 15777 MiB, 2842 MHz, 257.05 W
2026/08/19 15:39:09.795, 98 %, 85 %, 15777 MiB, 2842 MHz, 255.64 W
2026/08/19 15:39:10.796, 98 %, 85 %, 15777 MiB, 2842 MHz, 256.00 W
2026/08/19 15:39:11.797, 98 %, 85 %, 15777 MiB, 2842 MHz, 255.94 W
2026/08/19 15:39:12.798, 98 %, 85 %, 15777 MiB, 2835 MHz, 256.88 W
2026/08/19 15:39:13.799, 98 %, 85 %, 15777 MiB, 2842 MHz, 256.03 W
2026/08/19 15:39:14.801, 98 %, 85 %, 15777 MiB, 2842 MHz, 256.73 W
2026/08/19 15:39:15.802, 98 %, 85 %, 15777 MiB, 2842 MHz, 256.63 W
2026/08/19 15:39:16.803, 98 %, 84 %, 15777 MiB, 2842 MHz, 257.40 W
2026/08/19 15:39:17.804, 98 %, 85 %, 15777 MiB, 2842 MHz, 256.22 W
2026/08/19 15:39:18.806, 98 %, 85 %, 15777 MiB, 2842 MHz, 256.19 W
2026/08/19 15:39:19.807, 98 %, 85 %, 15777 MiB, 2842 MHz, 256.16 W
2026/08/19 15:39:20.808, 98 %, 75 %, 15777 MiB, 2842 MHz, 257.00 W
2026/08/19 15:39:21.810, 98 %, 84 %, 15777 MiB, 2842 MHz, 255.80 W
2026/08/19 15:39:22.811, 98 %, 85 %, 15777 MiB, 2842 MHz, 256.07 W
2026/08/19 15:39:23.812, 98 %, 85 %, 15777 MiB, 2842 MHz, 255.77 W
2026/08/19 15:39:24.813, 96 %, 67 %, 15777 MiB, 2842 MHz, 256.93 W
2026/08/19 15:39:25.814, 98 %, 85 %, 15777 MiB, 2842 MHz, 256.01 W
2026/08/19 15:39:26.816, 98 %, 85 %, 15777 MiB, 2842 MHz, 255.84 W
2026/08/19 15:39:27.817, 98 %, 85 %, 15777 MiB, 2842 MHz, 256.01 W
2026/08/19 15:39:28.818, 98 %, 85 %, 15777 MiB, 2842 MHz, 256.13 W
2026/08/19 15:39:29.819, 98 %, 85 %, 15777 MiB, 2842 MHz, 256.83 W
2026/08/19 15:39:30.821, 98 %, 85 %, 15777 MiB, 2842 MHz, 255.83 W
2026/08/19 15:39:31.822, 98 %, 85 %, 15777 MiB, 2842 MHz, 256.06 W
2026/08/19 15:39:32.823, 98 %, 85 %, 15777 MiB, 2842 MHz, 256.32 W
2026/08/19 15:39:33.824, 98 %, 85 %, 15777 MiB, 2842 MHz, 257.45 W
2026/08/19 15:39:34.826, 98 %, 85 %, 15777 MiB, 2842 MHz, 256.07 W
2026/08/19 15:39:37.862, 98 %, 85 %, 15777 MiB, 2842 MHz, 256.08 W
2026/08/19 15:39:38.863, 98 %, 85 %, 15777 MiB, 2842 MHz, 256.00 W
2026/08/19 15:39:39.864, 98 %, 85 %, 15777 MiB, 2835 MHz, 256.92 W
2026/08/19 15:39:40.865, 98 %, 85 %, 15777 MiB, 2842 MHz, 255.69 W
2026/08/19 15:39:41.866, 98 %, 85 %, 15777 MiB, 2842 MHz, 255.89 W
2026/08/19 15:39:42.868, 98 %, 85 %, 15777 MiB, 2842 MHz, 255.75 W
2026/08/19 15:39:43.869, 98 %, 84 %, 15777 MiB, 2835 MHz, 256.76 W
2026/08/19 15:39:44.870, 98 %, 84 %, 15777 MiB, 2842 MHz, 255.41 W
2026/08/19 15:39:45.871, 98 %, 85 %, 15777 MiB, 2842 MHz, 255.84 W
2026/08/19 15:39:46.872, 98 %, 85 %, 15777 MiB, 2842 MHz, 255.79 W
2026/08/19 15:39:47.874, 98 %, 85 %, 15777 MiB, 2842 MHz, 257.13 W
2026/08/19 15:39:48.875, 98 %, 85 %, 15777 MiB, 2842 MHz, 256.08 W
2026/08/19 15:39:49.876, 98 %, 85 %, 15777 MiB, 2842 MHz, 255.97 W
2026/08/19 15:39:50.877, 98 %, 85 %, 15777 MiB, 2842 MHz, 255.99 W
2026/08/19 15:39:51.878, 95 %, 72 %, 15777 MiB, 2842 MHz, 256.33 W
2026/08/19 15:39:52.880, 98 %, 84 %, 15777 MiB, 2842 MHz, 256.43 W
2026/08/19 15:39:53.881, 98 %, 85 %, 15777 MiB, 2842 MHz, 255.30 W
2026/08/19 15:39:54.882, 98 %, 85 %, 15777 MiB, 2842 MHz, 255.72 W
2026/08/19 15:39:55.883, 98 %, 85 %, 15777 MiB, 2842 MHz, 255.87 W
2026/08/19 15:39:56.884, 98 %, 85 %, 15777 MiB, 2842 MHz, 258.31 W
2026/08/19 15:39:57.886, 98 %, 85 %, 15777 MiB, 2842 MHz, 255.73 W
2026/08/19 15:39:58.887, 98 %, 85 %, 15777 MiB, 2842 MHz, 255.73 W
2026/08/19 15:39:59.888, 98 %, 85 %, 15777 MiB, 2842 MHz, 256.02 W
2026/08/19 15:40:00.889, 98 %, 84 %, 15777 MiB, 2842 MHz, 256.88 W
2026/08/19 15:40:01.890, 98 %, 85 %, 15777 MiB, 2842 MHz, 255.55 W
2026/08/19 15:40:02.891, 98 %, 85 %, 15777 MiB, 2842 MHz, 255.61 W
2026/08/19 15:40:03.893, 98 %, 85 %, 15777 MiB, 2842 MHz, 255.74 W
2026/08/19 15:40:04.894, 98 %, 85 %, 15777 MiB, 2835 MHz, 257.07 W
2026/08/19 15:40:05.895, 98 %, 85 %, 15777 MiB, 2842 MHz, 255.52 W
2026/08/19 15:40:06.897, 98 %, 85 %, 15777 MiB, 2842 MHz, 255.74 W
2026/08/19 15:40:07.898, 98 %, 85 %, 15777 MiB, 2842 MHz, 255.90 W
2026/08/19 15:40:08.899, 98 %, 84 %, 15777 MiB, 2835 MHz, 256.94 W
2026/08/19 15:40:11.776, 98 %, 85 %, 15777 MiB, 2842 MHz, 255.46 W
2026/08/19 15:40:12.777, 98 %, 85 %, 15777 MiB, 2842 MHz, 255.56 W
2026/08/19 15:40:13.779, 98 %, 85 %, 15777 MiB, 2842 MHz, 255.34 W
2026/08/19 15:40:14.780, 95 %, 66 %, 15777 MiB, 2842 MHz, 256.58 W
2026/08/19 15:40:15.781, 98 %, 85 %, 15777 MiB, 2842 MHz, 255.40 W
2026/08/19 15:40:16.782, 98 %, 85 %, 15777 MiB, 2842 MHz, 255.63 W
2026/08/19 15:40:17.783, 98 %, 85 %, 15777 MiB, 2842 MHz, 255.78 W
2026/08/19 15:40:18.784, 95 %, 66 %, 15777 MiB, 2842 MHz, 256.79 W
2026/08/19 15:40:19.786, 98 %, 85 %, 15777 MiB, 2842 MHz, 256.53 W
2026/08/19 15:40:20.787, 98 %, 85 %, 15777 MiB, 2842 MHz, 255.51 W
2026/08/19 15:40:21.788, 98 %, 85 %, 15777 MiB, 2842 MHz, 255.52 W
2026/08/19 15:40:22.789, 98 %, 85 %, 15777 MiB, 2842 MHz, 255.73 W
2026/08/19 15:40:23.791, 98 %, 85 %, 15777 MiB, 2842 MHz, 256.75 W
2026/08/19 15:40:24.792, 98 %, 85 %, 15777 MiB, 2842 MHz, 255.16 W
2026/08/19 15:40:25.793, 98 %, 85 %, 15777 MiB, 2842 MHz, 255.56 W
2026/08/19 15:40:26.794, 98 %, 85 %, 15777 MiB, 2842 MHz, 255.80 W
2026/08/19 15:40:27.796, 98 %, 85 %, 15777 MiB, 2842 MHz, 256.68 W
2026/08/19 15:40:28.797, 98 %, 85 %, 15777 MiB, 2842 MHz, 255.83 W
2026/08/19 15:40:29.798, 98 %, 85 %, 15777 MiB, 2842 MHz, 255.84 W
2026/08/19 15:40:30.799, 98 %, 85 %, 15777 MiB, 2842 MHz, 255.70 W
2026/08/19 15:40:31.801, 98 %, 85 %, 15777 MiB, 2842 MHz, 257.13 W
2026/08/19 15:40:32.802, 98 %, 85 %, 15777 MiB, 2842 MHz, 255.75 W
2026/08/19 15:40:33.803, 98 %, 85 %, 15777 MiB, 2842 MHz, 255.83 W
2026/08/19 15:40:34.804, 98 %, 85 %, 15777 MiB, 2842 MHz, 256.00 W
2026/08/19 15:40:35.805, 98 %, 85 %, 15777 MiB, 2835 MHz, 256.87 W
2026/08/19 15:40:36.807, 98 %, 85 %, 15777 MiB, 2842 MHz, 255.92 W
2026/08/19 15:40:37.808, 98 %, 85 %, 15777 MiB, 2842 MHz, 255.87 W
2026/08/19 15:40:38.809, 98 %, 85 %, 15777 MiB, 2842 MHz, 256.12 W
2026/08/19 15:40:39.811, 95 %, 66 %, 15777 MiB, 2842 MHz, 256.77 W
2026/08/19 15:40:40.812, 98 %, 84 %, 15777 MiB, 2842 MHz, 255.30 W
2026/08/19 15:40:41.813, 98 %, 84 %, 15777 MiB, 2842 MHz, 255.09 W
2026/08/19 15:40:42.814, 98 %, 85 %, 15777 MiB, 2842 MHz, 255.17 W
2026/08/19 15:40:45.705, 98 %, 85 %, 15777 MiB, 2842 MHz, 254.83 W
2026/08/19 15:40:46.707, 98 %, 85 %, 15777 MiB, 2842 MHz, 256.40 W
2026/08/19 15:40:47.709, 98 %, 85 %, 15777 MiB, 2842 MHz, 255.47 W
2026/08/19 15:40:48.710, 98 %, 85 %, 15777 MiB, 2842 MHz, 255.46 W
2026/08/19 15:40:49.711, 98 %, 85 %, 15777 MiB, 2842 MHz, 256.03 W
2026/08/19 15:40:50.712, 98 %, 85 %, 15777 MiB, 2842 MHz, 256.43 W
2026/08/19 15:40:51.714, 98 %, 85 %, 15777 MiB, 2842 MHz, 255.30 W
2026/08/19 15:40:52.715, 98 %, 85 %, 15777 MiB, 2842 MHz, 255.30 W
2026/08/19 15:40:53.716, 98 %, 85 %, 15777 MiB, 2842 MHz, 255.26 W
2026/08/19 15:40:54.717, 98 %, 85 %, 15777 MiB, 2842 MHz, 256.65 W
2026/08/19 15:40:55.719, 98 %, 85 %, 15777 MiB, 2842 MHz, 255.64 W
2026/08/19 15:40:56.720, 98 %, 85 %, 15777 MiB, 2842 MHz, 256.03 W
2026/08/19 15:40:57.721, 98 %, 84 %, 15817 MiB, 2842 MHz, 255.40 W
2026/08/19 15:40:58.722, 98 %, 86 %, 15820 MiB, 2842 MHz, 256.96 W
2026/08/19 15:40:59.724, 98 %, 85 %, 15831 MiB, 2842 MHz, 257.39 W
2026/08/19 15:41:00.725, 98 %, 85 %, 15831 MiB, 2842 MHz, 254.81 W
2026/08/19 15:41:01.726, 98 %, 85 %, 15831 MiB, 2842 MHz, 255.30 W
2026/08/19 15:41:02.727, 98 %, 74 %, 15824 MiB, 2835 MHz, 256.45 W
2026/08/19 15:41:03.728, 98 %, 86 %, 15826 MiB, 2842 MHz, 256.18 W
2026/08/19 15:41:04.730, 98 %, 86 %, 15826 MiB, 2842 MHz, 256.97 W
2026/08/19 15:41:05.731, 98 %, 85 %, 15824 MiB, 2842 MHz, 256.78 W
2026/08/19 15:41:06.733, 98 %, 77 %, 15824 MiB, 2842 MHz, 258.99 W
2026/08/19 15:41:07.734, 98 %, 86 %, 15820 MiB, 2842 MHz, 257.47 W
2026/08/19 15:41:08.735, 98 %, 86 %, 15824 MiB, 2842 MHz, 257.45 W
2026/08/19 15:41:09.736, 98 %, 86 %, 15824 MiB, 2842 MHz, 258.04 W
2026/08/19 15:41:10.737, 95 %, 67 %, 15820 MiB, 2842 MHz, 258.70 W
2026/08/19 15:41:11.739, 98 %, 86 %, 15815 MiB, 2842 MHz, 257.84 W
2026/08/19 15:41:12.740, 98 %, 86 %, 15815 MiB, 2842 MHz, 257.86 W
2026/08/19 15:41:13.741, 98 %, 86 %, 15816 MiB, 2842 MHz, 257.60 W
2026/08/19 15:41:14.743, 98 %, 86 %, 15816 MiB, 2842 MHz, 257.78 W
2026/08/19 15:41:15.744, 98 %, 86 %, 15816 MiB, 2842 MHz, 258.69 W
2026/08/19 15:41:16.746, 98 %, 86 %, 15816 MiB, 2842 MHz, 257.77 W
2026/08/19 15:41:17.747, 98 %, 86 %, 15816 MiB, 2842 MHz, 257.85 W
2026/08/19 15:41:20.642, 98 %, 86 %, 15816 MiB, 2842 MHz, 257.83 W
2026/08/19 15:41:21.643, 98 %, 86 %, 15816 MiB, 2842 MHz, 258.89 W
2026/08/19 15:41:22.644, 98 %, 86 %, 15816 MiB, 2842 MHz, 257.95 W
2026/08/19 15:41:23.646, 98 %, 86 %, 15816 MiB, 2842 MHz, 257.83 W
2026/08/19 15:41:24.648, 98 %, 86 %, 15816 MiB, 2842 MHz, 257.74 W
2026/08/19 15:41:25.649, 98 %, 86 %, 15816 MiB, 2835 MHz, 258.45 W
2026/08/19 15:41:26.650, 98 %, 86 %, 15816 MiB, 2842 MHz, 257.84 W
2026/08/19 15:41:27.652, 98 %, 86 %, 15816 MiB, 2842 MHz, 257.58 W
2026/08/19 15:41:28.654, 98 %, 86 %, 15816 MiB, 2842 MHz, 257.77 W
2026/08/19 15:41:29.655, 98 %, 86 %, 15816 MiB, 2842 MHz, 258.69 W
2026/08/19 15:41:30.656, 98 %, 86 %, 15816 MiB, 2842 MHz, 257.52 W
2026/08/19 15:41:31.657, 98 %, 86 %, 15816 MiB, 2842 MHz, 257.65 W
2026/08/19 15:41:32.658, 98 %, 86 %, 15816 MiB, 2842 MHz, 257.67 W
2026/08/19 15:41:33.660, 98 %, 86 %, 15815 MiB, 2842 MHz, 258.79 W
2026/08/19 15:41:34.661, 98 %, 85 %, 15815 MiB, 2842 MHz, 257.25 W
2026/08/19 15:41:35.662, 98 %, 85 %, 15818 MiB, 2842 MHz, 257.10 W
2026/08/19 15:41:36.663, 98 %, 86 %, 15815 MiB, 2842 MHz, 257.44 W
2026/08/19 15:41:37.664, 98 %, 86 %, 15815 MiB, 2835 MHz, 258.12 W
2026/08/19 15:41:38.666, 98 %, 86 %, 15815 MiB, 2842 MHz, 257.83 W
2026/08/19 15:41:39.666, 98 %, 86 %, 15815 MiB, 2842 MHz, 257.97 W
2026/08/19 15:41:40.667, 98 %, 86 %, 15815 MiB, 2842 MHz, 257.77 W
2026/08/19 15:41:41.668, 98 %, 86 %, 15815 MiB, 2842 MHz, 259.12 W
2026/08/19 15:41:42.669, 98 %, 86 %, 15815 MiB, 2842 MHz, 257.91 W
2026/08/19 15:41:43.671, 98 %, 86 %, 15815 MiB, 2842 MHz, 257.79 W
2026/08/19 15:41:44.672, 98 %, 86 %, 15815 MiB, 2842 MHz, 257.86 W
2026/08/19 15:41:45.673, 95 %, 67 %, 15815 MiB, 2842 MHz, 258.40 W
2026/08/19 15:41:46.674, 98 %, 86 %, 15815 MiB, 2842 MHz, 257.71 W
2026/08/19 15:41:47.676, 98 %, 86 %, 15815 MiB, 2842 MHz, 257.85 W
2026/08/19 15:41:48.677, 98 %, 86 %, 15815 MiB, 2842 MHz, 257.79 W
2026/08/19 15:41:49.679, 98 %, 86 %, 15815 MiB, 2842 MHz, 257.73 W
2026/08/19 15:41:50.680, 98 %, 86 %, 15816 MiB, 2842 MHz, 258.23 W
2026/08/19 15:41:51.681, 98 %, 86 %, 15816 MiB, 2842 MHz, 257.85 W
2026/08/19 15:41:54.592, 98 %, 86 %, 15815 MiB, 2842 MHz, 257.71 W
2026/08/19 15:41:55.594, 98 %, 86 %, 15815 MiB, 2842 MHz, 257.74 W
2026/08/19 15:41:56.595, 98 %, 86 %, 15815 MiB, 2835 MHz, 258.84 W
2026/08/19 15:41:57.596, 98 %, 86 %, 15815 MiB, 2842 MHz, 257.52 W
2026/08/19 15:41:58.597, 98 %, 86 %, 15815 MiB, 2842 MHz, 258.09 W
2026/08/19 15:41:59.598, 98 %, 86 %, 15814 MiB, 2842 MHz, 257.94 W
2026/08/19 15:42:00.600, 98 %, 86 %, 15814 MiB, 2842 MHz, 258.87 W
2026/08/19 15:42:01.601, 98 %, 86 %, 15814 MiB, 2842 MHz, 257.66 W
2026/08/19 15:42:02.603, 98 %, 86 %, 15814 MiB, 2842 MHz, 257.25 W
2026/08/19 15:42:03.604, 98 %, 86 %, 15810 MiB, 2842 MHz, 257.89 W
2026/08/19 15:42:04.605, 98 %, 86 %, 15810 MiB, 2842 MHz, 258.73 W
2026/08/19 15:42:05.607, 98 %, 86 %, 15810 MiB, 2842 MHz, 257.38 W
2026/08/19 15:42:06.607, 98 %, 86 %, 15810 MiB, 2842 MHz, 257.30 W
2026/08/19 15:42:07.608, 98 %, 86 %, 15817 MiB, 2842 MHz, 256.93 W
2026/08/19 15:42:08.609, 98 %, 86 %, 15814 MiB, 2835 MHz, 258.35 W
2026/08/19 15:42:09.610, 98 %, 86 %, 15814 MiB, 2842 MHz, 257.26 W
2026/08/19 15:42:10.613, 98 %, 86 %, 15814 MiB, 2842 MHz, 257.34 W
2026/08/19 15:42:11.614, 98 %, 86 %, 15814 MiB, 2842 MHz, 257.39 W
2026/08/19 15:42:12.614, 98 %, 85 %, 15814 MiB, 2835 MHz, 258.14 W
2026/08/19 15:42:13.615, 98 %, 86 %, 15814 MiB, 2842 MHz, 257.66 W
2026/08/19 15:42:14.616, 98 %, 86 %, 15814 MiB, 2842 MHz, 258.11 W
2026/08/19 15:42:15.618, 98 %, 86 %, 15815 MiB, 2842 MHz, 258.32 W
2026/08/19 15:42:16.619, 98 %, 85 %, 15815 MiB, 2842 MHz, 258.91 W
2026/08/19 15:42:17.620, 98 %, 85 %, 15817 MiB, 2842 MHz, 257.30 W
2026/08/19 15:42:18.622, 98 %, 86 %, 15815 MiB, 2842 MHz, 257.84 W
2026/08/19 15:42:19.623, 98 %, 86 %, 15815 MiB, 2842 MHz, 257.95 W
2026/08/19 15:42:20.625, 98 %, 73 %, 15815 MiB, 2842 MHz, 258.26 W
2026/08/19 15:42:21.626, 98 %, 86 %, 15815 MiB, 2842 MHz, 257.34 W
2026/08/19 15:42:22.627, 98 %, 85 %, 15817 MiB, 2842 MHz, 257.17 W
2026/08/19 15:42:23.628, 98 %, 86 %, 15814 MiB, 2842 MHz, 257.48 W
2026/08/19 15:42:24.629, 95 %, 72 %, 15814 MiB, 2842 MHz, 258.75 W
2026/08/19 15:42:25.630, 98 %, 86 %, 15814 MiB, 2842 MHz, 257.87 W
2026/08/19 15:42:28.678, 98 %, 86 %, 15814 MiB, 2842 MHz, 257.48 W
2026/08/19 15:42:29.679, 98 %, 85 %, 15814 MiB, 2842 MHz, 257.47 W
2026/08/19 15:42:30.681, 98 %, 86 %, 15815 MiB, 2842 MHz, 257.87 W
2026/08/19 15:42:31.682, 98 %, 86 %, 15815 MiB, 2842 MHz, 258.59 W
2026/08/19 15:42:32.685, 98 %, 86 %, 15815 MiB, 2842 MHz, 257.77 W
2026/08/19 15:42:33.686, 98 %, 86 %, 15815 MiB, 2842 MHz, 258.09 W
2026/08/19 15:42:34.687, 98 %, 86 %, 15815 MiB, 2842 MHz, 257.96 W
2026/08/19 15:42:35.689, 98 %, 86 %, 15815 MiB, 2842 MHz, 258.93 W
2026/08/19 15:42:36.690, 98 %, 86 %, 15815 MiB, 2842 MHz, 258.00 W
2026/08/19 15:42:37.692, 98 %, 86 %, 15815 MiB, 2842 MHz, 258.42 W
2026/08/19 15:42:38.693, 98 %, 86 %, 15815 MiB, 2842 MHz, 258.53 W
2026/08/19 15:42:39.694, 98 %, 86 %, 15818 MiB, 2842 MHz, 259.28 W
2026/08/19 15:42:40.695, 98 %, 86 %, 15814 MiB, 2842 MHz, 258.15 W
2026/08/19 15:42:41.696, 98 %, 86 %, 15814 MiB, 2842 MHz, 258.36 W
2026/08/19 15:42:42.699, 98 %, 86 %, 15814 MiB, 2842 MHz, 258.70 W
2026/08/19 15:42:43.700, 98 %, 86 %, 15814 MiB, 2835 MHz, 259.63 W
2026/08/19 15:42:44.701, 98 %, 85 %, 15817 MiB, 2842 MHz, 257.96 W
2026/08/19 15:42:45.702, 98 %, 86 %, 15815 MiB, 2842 MHz, 258.28 W
2026/08/19 15:42:46.703, 98 %, 86 %, 15815 MiB, 2842 MHz, 258.04 W
2026/08/19 15:42:47.705, 98 %, 86 %, 15815 MiB, 2842 MHz, 259.45 W
2026/08/19 15:42:48.706, 98 %, 86 %, 15815 MiB, 2842 MHz, 258.13 W
2026/08/19 15:42:49.707, 98 %, 86 %, 15817 MiB, 2842 MHz, 258.06 W
2026/08/19 15:42:50.708, 98 %, 86 %, 15814 MiB, 2842 MHz, 258.05 W
2026/08/19 15:42:51.710, 98 %, 86 %, 15814 MiB, 2842 MHz, 259.01 W
2026/08/19 15:42:52.711, 98 %, 86 %, 15814 MiB, 2842 MHz, 257.77 W
2026/08/19 15:42:53.713, 98 %, 86 %, 15814 MiB, 2842 MHz, 257.70 W
2026/08/19 15:42:54.714, 98 %, 86 %, 15817 MiB, 2842 MHz, 257.77 W
2026/08/19 15:42:55.715, 98 %, 86 %, 15814 MiB, 2835 MHz, 258.45 W
2026/08/19 15:42:56.716, 98 %, 86 %, 15814 MiB, 2842 MHz, 257.40 W
2026/08/19 15:42:57.718, 98 %, 86 %, 15814 MiB, 2842 MHz, 257.79 W
2026/08/19 15:42:58.719, 98 %, 86 %, 15814 MiB, 2842 MHz, 257.54 W
2026/08/19 15:42:59.721, 94 %, 66 %, 15815 MiB, 2842 MHz, 258.36 W
2026/08/19 15:43:02.591, 98 %, 86 %, 15815 MiB, 2842 MHz, 257.12 W
2026/08/19 15:43:03.592, 98 %, 86 %, 15815 MiB, 2842 MHz, 257.67 W
2026/08/19 15:43:04.596, 98 %, 86 %, 15815 MiB, 2842 MHz, 257.77 W
2026/08/19 15:43:05.597, 98 %, 86 %, 15815 MiB, 2842 MHz, 257.78 W
2026/08/19 15:43:06.599, 98 %, 86 %, 15815 MiB, 2842 MHz, 258.53 W
2026/08/19 15:43:07.600, 98 %, 86 %, 15815 MiB, 2842 MHz, 257.41 W
2026/08/19 15:43:08.602, 98 %, 86 %, 15815 MiB, 2842 MHz, 257.93 W
2026/08/19 15:43:09.603, 98 %, 86 %, 15815 MiB, 2842 MHz, 257.96 W
2026/08/19 15:43:10.604, 98 %, 86 %, 15815 MiB, 2842 MHz, 258.82 W
2026/08/19 15:43:11.606, 98 %, 86 %, 15815 MiB, 2842 MHz, 257.79 W
2026/08/19 15:43:12.607, 98 %, 86 %, 15814 MiB, 2842 MHz, 257.76 W
2026/08/19 15:43:13.608, 98 %, 86 %, 15814 MiB, 2842 MHz, 258.08 W
2026/08/19 15:43:14.609, 98 %, 86 %, 15814 MiB, 2842 MHz, 258.40 W
2026/08/19 15:43:15.610, 98 %, 86 %, 15814 MiB, 2842 MHz, 256.68 W
2026/08/19 15:43:16.611, 98 %, 86 %, 15814 MiB, 2842 MHz, 256.69 W
2026/08/19 15:43:17.612, 98 %, 86 %, 15815 MiB, 2842 MHz, 256.96 W
2026/08/19 15:43:18.613, 98 %, 86 %, 15815 MiB, 2842 MHz, 258.17 W
2026/08/19 15:43:19.615, 98 %, 86 %, 15815 MiB, 2842 MHz, 257.45 W
2026/08/19 15:43:20.616, 98 %, 86 %, 15815 MiB, 2842 MHz, 257.43 W
2026/08/19 15:43:21.617, 98 %, 86 %, 15815 MiB, 2842 MHz, 257.61 W
2026/08/19 15:43:22.618, 98 %, 86 %, 15814 MiB, 2842 MHz, 258.19 W
2026/08/19 15:43:23.619, 98 %, 86 %, 15814 MiB, 2842 MHz, 257.38 W
2026/08/19 15:43:24.621, 98 %, 86 %, 15814 MiB, 2842 MHz, 257.71 W
2026/08/19 15:43:25.622, 98 %, 86 %, 15814 MiB, 2842 MHz, 257.59 W
2026/08/19 15:43:26.623, 98 %, 86 %, 15814 MiB, 2842 MHz, 258.39 W
2026/08/19 15:43:27.624, 98 %, 86 %, 15814 MiB, 2842 MHz, 257.42 W
2026/08/19 15:43:28.625, 98 %, 86 %, 15814 MiB, 2842 MHz, 257.88 W
2026/08/19 15:43:29.627, 98 %, 86 %, 15814 MiB, 2842 MHz, 257.92 W
2026/08/19 15:43:30.628, 98 %, 86 %, 15814 MiB, 2835 MHz, 258.66 W
2026/08/19 15:43:31.630, 98 %, 86 %, 15814 MiB, 2842 MHz, 257.60 W
2026/08/19 15:43:32.631, 98 %, 86 %, 15815 MiB, 2842 MHz, 257.36 W
2026/08/19 15:43:33.632, 98 %, 86 %, 15815 MiB, 2842 MHz, 257.99 W
2026/08/19 15:43:36.645, 98 %, 86 %, 15814 MiB, 2842 MHz, 258.28 W
2026/08/19 15:43:37.647, 98 %, 85 %, 15814 MiB, 2842 MHz, 256.84 W
2026/08/19 15:43:38.648, 98 %, 86 %, 15814 MiB, 2842 MHz, 257.24 W
2026/08/19 15:43:39.649, 98 %, 86 %, 15814 MiB, 2842 MHz, 256.89 W
2026/08/19 15:43:40.650, 95 %, 68 %, 15810 MiB, 2842 MHz, 257.94 W
2026/08/19 15:43:41.652, 98 %, 86 %, 15810 MiB, 2842 MHz, 257.86 W
2026/08/19 15:43:42.653, 98 %, 86 %, 15810 MiB, 2842 MHz, 257.35 W
2026/08/19 15:43:43.654, 98 %, 86 %, 15810 MiB, 2842 MHz, 257.51 W
2026/08/19 15:43:44.655, 98 %, 86 %, 15810 MiB, 2842 MHz, 257.54 W
2026/08/19 15:43:45.656, 98 %, 86 %, 15810 MiB, 2842 MHz, 258.64 W
2026/08/19 15:43:46.658, 98 %, 86 %, 15810 MiB, 2842 MHz, 257.77 W
2026/08/19 15:43:47.659, 98 %, 86 %, 15810 MiB, 2842 MHz, 258.05 W
2026/08/19 15:43:48.660, 98 %, 86 %, 15810 MiB, 2842 MHz, 258.16 W
2026/08/19 15:43:49.661, 98 %, 86 %, 15817 MiB, 2842 MHz, 258.31 W
2026/08/19 15:43:50.662, 98 %, 86 %, 15814 MiB, 2842 MHz, 257.71 W
2026/08/19 15:43:51.663, 98 %, 86 %, 15815 MiB, 2842 MHz, 257.89 W
2026/08/19 15:43:52.664, 98 %, 86 %, 15815 MiB, 2842 MHz, 257.85 W
2026/08/19 15:43:53.665, 98 %, 86 %, 15815 MiB, 2842 MHz, 258.70 W
2026/08/19 15:43:54.667, 98 %, 86 %, 15815 MiB, 2842 MHz, 257.45 W
2026/08/19 15:43:55.668, 98 %, 86 %, 15815 MiB, 2842 MHz, 257.73 W
2026/08/19 15:43:56.669, 98 %, 86 %, 15815 MiB, 2842 MHz, 257.82 W
2026/08/19 15:43:57.670, 98 %, 86 %, 15815 MiB, 2842 MHz, 258.15 W
2026/08/19 15:43:58.671, 98 %, 86 %, 15815 MiB, 2842 MHz, 257.10 W
2026/08/19 15:43:59.673, 98 %, 86 %, 15814 MiB, 2842 MHz, 257.02 W
2026/08/19 15:44:00.674, 98 %, 86 %, 15814 MiB, 2842 MHz, 257.23 W
2026/08/19 15:44:01.675, 98 %, 86 %, 15814 MiB, 2842 MHz, 258.83 W
2026/08/19 15:44:02.676, 98 %, 86 %, 15814 MiB, 2842 MHz, 257.80 W
2026/08/19 15:44:03.677, 98 %, 86 %, 15814 MiB, 2842 MHz, 258.27 W
2026/08/19 15:44:04.678, 98 %, 86 %, 15814 MiB, 2842 MHz, 257.84 W
2026/08/19 15:44:05.680, 98 %, 86 %, 15814 MiB, 2835 MHz, 259.12 W
2026/08/19 15:44:06.681, 98 %, 86 %, 15814 MiB, 2842 MHz, 257.74 W
2026/08/19 15:44:07.683, 98 %, 86 %, 15814 MiB, 2842 MHz, 258.27 W
2026/08/19 15:44:08.684, 98 %, 86 %, 15815 MiB, 2842 MHz, 258.33 W
2026/08/19 15:44:11.712, 98 %, 86 %, 15815 MiB, 2842 MHz, 258.64 W
2026/08/19 15:44:12.714, 98 %, 86 %, 15815 MiB, 2842 MHz, 257.73 W
2026/08/19 15:44:13.715, 98 %, 86 %, 15815 MiB, 2842 MHz, 257.44 W
2026/08/19 15:44:14.716, 98 %, 86 %, 15815 MiB, 2842 MHz, 257.79 W
2026/08/19 15:44:15.717, 95 %, 67 %, 15815 MiB, 2842 MHz, 258.82 W
2026/08/19 15:44:16.719, 98 %, 85 %, 15815 MiB, 2842 MHz, 257.26 W
2026/08/19 15:44:17.720, 98 %, 86 %, 15815 MiB, 2842 MHz, 257.66 W
2026/08/19 15:44:18.721, 98 %, 86 %, 15815 MiB, 2842 MHz, 257.71 W
2026/08/19 15:44:19.722, 98 %, 86 %, 15815 MiB, 2842 MHz, 258.73 W
2026/08/19 15:44:20.723, 98 %, 86 %, 15815 MiB, 2842 MHz, 258.26 W
2026/08/19 15:44:21.725, 98 %, 86 %, 15817 MiB, 2842 MHz, 258.00 W
2026/08/19 15:44:22.726, 98 %, 86 %, 15814 MiB, 2842 MHz, 258.00 W
2026/08/19 15:44:23.727, 95 %, 75 %, 15814 MiB, 2842 MHz, 258.95 W
2026/08/19 15:44:24.728, 98 %, 86 %, 15814 MiB, 2842 MHz, 258.00 W
2026/08/19 15:44:25.729, 98 %, 86 %, 15814 MiB, 2842 MHz, 258.08 W
2026/08/19 15:44:26.730, 98 %, 86 %, 15814 MiB, 2842 MHz, 257.64 W
2026/08/19 15:44:27.731, 95 %, 67 %, 15814 MiB, 2842 MHz, 258.93 W
2026/08/19 15:44:28.732, 98 %, 86 %, 15815 MiB, 2842 MHz, 257.85 W
2026/08/19 15:44:29.734, 98 %, 86 %, 15815 MiB, 2842 MHz, 257.80 W
2026/08/19 15:44:30.735, 98 %, 86 %, 15815 MiB, 2842 MHz, 258.22 W
2026/08/19 15:44:31.736, 95 %, 67 %, 15815 MiB, 2842 MHz, 258.61 W
2026/08/19 15:44:32.737, 98 %, 86 %, 15815 MiB, 2842 MHz, 257.89 W
2026/08/19 15:44:33.738, 98 %, 86 %, 15815 MiB, 2842 MHz, 258.06 W
2026/08/19 15:44:34.740, 98 %, 86 %, 15815 MiB, 2842 MHz, 257.98 W
2026/08/19 15:44:35.741, 98 %, 86 %, 15815 MiB, 2842 MHz, 258.12 W
2026/08/19 15:44:36.742, 98 %, 85 %, 15814 MiB, 2842 MHz, 258.84 W
2026/08/19 15:44:37.743, 98 %, 86 %, 15814 MiB, 2842 MHz, 258.32 W
2026/08/19 15:44:38.745, 98 %, 86 %, 15814 MiB, 2842 MHz, 258.46 W
2026/08/19 15:44:39.746, 98 %, 86 %, 15814 MiB, 2842 MHz, 258.30 W
2026/08/19 15:44:40.747, 98 %, 86 %, 15814 MiB, 2842 MHz, 259.48 W
2026/08/19 15:44:41.748, 98 %, 85 %, 15814 MiB, 2842 MHz, 257.78 W
2026/08/19 15:44:42.749, 98 %, 86 %, 15814 MiB, 2842 MHz, 258.14 W
2026/08/19 15:44:45.804, 98 %, 86 %, 15814 MiB, 2842 MHz, 257.70 W
2026/08/19 15:44:46.805, 98 %, 86 %, 15814 MiB, 2842 MHz, 259.10 W
2026/08/19 15:44:47.806, 98 %, 86 %, 15814 MiB, 2842 MHz, 258.05 W
2026/08/19 15:44:48.807, 98 %, 86 %, 15814 MiB, 2842 MHz, 257.92 W
2026/08/19 15:44:49.808, 98 %, 86 %, 15814 MiB, 2842 MHz, 258.33 W
2026/08/19 15:44:50.810, 98 %, 86 %, 15815 MiB, 2835 MHz, 259.09 W
2026/08/19 15:44:51.812, 98 %, 86 %, 15815 MiB, 2842 MHz, 258.00 W
2026/08/19 15:44:52.813, 98 %, 86 %, 15815 MiB, 2842 MHz, 258.27 W
2026/08/19 15:44:53.814, 98 %, 86 %, 15815 MiB, 2842 MHz, 257.72 W
2026/08/19 15:44:54.815, 98 %, 86 %, 15815 MiB, 2835 MHz, 258.83 W
2026/08/19 15:44:55.816, 98 %, 86 %, 15815 MiB, 2842 MHz, 257.74 W
2026/08/19 15:44:56.819, 98 %, 86 %, 15815 MiB, 2842 MHz, 258.14 W
2026/08/19 15:44:57.820, 98 %, 86 %, 15815 MiB, 2842 MHz, 257.98 W
2026/08/19 15:44:58.821, 98 %, 86 %, 15814 MiB, 2842 MHz, 258.88 W
2026/08/19 15:44:59.822, 98 %, 86 %, 15814 MiB, 2842 MHz, 257.80 W
2026/08/19 15:45:00.823, 98 %, 86 %, 15814 MiB, 2842 MHz, 258.08 W
2026/08/19 15:45:01.825, 98 %, 86 %, 15814 MiB, 2842 MHz, 258.37 W
2026/08/19 15:45:02.826, 98 %, 86 %, 15814 MiB, 2842 MHz, 259.37 W
2026/08/19 15:45:03.827, 98 %, 85 %, 15814 MiB, 2842 MHz, 257.75 W
2026/08/19 15:45:04.829, 98 %, 86 %, 15814 MiB, 2842 MHz, 257.77 W
2026/08/19 15:45:05.830, 98 %, 86 %, 15814 MiB, 2842 MHz, 257.60 W
2026/08/19 15:45:06.832, 98 %, 86 %, 15814 MiB, 2835 MHz, 258.89 W
2026/08/19 15:45:07.833, 98 %, 85 %, 15814 MiB, 2842 MHz, 257.89 W
2026/08/19 15:45:08.835, 98 %, 86 %, 15817 MiB, 2842 MHz, 257.57 W
2026/08/19 15:45:09.836, 98 %, 86 %, 15814 MiB, 2842 MHz, 257.61 W
2026/08/19 15:45:10.837, 98 %, 86 %, 15815 MiB, 2842 MHz, 258.88 W
2026/08/19 15:45:11.839, 98 %, 85 %, 15815 MiB, 2842 MHz, 257.82 W
2026/08/19 15:45:12.840, 98 %, 86 %, 15815 MiB, 2842 MHz, 257.65 W
2026/08/19 15:45:13.842, 98 %, 86 %, 15815 MiB, 2842 MHz, 257.44 W
2026/08/19 15:45:14.843, 98 %, 85 %, 15815 MiB, 2842 MHz, 259.03 W
2026/08/19 15:45:15.844, 98 %, 86 %, 15815 MiB, 2842 MHz, 258.07 W
2026/08/19 15:45:16.845, 98 %, 86 %, 15815 MiB, 2842 MHz, 257.84 W
2026/08/19 15:45:20.057, 98 %, 86 %, 15815 MiB, 2842 MHz, 258.11 W
2026/08/19 15:45:21.058, 95 %, 67 %, 15815 MiB, 2842 MHz, 258.77 W
2026/08/19 15:45:22.060, 98 %, 86 %, 15815 MiB, 2842 MHz, 258.13 W
2026/08/19 15:45:23.061, 98 %, 86 %, 15815 MiB, 2842 MHz, 258.23 W
2026/08/19 15:45:24.062, 98 %, 86 %, 15815 MiB, 2842 MHz, 258.39 W
2026/08/19 15:45:25.063, 98 %, 86 %, 15815 MiB, 2842 MHz, 257.71 W
2026/08/19 15:45:26.065, 98 %, 85 %, 15815 MiB, 2842 MHz, 258.95 W
2026/08/19 15:45:27.067, 98 %, 86 %, 15815 MiB, 2842 MHz, 258.20 W
2026/08/19 15:45:28.068, 98 %, 86 %, 15815 MiB, 2842 MHz, 258.20 W
2026/08/19 15:45:29.069, 98 %, 86 %, 15815 MiB, 2842 MHz, 258.54 W
2026/08/19 15:45:30.070, 98 %, 86 %, 15815 MiB, 2842 MHz, 259.18 W
2026/08/19 15:45:31.071, 98 %, 85 %, 15818 MiB, 2842 MHz, 258.12 W
2026/08/19 15:45:32.073, 98 %, 86 %, 15814 MiB, 2842 MHz, 258.17 W
2026/08/19 15:45:33.074, 98 %, 86 %, 15814 MiB, 2842 MHz, 258.44 W
2026/08/19 15:45:34.075, 98 %, 86 %, 15815 MiB, 2842 MHz, 259.05 W
2026/08/19 15:45:35.076, 98 %, 86 %, 15815 MiB, 2842 MHz, 257.80 W
2026/08/19 15:45:36.077, 98 %, 86 %, 15817 MiB, 2842 MHz, 257.77 W
2026/08/19 15:45:37.078, 98 %, 86 %, 15815 MiB, 2842 MHz, 258.14 W
2026/08/19 15:45:38.079, 98 %, 86 %, 15815 MiB, 2842 MHz, 259.20 W
2026/08/19 15:45:39.081, 98 %, 86 %, 15815 MiB, 2842 MHz, 258.04 W
2026/08/19 15:45:40.082, 98 %, 86 %, 15814 MiB, 2842 MHz, 257.80 W
2026/08/19 15:45:41.083, 98 %, 86 %, 15817 MiB, 2842 MHz, 257.91 W
2026/08/19 15:45:42.084, 98 %, 85 %, 15814 MiB, 2835 MHz, 258.41 W
2026/08/19 15:45:43.086, 98 %, 86 %, 15814 MiB, 2842 MHz, 257.43 W
2026/08/19 15:45:44.087, 98 %, 86 %, 15814 MiB, 2842 MHz, 257.51 W
2026/08/19 15:45:45.088, 98 %, 86 %, 15814 MiB, 2842 MHz, 257.58 W
2026/08/19 15:45:46.089, 98 %, 86 %, 15817 MiB, 2842 MHz, 258.77 W
2026/08/19 15:45:47.090, 98 %, 86 %, 15814 MiB, 2842 MHz, 257.59 W
2026/08/19 15:45:48.092, 98 %, 86 %, 15814 MiB, 2842 MHz, 258.04 W
2026/08/19 15:45:49.093, 98 %, 86 %, 15814 MiB, 2842 MHz, 258.17 W
2026/08/19 15:45:50.094, 98 %, 86 %, 15814 MiB, 2842 MHz, 258.70 W
2026/08/19 15:45:51.095, 98 %, 85 %, 15817 MiB, 2842 MHz, 256.99 W
2026/08/19 15:45:54.261, 98 %, 86 %, 15814 MiB, 2842 MHz, 257.43 W
2026/08/19 15:45:55.262, 98 %, 86 %, 15814 MiB, 2842 MHz, 257.84 W
2026/08/19 15:45:56.264, 98 %, 86 %, 15814 MiB, 2835 MHz, 258.81 W
2026/08/19 15:45:57.265, 98 %, 85 %, 15814 MiB, 2842 MHz, 257.68 W
2026/08/19 15:45:58.267, 98 %, 86 %, 15814 MiB, 2842 MHz, 257.89 W
2026/08/19 15:45:59.268, 98 %, 86 %, 15815 MiB, 2842 MHz, 257.84 W
2026/08/19 15:46:00.269, 96 %, 67 %, 15815 MiB, 2842 MHz, 259.08 W
2026/08/19 15:46:01.270, 98 %, 86 %, 15815 MiB, 2842 MHz, 257.94 W
2026/08/19 15:46:02.272, 98 %, 86 %, 15815 MiB, 2842 MHz, 258.05 W
2026/08/19 15:46:03.273, 98 %, 86 %, 15815 MiB, 2842 MHz, 258.48 W
2026/08/19 15:46:04.274, 98 %, 79 %, 15814 MiB, 2842 MHz, 258.83 W
2026/08/19 15:46:05.275, 98 %, 86 %, 15814 MiB, 2842 MHz, 257.75 W
2026/08/19 15:46:06.276, 98 %, 86 %, 15814 MiB, 2842 MHz, 257.65 W
2026/08/19 15:46:07.277, 98 %, 86 %, 15814 MiB, 2842 MHz, 257.93 W
2026/08/19 15:46:08.279, 98 %, 86 %, 15814 MiB, 2842 MHz, 258.82 W
2026/08/19 15:46:09.280, 98 %, 86 %, 15814 MiB, 2842 MHz, 257.46 W
2026/08/19 15:46:10.281, 98 %, 86 %, 15814 MiB, 2842 MHz, 257.75 W
2026/08/19 15:46:11.282, 98 %, 86 %, 15814 MiB, 2842 MHz, 257.86 W
2026/08/19 15:46:12.283, 98 %, 86 %, 15814 MiB, 2842 MHz, 258.77 W
2026/08/19 15:46:13.284, 98 %, 86 %, 15814 MiB, 2842 MHz, 257.72 W
2026/08/19 15:46:14.285, 98 %, 86 %, 15814 MiB, 2842 MHz, 257.79 W
2026/08/19 15:46:15.287, 98 %, 86 %, 15814 MiB, 2842 MHz, 257.96 W
2026/08/19 15:46:16.288, 96 %, 67 %, 15814 MiB, 2842 MHz, 258.73 W
2026/08/19 15:46:17.289, 98 %, 85 %, 15814 MiB, 2842 MHz, 257.19 W
2026/08/19 15:46:18.290, 98 %, 86 %, 15814 MiB, 2842 MHz, 257.26 W
2026/08/19 15:46:19.292, 98 %, 86 %, 15814 MiB, 2842 MHz, 257.14 W
2026/08/19 15:46:20.293, 98 %, 86 %, 15810 MiB, 2842 MHz, 258.32 W
2026/08/19 15:46:21.294, 98 %, 86 %, 15810 MiB, 2842 MHz, 257.97 W
2026/08/19 15:46:22.295, 98 %, 86 %, 15810 MiB, 2842 MHz, 257.85 W
2026/08/19 15:46:23.296, 98 %, 86 %, 15810 MiB, 2842 MHz, 258.19 W
2026/08/19 15:46:24.297, 95 %, 81 %, 15815 MiB, 2842 MHz, 257.24 W
2026/08/19 15:46:25.299, 98 %, 86 %, 15815 MiB, 2842 MHz, 259.61 W
2026/08/19 15:46:26.300, 98 %, 85 %, 15815 MiB, 2842 MHz, 257.30 W
2026/08/19 15:46:29.514, 98 %, 86 %, 15815 MiB, 2842 MHz, 257.44 W
2026/08/19 15:46:30.515, 98 %, 86 %, 15815 MiB, 2842 MHz, 257.61 W
2026/08/19 15:46:31.517, 98 %, 86 %, 15815 MiB, 2835 MHz, 258.76 W
2026/08/19 15:46:32.518, 98 %, 86 %, 15815 MiB, 2842 MHz, 257.85 W
2026/08/19 15:46:33.519, 98 %, 86 %, 15815 MiB, 2842 MHz, 257.91 W
2026/08/19 15:46:34.520, 98 %, 86 %, 15815 MiB, 2842 MHz, 258.22 W
2026/08/19 15:46:35.521, 98 %, 86 %, 15815 MiB, 2842 MHz, 259.06 W
2026/08/19 15:46:36.523, 98 %, 86 %, 15817 MiB, 2842 MHz, 257.83 W
2026/08/19 15:46:37.524, 98 %, 86 %, 15814 MiB, 2842 MHz, 258.33 W
2026/08/19 15:46:38.525, 98 %, 86 %, 15814 MiB, 2842 MHz, 258.59 W
2026/08/19 15:46:39.526, 98 %, 86 %, 15814 MiB, 2842 MHz, 259.01 W
2026/08/19 15:46:40.528, 98 %, 86 %, 15814 MiB, 2842 MHz, 257.77 W
2026/08/19 15:46:41.529, 98 %, 86 %, 15814 MiB, 2842 MHz, 257.77 W
2026/08/19 15:46:42.530, 98 %, 86 %, 15814 MiB, 2842 MHz, 258.22 W
2026/08/19 15:46:43.531, 98 %, 86 %, 15814 MiB, 2835 MHz, 259.12 W
2026/08/19 15:46:44.532, 98 %, 86 %, 15814 MiB, 2842 MHz, 257.75 W
2026/08/19 15:46:45.534, 98 %, 86 %, 15814 MiB, 2842 MHz, 257.99 W
2026/08/19 15:46:46.535, 98 %, 86 %, 15814 MiB, 2842 MHz, 257.85 W
2026/08/19 15:46:47.536, 98 %, 86 %, 15814 MiB, 2835 MHz, 258.90 W
2026/08/19 15:46:48.537, 98 %, 86 %, 15814 MiB, 2842 MHz, 258.35 W
2026/08/19 15:46:49.538, 98 %, 86 %, 15814 MiB, 2842 MHz, 258.73 W
2026/08/19 15:46:50.539, 98 %, 86 %, 15815 MiB, 2842 MHz, 258.37 W
2026/08/19 15:46:51.541, 98 %, 86 %, 15815 MiB, 2842 MHz, 258.52 W
2026/08/19 15:46:52.542, 98 %, 86 %, 15815 MiB, 2842 MHz, 257.76 W
2026/08/19 15:46:53.543, 98 %, 86 %, 15815 MiB, 2842 MHz, 257.58 W
2026/08/19 15:46:54.544, 98 %, 86 %, 15815 MiB, 2842 MHz, 257.75 W
2026/08/19 15:46:55.546, 98 %, 86 %, 15815 MiB, 2842 MHz, 258.75 W
2026/08/19 15:46:56.547, 98 %, 86 %, 15814 MiB, 2842 MHz, 257.52 W
2026/08/19 15:46:57.548, 98 %, 86 %, 15814 MiB, 2842 MHz, 257.89 W
2026/08/19 15:46:58.549, 98 %, 86 %, 15814 MiB, 2842 MHz, 258.02 W
2026/08/19 15:46:59.550, 98 %, 86 %, 15814 MiB, 2835 MHz, 259.09 W
2026/08/19 15:47:00.551, 98 %, 86 %, 15814 MiB, 2842 MHz, 257.76 W
2026/08/19 15:47:03.935, 98 %, 86 %, 15814 MiB, 2842 MHz, 257.46 W
2026/08/19 15:47:04.936, 98 %, 86 %, 15814 MiB, 2842 MHz, 257.80 W
2026/08/19 15:47:05.938, 95 %, 67 %, 15814 MiB, 2842 MHz, 258.56 W
2026/08/19 15:47:06.939, 98 %, 86 %, 15814 MiB, 2842 MHz, 257.60 W
2026/08/19 15:47:07.940, 98 %, 86 %, 15814 MiB, 2842 MHz, 257.84 W
2026/08/19 15:47:08.941, 98 %, 86 %, 15814 MiB, 2842 MHz, 257.64 W
2026/08/19 15:47:09.942, 95 %, 67 %, 15814 MiB, 2842 MHz, 258.98 W
2026/08/19 15:47:10.943, 98 %, 86 %, 15814 MiB, 2842 MHz, 258.27 W
2026/08/19 15:47:11.945, 98 %, 86 %, 15814 MiB, 2842 MHz, 258.13 W
2026/08/19 15:47:12.946, 98 %, 86 %, 15814 MiB, 2842 MHz, 258.24 W
2026/08/19 15:47:13.947, 97 %, 68 %, 15814 MiB, 2842 MHz, 258.81 W
2026/08/19 15:47:14.948, 98 %, 86 %, 15814 MiB, 2842 MHz, 258.21 W
2026/08/19 15:47:15.949, 98 %, 86 %, 15814 MiB, 2842 MHz, 258.41 W
2026/08/19 15:47:16.951, 98 %, 86 %, 15814 MiB, 2842 MHz, 258.58 W
2026/08/19 15:47:17.952, 98 %, 80 %, 15814 MiB, 2842 MHz, 259.19 W
2026/08/19 15:47:18.953, 98 %, 86 %, 15814 MiB, 2842 MHz, 258.08 W
2026/08/19 15:47:19.954, 98 %, 86 %, 15815 MiB, 2842 MHz, 258.30 W
2026/08/19 15:47:20.955, 98 %, 86 %, 15815 MiB, 2842 MHz, 258.78 W
2026/08/19 15:47:21.956, 98 %, 86 %, 15815 MiB, 2842 MHz, 259.26 W
2026/08/19 15:47:22.958, 98 %, 86 %, 15815 MiB, 2842 MHz, 257.92 W
2026/08/19 15:47:23.959, 98 %, 86 %, 15814 MiB, 2842 MHz, 257.88 W
2026/08/19 15:47:24.960, 98 %, 86 %, 15814 MiB, 2842 MHz, 257.91 W
2026/08/19 15:47:25.961, 98 %, 86 %, 15814 MiB, 2842 MHz, 258.88 W
2026/08/19 15:47:26.962, 98 %, 86 %, 15814 MiB, 2842 MHz, 257.91 W
2026/08/19 15:47:27.963, 98 %, 86 %, 15814 MiB, 2842 MHz, 257.80 W
2026/08/19 15:47:28.965, 98 %, 86 %, 15814 MiB, 2842 MHz, 257.45 W
2026/08/19 15:47:29.966, 95 %, 67 %, 15814 MiB, 2842 MHz, 259.01 W
2026/08/19 15:47:30.967, 98 %, 86 %, 15814 MiB, 2842 MHz, 257.86 W
2026/08/19 15:47:31.968, 98 %, 86 %, 15814 MiB, 2842 MHz, 258.05 W
2026/08/19 15:47:32.969, 98 %, 86 %, 15814 MiB, 2842 MHz, 258.05 W
2026/08/19 15:47:33.971, 98 %, 86 %, 15814 MiB, 2842 MHz, 257.75 W
2026/08/19 15:47:34.973, 98 %, 86 %, 15814 MiB, 2842 MHz, 258.41 W
2026/08/19 15:47:38.323, 98 %, 86 %, 15814 MiB, 2842 MHz, 257.65 W
2026/08/19 15:47:39.324, 98 %, 86 %, 15814 MiB, 2842 MHz, 257.69 W
2026/08/19 15:47:40.325, 98 %, 86 %, 15814 MiB, 2842 MHz, 257.64 W
2026/08/19 15:47:41.326, 98 %, 85 %, 15814 MiB, 2842 MHz, 257.97 W
2026/08/19 15:47:42.327, 98 %, 86 %, 15814 MiB, 2842 MHz, 257.11 W
2026/08/19 15:47:43.329, 98 %, 86 %, 15814 MiB, 2842 MHz, 257.09 W
2026/08/19 15:47:44.330, 98 %, 86 %, 15814 MiB, 2842 MHz, 256.97 W
2026/08/19 15:47:45.331, 98 %, 86 %, 15814 MiB, 2842 MHz, 258.39 W
2026/08/19 15:47:46.332, 98 %, 86 %, 15814 MiB, 2842 MHz, 257.42 W
2026/08/19 15:47:47.333, 98 %, 86 %, 15814 MiB, 2842 MHz, 257.66 W
2026/08/19 15:47:48.334, 98 %, 86 %, 15814 MiB, 2842 MHz, 258.02 W
2026/08/19 15:47:49.335, 98 %, 86 %, 15814 MiB, 2842 MHz, 258.55 W
2026/08/19 15:47:50.336, 98 %, 86 %, 15815 MiB, 2842 MHz, 257.73 W
2026/08/19 15:47:51.337, 98 %, 86 %, 15815 MiB, 2842 MHz, 257.60 W
2026/08/19 15:47:52.339, 98 %, 86 %, 15815 MiB, 2842 MHz, 257.89 W
2026/08/19 15:47:53.340, 98 %, 86 %, 15815 MiB, 2842 MHz, 258.73 W
2026/08/19 15:47:54.341, 98 %, 86 %, 15815 MiB, 2842 MHz, 257.87 W
2026/08/19 15:47:55.342, 98 %, 86 %, 15814 MiB, 2842 MHz, 258.03 W
2026/08/19 15:47:56.343, 98 %, 86 %, 15814 MiB, 2842 MHz, 259.10 W
2026/08/19 15:47:57.344, 98 %, 85 %, 15814 MiB, 2842 MHz, 258.18 W
2026/08/19 15:47:58.345, 98 %, 86 %, 15814 MiB, 2842 MHz, 257.95 W
2026/08/19 15:47:59.346, 98 %, 86 %, 15814 MiB, 2842 MHz, 257.75 W
2026/08/19 15:48:00.348, 98 %, 86 %, 15814 MiB, 2842 MHz, 257.76 W
2026/08/19 15:48:01.349, 98 %, 85 %, 15817 MiB, 2842 MHz, 258.71 W
2026/08/19 15:48:02.350, 98 %, 86 %, 15814 MiB, 2842 MHz, 258.14 W
2026/08/19 15:48:03.351, 98 %, 86 %, 15814 MiB, 2842 MHz, 258.42 W
2026/08/19 15:48:04.353, 98 %, 86 %, 15814 MiB, 2842 MHz, 258.52 W
2026/08/19 15:48:05.354, 98 %, 86 %, 15814 MiB, 2842 MHz, 258.67 W
2026/08/19 15:48:06.355, 98 %, 86 %, 15817 MiB, 2842 MHz, 257.84 W
2026/08/19 15:48:07.360, 98 %, 86 %, 15814 MiB, 2842 MHz, 257.87 W
2026/08/19 15:48:08.383, 98 %, 86 %, 15814 MiB, 2842 MHz, 258.32 W
2026/08/19 15:48:09.405, 98 %, 85 %, 15814 MiB, 2842 MHz, 258.43 W
2026/08/19 15:48:12.836, 98 %, 86 %, 15814 MiB, 2842 MHz, 257.51 W
2026/08/19 15:48:13.837, 98 %, 85 %, 15814 MiB, 2842 MHz, 257.23 W
2026/08/19 15:48:14.838, 98 %, 86 %, 15814 MiB, 2842 MHz, 257.83 W
2026/08/19 15:48:15.840, 98 %, 86 %, 15814 MiB, 2842 MHz, 259.71 W
2026/08/19 15:48:16.841, 98 %, 86 %, 15814 MiB, 2842 MHz, 258.42 W
2026/08/19 15:48:17.842, 98 %, 86 %, 15814 MiB, 2842 MHz, 258.29 W
2026/08/19 15:48:18.843, 98 %, 86 %, 15814 MiB, 2842 MHz, 258.00 W
2026/08/19 15:48:19.844, 98 %, 86 %, 15814 MiB, 2842 MHz, 259.21 W
2026/08/19 15:48:20.845, 98 %, 86 %, 15814 MiB, 2842 MHz, 258.22 W
2026/08/19 15:48:21.847, 98 %, 86 %, 15814 MiB, 2842 MHz, 258.37 W
2026/08/19 15:48:22.848, 98 %, 86 %, 15814 MiB, 2842 MHz, 258.34 W
2026/08/19 15:48:23.849, 98 %, 86 %, 15817 MiB, 2842 MHz, 259.11 W
2026/08/19 15:48:24.850, 98 %, 86 %, 15815 MiB, 2842 MHz, 258.22 W
2026/08/19 15:48:25.851, 98 %, 86 %, 15815 MiB, 2842 MHz, 258.61 W
2026/08/19 15:48:26.852, 98 %, 86 %, 15815 MiB, 2842 MHz, 258.59 W
2026/08/19 15:48:27.853, 98 %, 86 %, 15815 MiB, 2842 MHz, 258.85 W
2026/08/19 15:48:28.854, 98 %, 85 %, 15817 MiB, 2842 MHz, 257.53 W
2026/08/19 15:48:29.856, 98 %, 86 %, 15814 MiB, 2842 MHz, 258.07 W
2026/08/19 15:48:30.857, 98 %, 86 %, 15814 MiB, 2842 MHz, 258.02 W
2026/08/19 15:48:31.858, 98 %, 86 %, 15814 MiB, 2842 MHz, 259.55 W
2026/08/19 15:48:32.859, 98 %, 86 %, 15814 MiB, 2842 MHz, 258.39 W
2026/08/19 15:48:33.860, 98 %, 86 %, 15817 MiB, 2842 MHz, 258.31 W
2026/08/19 15:48:34.861, 98 %, 86 %, 15814 MiB, 2842 MHz, 258.41 W
2026/08/19 15:48:35.863, 98 %, 86 %, 15814 MiB, 2842 MHz, 259.47 W
2026/08/19 15:48:36.864, 98 %, 86 %, 15814 MiB, 2842 MHz, 258.29 W
2026/08/19 15:48:37.865, 98 %, 86 %, 15814 MiB, 2842 MHz, 258.59 W
2026/08/19 15:48:38.867, 98 %, 86 %, 15817 MiB, 2842 MHz, 258.39 W
2026/08/19 15:48:39.868, 98 %, 86 %, 15814 MiB, 2842 MHz, 259.66 W
2026/08/19 15:48:40.869, 98 %, 86 %, 15814 MiB, 2842 MHz, 258.69 W
2026/08/19 15:48:41.879, 98 %, 86 %, 15814 MiB, 2842 MHz, 258.50 W
2026/08/19 15:48:42.899, 98 %, 86 %, 15814 MiB, 2842 MHz, 258.50 W
2026/08/19 15:48:43.919, 95 %, 67 %, 15814 MiB, 2842 MHz, 259.39 W
2026/08/19 15:48:47.336, 98 %, 86 %, 15814 MiB, 2842 MHz, 258.48 W
2026/08/19 15:48:48.337, 98 %, 86 %, 15814 MiB, 2842 MHz, 258.49 W
2026/08/19 15:48:49.338, 98 %, 86 %, 15814 MiB, 2842 MHz, 258.11 W
2026/08/19 15:48:50.340, 98 %, 86 %, 15814 MiB, 2842 MHz, 259.09 W
2026/08/19 15:48:51.341, 98 %, 85 %, 15814 MiB, 2842 MHz, 258.38 W
2026/08/19 15:48:52.342, 98 %, 86 %, 15814 MiB, 2842 MHz, 257.83 W
2026/08/19 15:48:53.343, 98 %, 86 %, 15810 MiB, 2842 MHz, 258.13 W
2026/08/19 15:48:54.344, 95 %, 78 %, 15810 MiB, 2842 MHz, 259.02 W
2026/08/19 15:48:55.345, 98 %, 86 %, 15810 MiB, 2842 MHz, 257.79 W
2026/08/19 15:48:56.346, 98 %, 86 %, 15818 MiB, 2842 MHz, 257.86 W
2026/08/19 15:48:57.348, 98 %, 86 %, 15815 MiB, 2842 MHz, 258.00 W
2026/08/19 15:48:58.349, 95 %, 68 %, 15815 MiB, 2835 MHz, 258.79 W
2026/08/19 15:48:59.350, 98 %, 86 %, 15815 MiB, 2842 MHz, 257.91 W
2026/08/19 15:49:00.351, 98 %, 86 %, 15815 MiB, 2842 MHz, 257.91 W
2026/08/19 15:49:01.352, 98 %, 86 %, 15817 MiB, 2842 MHz, 257.55 W
2026/08/19 15:49:02.353, 98 %, 86 %, 15815 MiB, 2835 MHz, 258.96 W
2026/08/19 15:49:03.355, 98 %, 86 %, 15815 MiB, 2842 MHz, 257.82 W
2026/08/19 15:49:04.356, 98 %, 86 %, 15815 MiB, 2842 MHz, 258.03 W
2026/08/19 15:49:05.357, 98 %, 86 %, 15815 MiB, 2842 MHz, 258.17 W
2026/08/19 15:49:06.358, 98 %, 86 %, 15817 MiB, 2842 MHz, 258.93 W
2026/08/19 15:49:07.360, 98 %, 86 %, 15814 MiB, 2842 MHz, 258.06 W
2026/08/19 15:49:08.361, 98 %, 86 %, 15814 MiB, 2842 MHz, 258.21 W
2026/08/19 15:49:09.362, 98 %, 86 %, 15814 MiB, 2842 MHz, 258.37 W
2026/08/19 15:49:10.363, 95 %, 67 %, 15814 MiB, 2842 MHz, 259.19 W
2026/08/19 15:49:11.364, 98 %, 86 %, 15817 MiB, 2842 MHz, 257.83 W
2026/08/19 15:49:12.365, 98 %, 86 %, 15814 MiB, 2842 MHz, 257.78 W
2026/08/19 15:49:13.367, 98 %, 86 %, 15814 MiB, 2842 MHz, 258.02 W
2026/08/19 15:49:14.368, 95 %, 84 %, 15814 MiB, 2835 MHz, 258.81 W
2026/08/19 15:49:15.369, 98 %, 86 %, 15814 MiB, 2842 MHz, 258.45 W
2026/08/19 15:49:16.370, 98 %, 86 %, 15813 MiB, 2842 MHz, 258.30 W
2026/08/19 15:49:17.371, 98 %, 86 %, 15731 MiB, 2842 MHz, 258.36 W
2026/08/19 15:49:18.372, 95 %, 72 %, 15731 MiB, 2842 MHz, 258.37 W
2026/08/19 15:49:22.151, 98 %, 86 %, 15731 MiB, 2842 MHz, 258.35 W
2026/08/19 15:49:23.153, 98 %, 86 %, 15731 MiB, 2842 MHz, 258.51 W
2026/08/19 15:49:24.154, 98 %, 86 %, 15731 MiB, 2842 MHz, 258.33 W
2026/08/19 15:49:25.155, 98 %, 86 %, 15731 MiB, 2842 MHz, 258.35 W
2026/08/19 15:49:26.156, 98 %, 86 %, 15731 MiB, 2842 MHz, 258.65 W
2026/08/19 15:49:27.157, 98 %, 86 %, 15731 MiB, 2842 MHz, 257.78 W
2026/08/19 15:49:28.159, 98 %, 86 %, 15731 MiB, 2842 MHz, 257.88 W
2026/08/19 15:49:29.160, 98 %, 86 %, 15731 MiB, 2842 MHz, 257.94 W
2026/08/19 15:49:30.161, 98 %, 86 %, 15731 MiB, 2842 MHz, 258.41 W
2026/08/19 15:49:31.162, 98 %, 86 %, 15731 MiB, 2842 MHz, 257.90 W
2026/08/19 15:49:32.163, 98 %, 86 %, 15731 MiB, 2842 MHz, 257.80 W
2026/08/19 15:49:33.165, 98 %, 86 %, 15731 MiB, 2842 MHz, 257.71 W
2026/08/19 15:49:34.166, 98 %, 86 %, 15731 MiB, 2842 MHz, 258.85 W
2026/08/19 15:49:35.167, 98 %, 86 %, 15731 MiB, 2842 MHz, 257.81 W
2026/08/19 15:49:36.168, 98 %, 86 %, 15731 MiB, 2842 MHz, 258.16 W
2026/08/19 15:49:37.169, 98 %, 86 %, 15731 MiB, 2842 MHz, 258.22 W
2026/08/19 15:49:38.170, 98 %, 86 %, 15731 MiB, 2842 MHz, 258.77 W
2026/08/19 15:49:39.172, 98 %, 86 %, 15731 MiB, 2842 MHz, 257.89 W
2026/08/19 15:49:40.173, 98 %, 86 %, 15731 MiB, 2842 MHz, 257.92 W
2026/08/19 15:49:41.174, 98 %, 86 %, 15731 MiB, 2842 MHz, 258.40 W
2026/08/19 15:49:42.175, 98 %, 86 %, 15731 MiB, 2842 MHz, 259.24 W
2026/08/19 15:49:43.176, 98 %, 86 %, 15731 MiB, 2842 MHz, 258.20 W
2026/08/19 15:49:44.177, 98 %, 86 %, 15731 MiB, 2842 MHz, 257.99 W
2026/08/19 15:49:45.179, 98 %, 86 %, 15731 MiB, 2842 MHz, 257.82 W
2026/08/19 15:49:46.180, 98 %, 86 %, 15731 MiB, 2842 MHz, 259.02 W
2026/08/19 15:49:47.181, 98 %, 86 %, 15731 MiB, 2842 MHz, 257.95 W
2026/08/19 15:49:48.182, 98 %, 86 %, 15731 MiB, 2842 MHz, 257.80 W
2026/08/19 15:49:49.183, 98 %, 86 %, 15731 MiB, 2842 MHz, 257.98 W
2026/08/19 15:49:50.184, 98 %, 86 %, 15731 MiB, 2842 MHz, 257.98 W
2026/08/19 15:49:51.185, 98 %, 86 %, 15731 MiB, 2842 MHz, 258.05 W
2026/08/19 15:49:52.186, 98 %, 86 %, 15731 MiB, 2842 MHz, 258.04 W
2026/08/19 15:49:53.187, 98 %, 86 %, 15731 MiB, 2842 MHz, 258.45 W
2026/08/19 15:49:54.188, 98 %, 86 %, 15731 MiB, 2842 MHz, 259.15 W
2026/08/19 15:49:57.520, 98 %, 86 %, 15731 MiB, 2842 MHz, 257.83 W
2026/08/19 15:49:58.521, 98 %, 86 %, 15731 MiB, 2842 MHz, 258.02 W
2026/08/19 15:49:59.522, 98 %, 86 %, 15731 MiB, 2842 MHz, 258.55 W
2026/08/19 15:50:00.523, 98 %, 86 %, 15731 MiB, 2842 MHz, 259.52 W
2026/08/19 15:50:01.524, 98 %, 86 %, 15731 MiB, 2842 MHz, 258.31 W
2026/08/19 15:50:02.525, 98 %, 86 %, 15731 MiB, 2842 MHz, 257.82 W
2026/08/19 15:50:03.526, 98 %, 86 %, 15731 MiB, 2842 MHz, 258.18 W
2026/08/19 15:50:04.527, 98 %, 86 %, 15731 MiB, 2835 MHz, 258.93 W
2026/08/19 15:50:05.528, 98 %, 86 %, 15731 MiB, 2842 MHz, 258.06 W
2026/08/19 15:50:06.529, 98 %, 86 %, 15731 MiB, 2842 MHz, 258.19 W
2026/08/19 15:50:07.530, 98 %, 86 %, 15731 MiB, 2842 MHz, 257.60 W
2026/08/19 15:50:08.531, 98 %, 77 %, 15731 MiB, 2842 MHz, 258.49 W
2026/08/19 15:50:09.532, 98 %, 86 %, 15731 MiB, 2842 MHz, 257.36 W
2026/08/19 15:50:10.533, 98 %, 86 %, 15731 MiB, 2842 MHz, 257.56 W
2026/08/19 15:50:11.534, 98 %, 86 %, 15731 MiB, 2842 MHz, 257.89 W
2026/08/19 15:50:12.535, 98 %, 86 %, 15731 MiB, 2842 MHz, 258.39 W
2026/08/19 15:50:13.536, 98 %, 86 %, 15731 MiB, 2842 MHz, 258.03 W
2026/08/19 15:50:14.537, 98 %, 86 %, 15731 MiB, 2842 MHz, 257.96 W
2026/08/19 15:50:15.538, 98 %, 86 %, 15731 MiB, 2842 MHz, 258.10 W
2026/08/19 15:50:16.539, 95 %, 67 %, 15731 MiB, 2842 MHz, 258.61 W
2026/08/19 15:50:17.540, 98 %, 86 %, 15731 MiB, 2842 MHz, 257.48 W
2026/08/19 15:50:18.541, 98 %, 86 %, 15731 MiB, 2842 MHz, 257.67 W
2026/08/19 15:50:19.542, 98 %, 86 %, 15731 MiB, 2842 MHz, 257.74 W
2026/08/19 15:50:20.544, 96 %, 68 %, 15731 MiB, 2835 MHz, 258.94 W
2026/08/19 15:50:21.545, 98 %, 85 %, 15731 MiB, 2842 MHz, 257.29 W
2026/08/19 15:50:22.545, 98 %, 85 %, 15731 MiB, 2842 MHz, 256.89 W
2026/08/19 15:50:23.547, 98 %, 86 %, 15731 MiB, 2842 MHz, 257.30 W
2026/08/19 15:50:24.548, 98 %, 86 %, 15731 MiB, 2842 MHz, 257.96 W
2026/08/19 15:50:25.549, 98 %, 86 %, 15731 MiB, 2842 MHz, 257.68 W
2026/08/19 15:50:26.550, 98 %, 86 %, 15731 MiB, 2842 MHz, 257.88 W
2026/08/19 15:50:27.551, 98 %, 86 %, 15731 MiB, 2842 MHz, 257.50 W
2026/08/19 15:50:28.552, 94 %, 83 %, 15731 MiB, 2842 MHz, 256.72 W
2026/08/19 15:50:31.883, 98 %, 86 %, 15731 MiB, 2842 MHz, 259.48 W
2026/08/19 15:50:32.885, 98 %, 86 %, 15731 MiB, 2842 MHz, 257.26 W
2026/08/19 15:50:33.886, 98 %, 86 %, 15731 MiB, 2842 MHz, 257.66 W
2026/08/19 15:50:34.887, 98 %, 86 %, 15731 MiB, 2842 MHz, 257.40 W
2026/08/19 15:50:35.888, 98 %, 86 %, 15731 MiB, 2842 MHz, 258.49 W
2026/08/19 15:50:36.889, 98 %, 86 %, 15731 MiB, 2842 MHz, 257.50 W
2026/08/19 15:50:37.890, 98 %, 86 %, 15731 MiB, 2842 MHz, 257.40 W
2026/08/19 15:50:38.891, 98 %, 86 %, 15731 MiB, 2842 MHz, 257.52 W
2026/08/19 15:50:39.892, 98 %, 85 %, 15731 MiB, 2842 MHz, 258.19 W
2026/08/19 15:50:40.894, 98 %, 86 %, 15731 MiB, 2842 MHz, 257.68 W
2026/08/19 15:50:41.895, 98 %, 86 %, 15731 MiB, 2842 MHz, 257.90 W
2026/08/19 15:50:42.896, 98 %, 86 %, 15731 MiB, 2842 MHz, 258.02 W
2026/08/19 15:50:43.897, 98 %, 86 %, 15731 MiB, 2842 MHz, 258.77 W
2026/08/19 15:50:44.898, 98 %, 86 %, 15731 MiB, 2842 MHz, 257.54 W
2026/08/19 15:50:45.899, 98 %, 86 %, 15731 MiB, 2842 MHz, 258.14 W
2026/08/19 15:50:46.901, 98 %, 86 %, 15731 MiB, 2842 MHz, 258.29 W
2026/08/19 15:50:47.902, 98 %, 86 %, 15731 MiB, 2842 MHz, 259.16 W
2026/08/19 15:50:48.903, 98 %, 86 %, 15731 MiB, 2842 MHz, 258.25 W
2026/08/19 15:50:49.904, 98 %, 86 %, 15731 MiB, 2842 MHz, 257.54 W
2026/08/19 15:50:50.905, 98 %, 86 %, 15731 MiB, 2842 MHz, 258.02 W
2026/08/19 15:50:51.906, 98 %, 86 %, 15731 MiB, 2842 MHz, 258.98 W
2026/08/19 15:50:52.907, 98 %, 86 %, 15731 MiB, 2842 MHz, 257.84 W
2026/08/19 15:50:53.908, 98 %, 86 %, 15731 MiB, 2842 MHz, 257.80 W
2026/08/19 15:50:54.909, 98 %, 86 %, 15731 MiB, 2842 MHz, 258.12 W
2026/08/19 15:50:55.910, 98 %, 86 %, 15731 MiB, 2842 MHz, 259.17 W
2026/08/19 15:50:56.911, 98 %, 86 %, 15731 MiB, 2842 MHz, 258.01 W
2026/08/19 15:50:57.912, 98 %, 86 %, 15731 MiB, 2842 MHz, 258.06 W
2026/08/19 15:50:58.913, 98 %, 86 %, 15731 MiB, 2842 MHz, 257.99 W
2026/08/19 15:50:59.915, 98 %, 86 %, 15731 MiB, 2842 MHz, 258.31 W
2026/08/19 15:51:00.916, 98 %, 86 %, 15731 MiB, 2842 MHz, 258.11 W
2026/08/19 15:51:01.917, 98 %, 86 %, 15731 MiB, 2842 MHz, 258.07 W
2026/08/19 15:51:02.918, 98 %, 86 %, 15731 MiB, 2842 MHz, 258.04 W
2026/08/19 15:51:06.257, 98 %, 86 %, 15731 MiB, 2842 MHz, 259.02 W
2026/08/19 15:51:07.258, 98 %, 86 %, 15731 MiB, 2842 MHz, 257.54 W
2026/08/19 15:51:08.259, 98 %, 86 %, 15731 MiB, 2842 MHz, 258.05 W
2026/08/19 15:51:09.260, 98 %, 86 %, 15731 MiB, 2842 MHz, 258.11 W
2026/08/19 15:51:10.262, 98 %, 86 %, 15731 MiB, 2835 MHz, 258.87 W
2026/08/19 15:51:11.263, 98 %, 86 %, 15731 MiB, 2842 MHz, 257.72 W
2026/08/19 15:51:12.264, 98 %, 86 %, 15731 MiB, 2842 MHz, 257.28 W
2026/08/19 15:51:13.265, 98 %, 86 %, 15731 MiB, 2842 MHz, 257.99 W
2026/08/19 15:51:14.266, 98 %, 86 %, 15731 MiB, 2842 MHz, 258.86 W
2026/08/19 15:51:15.267, 98 %, 86 %, 15731 MiB, 2842 MHz, 257.75 W
2026/08/19 15:51:16.268, 98 %, 86 %, 15731 MiB, 2842 MHz, 257.89 W
2026/08/19 15:51:17.269, 98 %, 86 %, 15734 MiB, 2842 MHz, 257.70 W
2026/08/19 15:51:18.271, 98 %, 74 %, 15731 MiB, 2842 MHz, 258.68 W
2026/08/19 15:51:19.272, 98 %, 86 %, 15731 MiB, 2842 MHz, 257.43 W
2026/08/19 15:51:20.273, 98 %, 86 %, 15731 MiB, 2842 MHz, 257.71 W
2026/08/19 15:51:21.275, 98 %, 86 %, 15731 MiB, 2842 MHz, 257.56 W
2026/08/19 15:51:22.276, 98 %, 84 %, 15731 MiB, 2842 MHz, 258.53 W
2026/08/19 15:51:23.277, 98 %, 86 %, 15731 MiB, 2842 MHz, 257.77 W
2026/08/19 15:51:24.278, 98 %, 86 %, 15731 MiB, 2842 MHz, 257.94 W
2026/08/19 15:51:25.279, 98 %, 86 %, 15731 MiB, 2842 MHz, 257.46 W
2026/08/19 15:51:26.280, 96 %, 68 %, 15731 MiB, 2842 MHz, 259.07 W
2026/08/19 15:51:27.282, 98 %, 86 %, 15734 MiB, 2842 MHz, 257.31 W
2026/08/19 15:51:28.283, 98 %, 86 %, 15731 MiB, 2842 MHz, 257.58 W
2026/08/19 15:51:29.284, 98 %, 86 %, 15731 MiB, 2842 MHz, 257.73 W
2026/08/19 15:51:30.285, 95 %, 67 %, 15731 MiB, 2842 MHz, 258.50 W
2026/08/19 15:51:31.287, 98 %, 86 %, 15731 MiB, 2842 MHz, 257.72 W
2026/08/19 15:51:32.288, 98 %, 85 %, 15731 MiB, 2842 MHz, 257.96 W
2026/08/19 15:51:33.289, 98 %, 86 %, 15731 MiB, 2842 MHz, 258.11 W
2026/08/19 15:51:34.289, 98 %, 86 %, 15731 MiB, 2842 MHz, 258.84 W
2026/08/19 15:51:35.290, 98 %, 86 %, 15731 MiB, 2842 MHz, 257.48 W
2026/08/19 15:51:36.292, 98 %, 86 %, 15731 MiB, 2842 MHz, 257.30 W
2026/08/19 15:51:37.293, 98 %, 86 %, 15734 MiB, 2842 MHz, 257.06 W
2026/08/19 15:51:40.628, 96 %, 85 %, 15731 MiB, 2842 MHz, 257.34 W
2026/08/19 15:51:41.629, 98 %, 86 %, 15731 MiB, 2842 MHz, 258.44 W
2026/08/19 15:51:42.631, 98 %, 86 %, 15731 MiB, 2842 MHz, 257.86 W
2026/08/19 15:51:43.632, 98 %, 86 %, 15731 MiB, 2842 MHz, 257.41 W
2026/08/19 15:51:44.633, 98 %, 86 %, 15734 MiB, 2842 MHz, 257.47 W
2026/08/19 15:51:45.634, 98 %, 86 %, 15731 MiB, 2842 MHz, 258.70 W
2026/08/19 15:51:46.635, 98 %, 86 %, 15731 MiB, 2842 MHz, 257.63 W
2026/08/19 15:51:47.636, 98 %, 86 %, 15731 MiB, 2842 MHz, 257.70 W
2026/08/19 15:51:48.637, 98 %, 86 %, 15731 MiB, 2842 MHz, 257.81 W
2026/08/19 15:51:49.638, 98 %, 85 %, 15734 MiB, 2842 MHz, 258.97 W
2026/08/19 15:51:50.639, 98 %, 86 %, 15731 MiB, 2842 MHz, 257.95 W
2026/08/19 15:51:51.640, 98 %, 86 %, 15731 MiB, 2842 MHz, 257.93 W
2026/08/19 15:51:52.641, 98 %, 86 %, 15731 MiB, 2842 MHz, 258.16 W
2026/08/19 15:51:53.642, 98 %, 86 %, 15731 MiB, 2842 MHz, 258.82 W
2026/08/19 15:51:54.643, 98 %, 86 %, 15734 MiB, 2842 MHz, 257.64 W
2026/08/19 15:51:55.644, 98 %, 86 %, 15731 MiB, 2842 MHz, 257.70 W
2026/08/19 15:51:56.645, 98 %, 86 %, 15731 MiB, 2842 MHz, 258.22 W
2026/08/19 15:51:57.646, 98 %, 86 %, 15731 MiB, 2842 MHz, 258.84 W
2026/08/19 15:51:58.647, 98 %, 86 %, 15731 MiB, 2842 MHz, 257.54 W
2026/08/19 15:51:59.648, 98 %, 86 %, 15731 MiB, 2842 MHz, 257.79 W
2026/08/19 15:52:00.650, 98 %, 86 %, 15731 MiB, 2842 MHz, 257.39 W
2026/08/19 15:52:01.651, 98 %, 86 %, 15731 MiB, 2842 MHz, 258.55 W
2026/08/19 15:52:02.652, 98 %, 86 %, 15731 MiB, 2842 MHz, 257.75 W
2026/08/19 15:52:03.652, 98 %, 86 %, 15731 MiB, 2842 MHz, 257.69 W
2026/08/19 15:52:04.654, 98 %, 86 %, 15734 MiB, 2842 MHz, 257.90 W
2026/08/19 15:52:05.655, 98 %, 86 %, 15731 MiB, 2842 MHz, 258.98 W
2026/08/19 15:52:06.656, 98 %, 86 %, 15731 MiB, 2842 MHz, 257.91 W
2026/08/19 15:52:07.657, 98 %, 86 %, 15731 MiB, 2842 MHz, 258.04 W
2026/08/19 15:52:08.658, 98 %, 86 %, 15731 MiB, 2842 MHz, 258.00 W
2026/08/19 15:52:09.659, 98 %, 86 %, 15731 MiB, 2842 MHz, 259.00 W
2026/08/19 15:52:10.661, 98 %, 86 %, 15731 MiB, 2842 MHz, 257.72 W
2026/08/19 15:52:11.662, 98 %, 86 %, 15731 MiB, 2842 MHz, 258.23 W
2026/08/19 15:52:12.663, 98 %, 86 %, 15731 MiB, 2842 MHz, 258.39 W
2026/08/19 15:52:16.001, 98 %, 86 %, 15731 MiB, 2835 MHz, 259.24 W
2026/08/19 15:52:17.002, 98 %, 86 %, 15731 MiB, 2842 MHz, 258.01 W
2026/08/19 15:52:18.003, 98 %, 86 %, 15731 MiB, 2842 MHz, 258.05 W
2026/08/19 15:52:19.004, 98 %, 86 %, 15731 MiB, 2842 MHz, 258.07 W
2026/08/19 15:52:20.005, 98 %, 86 %, 15731 MiB, 2842 MHz, 258.80 W
2026/08/19 15:52:21.006, 98 %, 86 %, 15731 MiB, 2842 MHz, 257.98 W
2026/08/19 15:52:22.007, 98 %, 86 %, 15731 MiB, 2842 MHz, 257.96 W
2026/08/19 15:52:23.008, 98 %, 86 %, 15731 MiB, 2842 MHz, 257.55 W
2026/08/19 15:52:24.009, 98 %, 86 %, 15731 MiB, 2842 MHz, 258.71 W
2026/08/19 15:52:25.010, 98 %, 86 %, 15731 MiB, 2842 MHz, 257.16 W
2026/08/19 15:52:26.011, 98 %, 86 %, 15731 MiB, 2842 MHz, 257.72 W
2026/08/19 15:52:27.012, 98 %, 86 %, 15731 MiB, 2842 MHz, 257.53 W
2026/08/19 15:52:28.013, 98 %, 71 %, 15731 MiB, 2835 MHz, 258.48 W
2026/08/19 15:52:29.014, 98 %, 86 %, 15731 MiB, 2842 MHz, 257.63 W
2026/08/19 15:52:30.015, 98 %, 86 %, 15731 MiB, 2842 MHz, 257.42 W
2026/08/19 15:52:31.016, 98 %, 86 %, 15731 MiB, 2842 MHz, 257.55 W
2026/08/19 15:52:32.018, 98 %, 81 %, 15731 MiB, 2842 MHz, 258.64 W
2026/08/19 15:52:33.019, 98 %, 86 %, 15731 MiB, 2842 MHz, 257.58 W
2026/08/19 15:52:34.020, 98 %, 86 %, 15731 MiB, 2842 MHz, 257.69 W
2026/08/19 15:52:35.021, 98 %, 86 %, 15731 MiB, 2842 MHz, 257.70 W
2026/08/19 15:52:36.022, 95 %, 67 %, 15731 MiB, 2842 MHz, 258.85 W
2026/08/19 15:52:37.023, 98 %, 86 %, 15731 MiB, 2842 MHz, 257.92 W
2026/08/19 15:52:38.024, 98 %, 86 %, 15731 MiB, 2842 MHz, 258.04 W
2026/08/19 15:52:39.025, 98 %, 86 %, 15731 MiB, 2842 MHz, 258.11 W
2026/08/19 15:52:40.026, 95 %, 67 %, 15731 MiB, 2842 MHz, 259.25 W
2026/08/19 15:52:41.027, 98 %, 85 %, 15731 MiB, 2842 MHz, 257.41 W
2026/08/19 15:52:42.028, 98 %, 85 %, 15731 MiB, 2842 MHz, 257.14 W
2026/08/19 15:52:43.029, 98 %, 86 %, 15731 MiB, 2842 MHz, 257.09 W
2026/08/19 15:52:44.030, 98 %, 86 %, 15731 MiB, 2842 MHz, 257.80 W
2026/08/19 15:52:45.031, 98 %, 86 %, 15731 MiB, 2842 MHz, 259.07 W
2026/08/19 15:52:46.032, 98 %, 86 %, 15731 MiB, 2842 MHz, 257.92 W
2026/08/19 15:52:47.034, 98 %, 86 %, 15731 MiB, 2842 MHz, 258.38 W
2026/08/19 15:52:50.369, 98 %, 86 %, 15731 MiB, 2842 MHz, 257.72 W
2026/08/19 15:52:51.371, 98 %, 86 %, 15731 MiB, 2842 MHz, 258.64 W
2026/08/19 15:52:52.372, 98 %, 86 %, 15731 MiB, 2842 MHz, 258.06 W
2026/08/19 15:52:53.373, 98 %, 86 %, 15731 MiB, 2842 MHz, 258.02 W
2026/08/19 15:52:54.374, 98 %, 86 %, 15731 MiB, 2842 MHz, 257.89 W
2026/08/19 15:52:55.375, 98 %, 86 %, 15731 MiB, 2842 MHz, 258.54 W
2026/08/19 15:52:56.377, 98 %, 86 %, 15731 MiB, 2842 MHz, 257.71 W
2026/08/19 15:52:57.378, 98 %, 86 %, 15731 MiB, 2842 MHz, 257.75 W
2026/08/19 15:52:58.379, 98 %, 86 %, 15731 MiB, 2842 MHz, 257.90 W
2026/08/19 15:52:59.380, 98 %, 86 %, 15731 MiB, 2842 MHz, 258.89 W
2026/08/19 15:53:00.382, 98 %, 86 %, 15731 MiB, 2842 MHz, 257.69 W
2026/08/19 15:53:01.383, 98 %, 86 %, 15731 MiB, 2842 MHz, 257.99 W
2026/08/19 15:53:02.384, 98 %, 86 %, 15731 MiB, 2842 MHz, 257.78 W
2026/08/19 15:53:03.385, 98 %, 86 %, 15731 MiB, 2842 MHz, 258.74 W
2026/08/19 15:53:04.386, 98 %, 86 %, 15731 MiB, 2842 MHz, 257.82 W
2026/08/19 15:53:05.388, 98 %, 86 %, 15731 MiB, 2842 MHz, 257.41 W
2026/08/19 15:53:06.389, 98 %, 86 %, 15731 MiB, 2842 MHz, 257.85 W
2026/08/19 15:53:07.390, 98 %, 86 %, 15731 MiB, 2842 MHz, 258.74 W
2026/08/19 15:53:08.391, 98 %, 86 %, 15731 MiB, 2842 MHz, 257.60 W
2026/08/19 15:53:09.393, 98 %, 86 %, 15731 MiB, 2842 MHz, 257.83 W
2026/08/19 15:53:10.394, 98 %, 86 %, 15731 MiB, 2842 MHz, 257.63 W
2026/08/19 15:53:11.395, 98 %, 86 %, 15731 MiB, 2842 MHz, 258.90 W
2026/08/19 15:53:12.396, 98 %, 86 %, 15731 MiB, 2842 MHz, 257.65 W
2026/08/19 15:53:13.397, 98 %, 86 %, 15731 MiB, 2842 MHz, 257.61 W
2026/08/19 15:53:14.398, 98 %, 86 %, 15731 MiB, 2842 MHz, 257.74 W
2026/08/19 15:53:15.400, 98 %, 85 %, 15731 MiB, 2835 MHz, 258.89 W
2026/08/19 15:53:16.401, 98 %, 86 %, 15731 MiB, 2842 MHz, 257.82 W
2026/08/19 15:53:17.402, 98 %, 86 %, 15731 MiB, 2842 MHz, 257.87 W
2026/08/19 15:53:18.403, 98 %, 86 %, 15731 MiB, 2842 MHz, 258.14 W
2026/08/19 15:53:19.404, 98 %, 86 %, 15731 MiB, 2835 MHz, 258.72 W
2026/08/19 15:53:20.405, 98 %, 86 %, 15731 MiB, 2842 MHz, 257.24 W
2026/08/19 15:53:21.406, 98 %, 86 %, 15731 MiB, 2842 MHz, 257.29 W
2026/08/19 15:53:24.741, 98 %, 86 %, 15731 MiB, 2842 MHz, 257.34 W
2026/08/19 15:53:25.742, 98 %, 86 %, 15731 MiB, 2842 MHz, 258.47 W
2026/08/19 15:53:26.744, 98 %, 86 %, 15731 MiB, 2842 MHz, 257.87 W
2026/08/19 15:53:27.745, 98 %, 86 %, 15731 MiB, 2842 MHz, 257.53 W
2026/08/19 15:53:28.746, 98 %, 86 %, 15731 MiB, 2842 MHz, 258.00 W
2026/08/19 15:53:29.747, 98 %, 86 %, 15731 MiB, 2842 MHz, 258.94 W
2026/08/19 15:53:30.749, 98 %, 86 %, 15731 MiB, 2842 MHz, 257.25 W
2026/08/19 15:53:31.750, 98 %, 86 %, 15731 MiB, 2842 MHz, 257.17 W
2026/08/19 15:53:32.751, 98 %, 86 %, 15731 MiB, 2842 MHz, 256.97 W
2026/08/19 15:53:33.753, 98 %, 86 %, 15731 MiB, 2835 MHz, 258.37 W
2026/08/19 15:53:34.754, 98 %, 86 %, 15731 MiB, 2842 MHz, 257.80 W
2026/08/19 15:53:35.756, 98 %, 86 %, 15731 MiB, 2842 MHz, 257.98 W
2026/08/19 15:53:36.757, 98 %, 86 %, 15731 MiB, 2842 MHz, 258.18 W
2026/08/19 15:53:37.758, 95 %, 67 %, 15731 MiB, 2842 MHz, 258.79 W
2026/08/19 15:53:38.759, 98 %, 86 %, 15731 MiB, 2842 MHz, 258.18 W
2026/08/19 15:53:39.760, 98 %, 86 %, 15731 MiB, 2842 MHz, 258.06 W
2026/08/19 15:53:40.761, 98 %, 86 %, 15731 MiB, 2842 MHz, 258.56 W
2026/08/19 15:53:41.762, 98 %, 73 %, 15731 MiB, 2842 MHz, 259.30 W
2026/08/19 15:53:42.763, 98 %, 85 %, 15731 MiB, 2842 MHz, 257.31 W
2026/08/19 15:53:43.764, 98 %, 86 %, 15731 MiB, 2842 MHz, 257.28 W
2026/08/19 15:53:44.765, 98 %, 86 %, 15731 MiB, 2842 MHz, 257.86 W
2026/08/19 15:53:45.767, 94 %, 73 %, 15731 MiB, 2842 MHz, 257.96 W
2026/08/19 15:53:46.768, 98 %, 86 %, 15731 MiB, 2842 MHz, 258.73 W
2026/08/19 15:53:47.769, 98 %, 85 %, 15731 MiB, 2842 MHz, 257.14 W
2026/08/19 15:53:48.770, 98 %, 86 %, 15731 MiB, 2842 MHz, 257.49 W
2026/08/19 15:53:49.771, 95 %, 67 %, 15731 MiB, 2842 MHz, 258.38 W
2026/08/19 15:53:50.774, 98 %, 86 %, 15731 MiB, 2842 MHz, 258.51 W
2026/08/19 15:53:51.775, 98 %, 86 %, 15731 MiB, 2842 MHz, 258.08 W
2026/08/19 15:53:52.776, 98 %, 86 %, 15731 MiB, 2842 MHz, 257.41 W
2026/08/19 15:53:53.777, 98 %, 86 %, 15731 MiB, 2842 MHz, 256.82 W
2026/08/19 15:53:54.778, 98 %, 86 %, 15731 MiB, 2842 MHz, 258.70 W
2026/08/19 15:53:55.779, 98 %, 86 %, 15731 MiB, 2842 MHz, 257.93 W
2026/08/19 15:53:59.117, 98 %, 86 %, 15731 MiB, 2842 MHz, 257.92 W
2026/08/19 15:54:00.118, 98 %, 86 %, 15731 MiB, 2842 MHz, 257.72 W
2026/08/19 15:54:01.119, 98 %, 86 %, 15731 MiB, 2842 MHz, 258.68 W
2026/08/19 15:54:02.120, 98 %, 86 %, 15731 MiB, 2842 MHz, 257.57 W
2026/08/19 15:54:03.121, 98 %, 86 %, 15731 MiB, 2842 MHz, 257.68 W
2026/08/19 15:54:04.122, 98 %, 86 %, 15731 MiB, 2842 MHz, 258.08 W
2026/08/19 15:54:05.123, 98 %, 85 %, 15731 MiB, 2842 MHz, 258.71 W
2026/08/19 15:54:06.124, 98 %, 85 %, 15731 MiB, 2842 MHz, 257.40 W
2026/08/19 15:54:07.125, 98 %, 86 %, 15731 MiB, 2842 MHz, 257.49 W
2026/08/19 15:54:08.126, 98 %, 86 %, 15731 MiB, 2842 MHz, 257.45 W
2026/08/19 15:54:09.127, 98 %, 86 %, 15731 MiB, 2842 MHz, 258.51 W
2026/08/19 15:54:10.129, 98 %, 86 %, 15731 MiB, 2842 MHz, 257.78 W
2026/08/19 15:54:11.130, 98 %, 86 %, 15731 MiB, 2842 MHz, 257.73 W
2026/08/19 15:54:12.131, 98 %, 86 %, 15731 MiB, 2842 MHz, 257.98 W
2026/08/19 15:54:13.133, 98 %, 86 %, 15731 MiB, 2842 MHz, 258.57 W
2026/08/19 15:54:14.134, 98 %, 86 %, 15731 MiB, 2842 MHz, 257.64 W
2026/08/19 15:54:15.135, 98 %, 86 %, 15731 MiB, 2842 MHz, 257.22 W
2026/08/19 15:54:16.137, 98 %, 86 %, 15731 MiB, 2842 MHz, 257.41 W
2026/08/19 15:54:17.138, 98 %, 86 %, 15731 MiB, 2842 MHz, 258.43 W
2026/08/19 15:54:18.139, 98 %, 86 %, 15731 MiB, 2842 MHz, 257.67 W
2026/08/19 15:54:19.140, 98 %, 86 %, 15731 MiB, 2842 MHz, 257.55 W
2026/08/19 15:54:20.141, 98 %, 86 %, 15883 MiB, 2842 MHz, 252.44 W
2026/08/19 15:54:21.143, 0 %, 0 %, 15883 MiB, 2842 MHz, 149.30 W
2026/08/19 15:54:22.144, 1 %, 0 %, 15882 MiB, 2857 MHz, 66.94 W
2026/08/19 15:54:23.145, 0 %, 0 %, 15882 MiB, 502 MHz, 45.83 W
2026/08/19 15:54:24.147, 0 %, 0 %, 15882 MiB, 322 MHz, 36.10 W
2026/08/19 15:54:25.148, 0 %, 0 %, 15883 MiB, 270 MHz, 36.01 W
2026/08/19 15:54:26.150, 0 %, 0 %, 15883 MiB, 180 MHz, 35.58 W
2026/08/19 15:54:27.151, 0 %, 0 %, 15883 MiB, 180 MHz, 35.04 W
2026/08/19 15:54:28.153, 100 %, 93 %, 15883 MiB, 180 MHz, 43.34 W
2026/08/19 15:54:29.154, 98 %, 86 %, 15874 MiB, 2842 MHz, 249.23 W
2026/08/19 15:54:30.155, 98 %, 85 %, 15803 MiB, 2842 MHz, 252.40 W
2026/08/19 15:54:33.488, 98 %, 86 %, 15802 MiB, 2842 MHz, 253.01 W
2026/08/19 15:54:34.489, 98 %, 86 %, 15802 MiB, 2842 MHz, 253.72 W
2026/08/19 15:54:35.490, 98 %, 86 %, 15802 MiB, 2842 MHz, 252.23 W
2026/08/19 15:54:36.491, 98 %, 86 %, 15802 MiB, 2842 MHz, 253.84 W
2026/08/19 15:54:37.492, 98 %, 86 %, 15805 MiB, 2842 MHz, 254.24 W
2026/08/19 15:54:38.493, 98 %, 86 %, 15804 MiB, 2842 MHz, 254.58 W
2026/08/19 15:54:39.494, 98 %, 86 %, 15801 MiB, 2842 MHz, 252.98 W
2026/08/19 15:54:40.495, 98 %, 86 %, 15801 MiB, 2842 MHz, 254.59 W
2026/08/19 15:54:41.496, 98 %, 86 %, 15801 MiB, 2842 MHz, 254.87 W
2026/08/19 15:54:42.497, 98 %, 86 %, 15803 MiB, 2842 MHz, 255.04 W
2026/08/19 15:54:43.498, 98 %, 86 %, 15801 MiB, 2842 MHz, 253.50 W
2026/08/19 15:54:44.499, 98 %, 86 %, 15801 MiB, 2842 MHz, 255.73 W
2026/08/19 15:54:45.500, 98 %, 86 %, 15801 MiB, 2842 MHz, 255.99 W
2026/08/19 15:54:46.501, 98 %, 86 %, 15801 MiB, 2842 MHz, 256.11 W
2026/08/19 15:54:47.503, 98 %, 86 %, 15803 MiB, 2842 MHz, 254.68 W
2026/08/19 15:54:48.504, 98 %, 86 %, 15801 MiB, 2842 MHz, 256.35 W
2026/08/19 15:54:49.505, 98 %, 86 %, 15801 MiB, 2842 MHz, 257.00 W
2026/08/19 15:54:50.506, 98 %, 86 %, 15801 MiB, 2842 MHz, 257.11 W
2026/08/19 15:54:51.507, 98 %, 83 %, 15801 MiB, 2842 MHz, 250.94 W
2026/08/19 15:54:52.508, 98 %, 86 %, 15801 MiB, 2842 MHz, 255.00 W
2026/08/19 15:54:53.509, 98 %, 86 %, 15801 MiB, 2842 MHz, 257.60 W
2026/08/19 15:54:54.510, 98 %, 86 %, 15801 MiB, 2842 MHz, 257.95 W
2026/08/19 15:54:55.511, 98 %, 86 %, 15801 MiB, 2842 MHz, 258.45 W
2026/08/19 15:54:56.512, 98 %, 86 %, 15801 MiB, 2842 MHz, 257.77 W
2026/08/19 15:54:57.513, 98 %, 86 %, 15804 MiB, 2842 MHz, 257.96 W
2026/08/19 15:54:58.515, 98 %, 86 %, 15801 MiB, 2842 MHz, 258.14 W
2026/08/19 15:54:59.516, 98 %, 86 %, 15801 MiB, 2842 MHz, 258.64 W
2026/08/19 15:55:00.517, 98 %, 86 %, 15801 MiB, 2842 MHz, 257.93 W
2026/08/19 15:55:01.518, 98 %, 86 %, 15801 MiB, 2842 MHz, 258.04 W
2026/08/19 15:55:02.519, 98 %, 86 %, 15801 MiB, 2842 MHz, 258.00 W
2026/08/19 15:55:03.521, 98 %, 86 %, 15801 MiB, 2842 MHz, 258.66 W
2026/08/19 15:55:04.522, 98 %, 86 %, 15801 MiB, 2842 MHz, 258.28 W
2026/08/19 15:55:05.523, 98 %, 86 %, 15801 MiB, 2842 MHz, 258.11 W
2026/08/19 15:55:08.857, 98 %, 86 %, 15801 MiB, 2842 MHz, 258.41 W
2026/08/19 15:55:09.858, 98 %, 86 %, 15801 MiB, 2842 MHz, 259.15 W
2026/08/19 15:55:10.859, 98 %, 86 %, 15801 MiB, 2842 MHz, 258.12 W
2026/08/19 15:55:11.861, 98 %, 86 %, 15801 MiB, 2842 MHz, 258.71 W
2026/08/19 15:55:12.862, 98 %, 86 %, 15801 MiB, 2842 MHz, 259.07 W
2026/08/19 15:55:13.863, 98 %, 86 %, 15801 MiB, 2835 MHz, 259.71 W
2026/08/19 15:55:14.864, 98 %, 86 %, 15801 MiB, 2842 MHz, 258.52 W
2026/08/19 15:55:15.865, 98 %, 86 %, 15801 MiB, 2842 MHz, 258.25 W
2026/08/19 15:55:16.866, 98 %, 86 %, 15801 MiB, 2842 MHz, 258.78 W
2026/08/19 15:55:17.867, 98 %, 86 %, 15801 MiB, 2835 MHz, 259.41 W
2026/08/19 15:55:18.868, 98 %, 86 %, 15801 MiB, 2842 MHz, 258.48 W
2026/08/19 15:55:19.870, 98 %, 86 %, 15801 MiB, 2842 MHz, 258.63 W
2026/08/19 15:55:20.871, 98 %, 86 %, 15801 MiB, 2842 MHz, 258.17 W
2026/08/19 15:55:21.872, 98 %, 86 %, 15801 MiB, 2842 MHz, 259.20 W
2026/08/19 15:55:22.873, 98 %, 86 %, 15801 MiB, 2842 MHz, 258.52 W
2026/08/19 15:55:23.874, 98 %, 86 %, 15801 MiB, 2842 MHz, 258.88 W
2026/08/19 15:55:24.875, 98 %, 86 %, 15801 MiB, 2842 MHz, 258.84 W
2026/08/19 15:55:25.877, 98 %, 86 %, 15801 MiB, 2842 MHz, 259.38 W
2026/08/19 15:55:26.878, 98 %, 86 %, 15801 MiB, 2842 MHz, 258.75 W
2026/08/19 15:55:27.879, 98 %, 86 %, 15801 MiB, 2842 MHz, 259.13 W
2026/08/19 15:55:28.880, 98 %, 86 %, 15801 MiB, 2842 MHz, 259.45 W
2026/08/19 15:55:29.881, 98 %, 86 %, 15801 MiB, 2835 MHz, 259.79 W
2026/08/19 15:55:30.883, 98 %, 86 %, 15801 MiB, 2842 MHz, 258.50 W
2026/08/19 15:55:31.884, 98 %, 86 %, 15801 MiB, 2842 MHz, 258.65 W
2026/08/19 15:55:32.885, 98 %, 86 %, 15801 MiB, 2842 MHz, 258.59 W
2026/08/19 15:55:33.886, 98 %, 70 %, 15801 MiB, 2842 MHz, 259.98 W
2026/08/19 15:55:34.887, 98 %, 86 %, 15801 MiB, 2842 MHz, 258.91 W
2026/08/19 15:55:35.888, 98 %, 86 %, 15801 MiB, 2842 MHz, 258.88 W
2026/08/19 15:55:36.889, 98 %, 86 %, 15801 MiB, 2842 MHz, 259.18 W
2026/08/19 15:55:37.890, 98 %, 80 %, 15801 MiB, 2842 MHz, 259.75 W
2026/08/19 15:55:38.892, 98 %, 86 %, 15801 MiB, 2842 MHz, 258.45 W
2026/08/19 15:55:39.893, 98 %, 86 %, 15801 MiB, 2842 MHz, 258.85 W
2026/08/19 15:55:43.227, 98 %, 86 %, 15801 MiB, 2842 MHz, 258.69 W
2026/08/19 15:55:44.229, 95 %, 66 %, 15801 MiB, 2835 MHz, 259.78 W
2026/08/19 15:55:45.230, 98 %, 86 %, 15801 MiB, 2842 MHz, 259.12 W
2026/08/19 15:55:46.231, 98 %, 86 %, 15801 MiB, 2842 MHz, 258.80 W
2026/08/19 15:55:47.232, 98 %, 86 %, 15801 MiB, 2842 MHz, 259.20 W
2026/08/19 15:55:48.233, 95 %, 67 %, 15801 MiB, 2842 MHz, 259.56 W
2026/08/19 15:55:49.235, 98 %, 86 %, 15801 MiB, 2842 MHz, 258.99 W
2026/08/19 15:55:50.236, 98 %, 86 %, 15801 MiB, 2842 MHz, 258.73 W
2026/08/19 15:55:51.237, 98 %, 86 %, 15801 MiB, 2842 MHz, 258.99 W
2026/08/19 15:55:52.238, 98 %, 86 %, 15801 MiB, 2842 MHz, 259.57 W
2026/08/19 15:55:53.241, 98 %, 86 %, 15801 MiB, 2842 MHz, 258.53 W
2026/08/19 15:55:54.242, 98 %, 86 %, 15801 MiB, 2842 MHz, 258.56 W
2026/08/19 15:55:55.243, 98 %, 86 %, 15801 MiB, 2842 MHz, 258.34 W
2026/08/19 15:55:56.244, 98 %, 86 %, 15801 MiB, 2842 MHz, 259.71 W
2026/08/19 15:55:57.246, 98 %, 86 %, 15801 MiB, 2842 MHz, 258.76 W
2026/08/19 15:55:58.247, 98 %, 86 %, 15801 MiB, 2842 MHz, 258.25 W
2026/08/19 15:55:59.248, 98 %, 86 %, 15801 MiB, 2842 MHz, 258.71 W
2026/08/19 15:56:00.249, 95 %, 77 %, 15801 MiB, 2842 MHz, 259.38 W
2026/08/19 15:56:01.250, 98 %, 86 %, 15801 MiB, 2842 MHz, 259.94 W
2026/08/19 15:56:02.251, 98 %, 86 %, 15801 MiB, 2842 MHz, 258.55 W
2026/08/19 15:56:03.252, 98 %, 86 %, 15801 MiB, 2842 MHz, 258.39 W
2026/08/19 15:56:04.254, 95 %, 68 %, 15801 MiB, 2842 MHz, 259.27 W
2026/08/19 15:56:05.255, 98 %, 86 %, 15801 MiB, 2842 MHz, 258.80 W
2026/08/19 15:56:06.256, 98 %, 86 %, 15801 MiB, 2842 MHz, 258.64 W
2026/08/19 15:56:07.257, 98 %, 86 %, 15801 MiB, 2842 MHz, 258.78 W
2026/08/19 15:56:08.258, 98 %, 86 %, 15801 MiB, 2842 MHz, 258.65 W
2026/08/19 15:56:09.259, 98 %, 86 %, 15801 MiB, 2842 MHz, 259.63 W
2026/08/19 15:56:10.261, 98 %, 86 %, 15801 MiB, 2842 MHz, 258.71 W
2026/08/19 15:56:11.262, 98 %, 86 %, 15801 MiB, 2842 MHz, 258.91 W
2026/08/19 15:56:12.263, 98 %, 86 %, 15801 MiB, 2842 MHz, 258.81 W
2026/08/19 15:56:13.264, 98 %, 85 %, 15801 MiB, 2842 MHz, 258.68 W
2026/08/19 15:56:14.265, 98 %, 86 %, 15801 MiB, 2842 MHz, 258.10 W
2026/08/19 15:56:17.788, 98 %, 86 %, 15801 MiB, 2842 MHz, 258.02 W
2026/08/19 15:56:18.789, 98 %, 86 %, 15801 MiB, 2842 MHz, 258.27 W
2026/08/19 15:56:19.791, 98 %, 86 %, 15801 MiB, 2842 MHz, 258.79 W
2026/08/19 15:56:20.792, 98 %, 86 %, 15801 MiB, 2842 MHz, 258.15 W
2026/08/19 15:56:21.793, 98 %, 86 %, 15801 MiB, 2842 MHz, 258.56 W
2026/08/19 15:56:22.794, 98 %, 86 %, 15801 MiB, 2842 MHz, 258.50 W
2026/08/19 15:56:23.795, 98 %, 86 %, 15801 MiB, 2842 MHz, 259.56 W
2026/08/19 15:56:24.796, 98 %, 86 %, 15801 MiB, 2842 MHz, 258.49 W
2026/08/19 15:56:25.797, 98 %, 86 %, 15801 MiB, 2842 MHz, 258.42 W
2026/08/19 15:56:26.798, 98 %, 86 %, 15801 MiB, 2842 MHz, 259.05 W
2026/08/19 15:56:27.799, 98 %, 86 %, 15801 MiB, 2842 MHz, 259.74 W
2026/08/19 15:56:28.800, 98 %, 86 %, 15801 MiB, 2842 MHz, 258.56 W
2026/08/19 15:56:29.801, 98 %, 86 %, 15801 MiB, 2842 MHz, 258.51 W
2026/08/19 15:56:30.802, 98 %, 86 %, 15801 MiB, 2842 MHz, 258.51 W
2026/08/19 15:56:31.803, 98 %, 86 %, 15801 MiB, 2842 MHz, 259.98 W
2026/08/19 15:56:32.805, 98 %, 86 %, 15801 MiB, 2842 MHz, 258.78 W
2026/08/19 15:56:33.806, 98 %, 86 %, 15801 MiB, 2842 MHz, 258.78 W
2026/08/19 15:56:34.807, 98 %, 86 %, 15801 MiB, 2842 MHz, 258.87 W
2026/08/19 15:56:35.808, 98 %, 85 %, 15801 MiB, 2835 MHz, 258.72 W
2026/08/19 15:56:36.809, 98 %, 86 %, 15801 MiB, 2842 MHz, 258.92 W
2026/08/19 15:56:37.811, 98 %, 86 %, 15801 MiB, 2842 MHz, 258.80 W
2026/08/19 15:56:38.812, 98 %, 86 %, 15801 MiB, 2842 MHz, 259.20 W
2026/08/19 15:56:39.813, 98 %, 86 %, 15801 MiB, 2842 MHz, 259.75 W
2026/08/19 15:56:40.814, 98 %, 86 %, 15801 MiB, 2842 MHz, 258.30 W
2026/08/19 15:56:41.815, 98 %, 86 %, 15801 MiB, 2842 MHz, 258.86 W
2026/08/19 15:56:42.816, 98 %, 86 %, 15801 MiB, 2842 MHz, 259.00 W
2026/08/19 15:56:43.818, 98 %, 86 %, 15801 MiB, 2842 MHz, 259.42 W
2026/08/19 15:56:44.819, 98 %, 86 %, 15801 MiB, 2842 MHz, 258.34 W
2026/08/19 15:56:45.820, 98 %, 86 %, 15801 MiB, 2842 MHz, 258.13 W
2026/08/19 15:56:46.821, 98 %, 86 %, 15801 MiB, 2842 MHz, 258.26 W
2026/08/19 15:56:47.823, 98 %, 76 %, 15801 MiB, 2835 MHz, 259.40 W
2026/08/19 15:56:48.824, 98 %, 86 %, 15801 MiB, 2842 MHz, 258.40 W
2026/08/19 15:56:52.088, 98 %, 86 %, 15801 MiB, 2842 MHz, 258.61 W
2026/08/19 15:56:53.089, 98 %, 86 %, 15801 MiB, 2842 MHz, 258.36 W
2026/08/19 15:56:54.090, 98 %, 86 %, 15801 MiB, 2842 MHz, 259.52 W
2026/08/19 15:56:55.091, 98 %, 86 %, 15801 MiB, 2842 MHz, 258.36 W
2026/08/19 15:56:56.092, 98 %, 86 %, 15801 MiB, 2842 MHz, 258.29 W
2026/08/19 15:56:57.094, 98 %, 86 %, 15801 MiB, 2842 MHz, 258.54 W
2026/08/19 15:56:58.095, 95 %, 67 %, 15801 MiB, 2842 MHz, 259.39 W
2026/08/19 15:56:59.096, 98 %, 86 %, 15801 MiB, 2842 MHz, 258.46 W
2026/08/19 15:57:00.097, 98 %, 86 %, 15801 MiB, 2842 MHz, 258.52 W
2026/08/19 15:57:01.098, 98 %, 86 %, 15801 MiB, 2842 MHz, 258.79 W
2026/08/19 15:57:02.100, 95 %, 67 %, 15801 MiB, 2842 MHz, 259.74 W
2026/08/19 15:57:03.101, 98 %, 85 %, 15801 MiB, 2842 MHz, 257.76 W
2026/08/19 15:57:04.102, 98 %, 86 %, 15801 MiB, 2842 MHz, 257.76 W
2026/08/19 15:57:05.103, 98 %, 86 %, 15801 MiB, 2842 MHz, 258.32 W
2026/08/19 15:57:06.104, 98 %, 86 %, 15801 MiB, 2842 MHz, 259.11 W
2026/08/19 15:57:07.105, 98 %, 86 %, 15801 MiB, 2842 MHz, 258.85 W
2026/08/19 15:57:08.106, 98 %, 85 %, 15803 MiB, 2842 MHz, 257.77 W
2026/08/19 15:57:09.107, 98 %, 86 %, 15801 MiB, 2842 MHz, 258.73 W
2026/08/19 15:57:10.108, 96 %, 84 %, 15801 MiB, 2842 MHz, 259.33 W
2026/08/19 15:57:11.111, 98 %, 86 %, 15801 MiB, 2842 MHz, 259.29 W
2026/08/19 15:57:12.112, 98 %, 86 %, 15801 MiB, 2842 MHz, 258.48 W
2026/08/19 15:57:13.113, 98 %, 86 %, 15803 MiB, 2842 MHz, 258.32 W
2026/08/19 15:57:14.115, 95 %, 74 %, 15801 MiB, 2842 MHz, 258.41 W
2026/08/19 15:57:15.116, 98 %, 85 %, 15801 MiB, 2842 MHz, 258.96 W
2026/08/19 15:57:16.117, 98 %, 86 %, 15801 MiB, 2842 MHz, 258.02 W
2026/08/19 15:57:17.118, 98 %, 86 %, 15801 MiB, 2842 MHz, 258.61 W
2026/08/19 15:57:18.119, 98 %, 86 %, 15803 MiB, 2842 MHz, 258.81 W
2026/08/19 15:57:19.120, 98 %, 86 %, 15801 MiB, 2842 MHz, 259.69 W
2026/08/19 15:57:20.122, 98 %, 86 %, 15801 MiB, 2842 MHz, 259.09 W
2026/08/19 15:57:21.123, 98 %, 86 %, 15801 MiB, 2842 MHz, 259.12 W
2026/08/19 15:57:22.124, 98 %, 86 %, 15801 MiB, 2842 MHz, 259.38 W
2026/08/19 15:57:23.125, 98 %, 85 %, 15803 MiB, 2842 MHz, 259.24 W
2026/08/19 15:57:26.591, 98 %, 86 %, 15801 MiB, 2842 MHz, 258.53 W
2026/08/19 15:57:27.592, 98 %, 86 %, 15801 MiB, 2842 MHz, 258.85 W
2026/08/19 15:57:28.593, 98 %, 86 %, 15801 MiB, 2842 MHz, 258.94 W
2026/08/19 15:57:29.595, 98 %, 86 %, 15801 MiB, 2842 MHz, 259.70 W
2026/08/19 15:57:30.597, 98 %, 86 %, 15801 MiB, 2842 MHz, 258.37 W
2026/08/19 15:57:31.598, 98 %, 86 %, 15801 MiB, 2842 MHz, 258.46 W
2026/08/19 15:57:32.599, 98 %, 86 %, 15801 MiB, 2842 MHz, 258.51 W
2026/08/19 15:57:33.600, 98 %, 86 %, 15801 MiB, 2842 MHz, 259.20 W
2026/08/19 15:57:34.601, 98 %, 86 %, 15801 MiB, 2842 MHz, 258.65 W
2026/08/19 15:57:35.602, 98 %, 86 %, 15801 MiB, 2842 MHz, 258.63 W
2026/08/19 15:57:36.603, 98 %, 86 %, 15801 MiB, 2842 MHz, 258.68 W
2026/08/19 15:57:37.604, 98 %, 86 %, 15801 MiB, 2835 MHz, 259.55 W
2026/08/19 15:57:38.605, 98 %, 86 %, 15801 MiB, 2842 MHz, 258.45 W
2026/08/19 15:57:39.606, 98 %, 86 %, 15801 MiB, 2842 MHz, 258.50 W
2026/08/19 15:57:40.608, 98 %, 86 %, 15804 MiB, 2842 MHz, 258.44 W
2026/08/19 15:57:41.609, 98 %, 86 %, 15801 MiB, 2835 MHz, 259.33 W
2026/08/19 15:57:42.610, 98 %, 86 %, 15801 MiB, 2842 MHz, 258.33 W
2026/08/19 15:57:43.611, 98 %, 86 %, 15801 MiB, 2842 MHz, 258.29 W
2026/08/19 15:57:44.612, 98 %, 86 %, 15801 MiB, 2842 MHz, 258.54 W
2026/08/19 15:57:45.613, 98 %, 86 %, 15803 MiB, 2842 MHz, 259.30 W
2026/08/19 15:57:46.615, 98 %, 86 %, 15801 MiB, 2842 MHz, 258.09 W
2026/08/19 15:57:47.616, 98 %, 86 %, 15801 MiB, 2842 MHz, 258.26 W
2026/08/19 15:57:48.617, 98 %, 86 %, 15801 MiB, 2842 MHz, 258.55 W
2026/08/19 15:57:49.618, 98 %, 86 %, 15801 MiB, 2842 MHz, 259.29 W
2026/08/19 15:57:50.619, 98 %, 86 %, 15803 MiB, 2842 MHz, 258.25 W
2026/08/19 15:57:51.620, 98 %, 86 %, 15801 MiB, 2842 MHz, 258.12 W
2026/08/19 15:57:52.621, 98 %, 86 %, 15801 MiB, 2842 MHz, 258.58 W
2026/08/19 15:57:53.623, 98 %, 86 %, 15801 MiB, 2835 MHz, 259.50 W
2026/08/19 15:57:54.624, 98 %, 86 %, 15801 MiB, 2842 MHz, 258.86 W
2026/08/19 15:57:55.625, 98 %, 86 %, 15801 MiB, 2842 MHz, 258.74 W
2026/08/19 15:57:56.626, 98 %, 86 %, 15801 MiB, 2842 MHz, 258.33 W
2026/08/19 15:57:57.627, 98 %, 72 %, 15801 MiB, 2842 MHz, 259.37 W
2026/08/19 15:57:58.628, 98 %, 86 %, 15801 MiB, 2842 MHz, 258.44 W
2026/08/19 15:58:01.840, 98 %, 86 %, 15801 MiB, 2842 MHz, 258.27 W
2026/08/19 15:58:02.841, 98 %, 86 %, 15801 MiB, 2842 MHz, 258.20 W
2026/08/19 15:58:03.842, 95 %, 71 %, 15801 MiB, 2842 MHz, 259.27 W
2026/08/19 15:58:04.844, 98 %, 86 %, 15801 MiB, 2842 MHz, 258.38 W
2026/08/19 15:58:05.845, 98 %, 86 %, 15801 MiB, 2842 MHz, 258.52 W
2026/08/19 15:58:06.846, 98 %, 86 %, 15801 MiB, 2842 MHz, 258.35 W
2026/08/19 15:58:07.847, 95 %, 68 %, 15801 MiB, 2842 MHz, 259.50 W
2026/08/19 15:58:08.849, 98 %, 86 %, 15801 MiB, 2842 MHz, 258.22 W
2026/08/19 15:58:09.850, 98 %, 86 %, 15801 MiB, 2842 MHz, 258.56 W
2026/08/19 15:58:10.851, 98 %, 86 %, 15801 MiB, 2842 MHz, 258.50 W
2026/08/19 15:58:11.852, 98 %, 86 %, 15801 MiB, 2842 MHz, 258.25 W
2026/08/19 15:58:12.853, 98 %, 86 %, 15801 MiB, 2842 MHz, 258.54 W
2026/08/19 15:58:13.854, 98 %, 86 %, 15801 MiB, 2842 MHz, 258.14 W
2026/08/19 15:58:14.855, 98 %, 86 %, 15801 MiB, 2842 MHz, 258.40 W
2026/08/19 15:58:15.857, 95 %, 67 %, 15801 MiB, 2842 MHz, 259.18 W
2026/08/19 15:58:16.858, 98 %, 86 %, 15801 MiB, 2842 MHz, 257.77 W
2026/08/19 15:58:17.859, 98 %, 86 %, 15801 MiB, 2842 MHz, 257.78 W
2026/08/19 15:58:18.860, 98 %, 86 %, 15801 MiB, 2842 MHz, 257.47 W
2026/08/19 15:58:19.861, 96 %, 85 %, 15801 MiB, 2842 MHz, 258.57 W
2026/08/19 15:58:20.862, 98 %, 86 %, 15801 MiB, 2842 MHz, 257.89 W
2026/08/19 15:58:21.864, 98 %, 86 %, 15801 MiB, 2842 MHz, 258.01 W
2026/08/19 15:58:22.865, 98 %, 86 %, 15801 MiB, 2842 MHz, 257.89 W
2026/08/19 15:58:23.866, 95 %, 73 %, 15801 MiB, 2842 MHz, 257.27 W
2026/08/19 15:58:24.867, 98 %, 86 %, 15801 MiB, 2842 MHz, 257.59 W
2026/08/19 15:58:25.868, 98 %, 86 %, 15801 MiB, 2842 MHz, 257.73 W
2026/08/19 15:58:26.869, 98 %, 86 %, 15801 MiB, 2842 MHz, 257.91 W
2026/08/19 15:58:27.869, 98 %, 86 %, 15800 MiB, 2842 MHz, 258.31 W
2026/08/19 15:58:28.871, 98 %, 86 %, 15801 MiB, 2842 MHz, 258.03 W
2026/08/19 15:58:29.872, 98 %, 86 %, 15801 MiB, 2842 MHz, 257.12 W
2026/08/19 15:58:30.873, 98 %, 86 %, 15801 MiB, 2842 MHz, 257.40 W
2026/08/19 15:58:31.874, 98 %, 86 %, 15801 MiB, 2842 MHz, 257.34 W
2026/08/19 15:58:32.876, 98 %, 86 %, 15801 MiB, 2842 MHz, 258.60 W
2026/08/19 15:58:36.326, 98 %, 86 %, 15801 MiB, 2842 MHz, 257.44 W
2026/08/19 15:58:37.327, 98 %, 86 %, 15801 MiB, 2842 MHz, 257.66 W
2026/08/19 15:58:38.329, 98 %, 86 %, 15801 MiB, 2842 MHz, 257.66 W
2026/08/19 15:58:39.330, 98 %, 86 %, 15801 MiB, 2842 MHz, 258.33 W
2026/08/19 15:58:40.331, 98 %, 86 %, 15801 MiB, 2842 MHz, 257.43 W
2026/08/19 15:58:41.333, 98 %, 86 %, 15801 MiB, 2842 MHz, 257.33 W
2026/08/19 15:58:42.334, 98 %, 86 %, 15801 MiB, 2842 MHz, 257.70 W
2026/08/19 15:58:43.335, 98 %, 86 %, 15801 MiB, 2835 MHz, 258.76 W
2026/08/19 15:58:44.336, 98 %, 86 %, 15801 MiB, 2842 MHz, 257.63 W
2026/08/19 15:58:45.337, 98 %, 86 %, 15801 MiB, 2842 MHz, 258.00 W
2026/08/19 15:58:46.338, 98 %, 86 %, 15803 MiB, 2842 MHz, 257.67 W
2026/08/19 15:58:47.340, 98 %, 86 %, 15801 MiB, 2842 MHz, 258.78 W
2026/08/19 15:58:48.341, 98 %, 86 %, 15801 MiB, 2842 MHz, 257.57 W
2026/08/19 15:58:49.342, 98 %, 86 %, 15801 MiB, 2842 MHz, 257.75 W
2026/08/19 15:58:50.343, 98 %, 86 %, 15801 MiB, 2842 MHz, 257.60 W
2026/08/19 15:58:51.344, 98 %, 86 %, 15801 MiB, 2842 MHz, 258.37 W
2026/08/19 15:58:52.345, 98 %, 86 %, 15801 MiB, 2842 MHz, 257.53 W
2026/08/19 15:58:53.346, 98 %, 86 %, 15801 MiB, 2842 MHz, 257.76 W
2026/08/19 15:58:54.347, 98 %, 86 %, 15801 MiB, 2842 MHz, 257.98 W
2026/08/19 15:58:55.347, 98 %, 86 %, 15801 MiB, 2842 MHz, 258.47 W
2026/08/19 15:58:56.348, 98 %, 85 %, 15801 MiB, 2842 MHz, 257.34 W
2026/08/19 15:58:57.350, 98 %, 86 %, 15801 MiB, 2842 MHz, 257.81 W
2026/08/19 15:58:58.351, 98 %, 86 %, 15801 MiB, 2842 MHz, 257.94 W
2026/08/19 15:58:59.352, 98 %, 86 %, 15801 MiB, 2835 MHz, 258.73 W
2026/08/19 15:59:00.353, 98 %, 86 %, 15801 MiB, 2842 MHz, 257.42 W
2026/08/19 15:59:01.354, 98 %, 86 %, 15801 MiB, 2842 MHz, 257.41 W
2026/08/19 15:59:02.355, 98 %, 86 %, 15801 MiB, 2842 MHz, 257.95 W
2026/08/19 15:59:03.356, 98 %, 86 %, 15801 MiB, 2842 MHz, 258.80 W
2026/08/19 15:59:04.357, 98 %, 86 %, 15801 MiB, 2842 MHz, 257.51 W
2026/08/19 15:59:05.357, 98 %, 86 %, 15801 MiB, 2842 MHz, 257.35 W
2026/08/19 15:59:06.358, 98 %, 86 %, 15801 MiB, 2842 MHz, 257.41 W
2026/08/19 15:59:07.359, 98 %, 86 %, 15801 MiB, 2842 MHz, 258.61 W
2026/08/19 15:59:10.845, 98 %, 86 %, 15801 MiB, 2842 MHz, 257.27 W
2026/08/19 15:59:11.846, 98 %, 86 %, 15801 MiB, 2842 MHz, 257.71 W
2026/08/19 15:59:12.847, 98 %, 86 %, 15801 MiB, 2842 MHz, 257.48 W
2026/08/19 15:59:13.848, 98 %, 80 %, 15801 MiB, 2835 MHz, 258.06 W
2026/08/19 15:59:14.849, 98 %, 86 %, 15801 MiB, 2842 MHz, 257.21 W
2026/08/19 15:59:15.850, 98 %, 86 %, 15801 MiB, 2842 MHz, 257.23 W
2026/08/19 15:59:16.851, 98 %, 86 %, 15801 MiB, 2842 MHz, 257.34 W
2026/08/19 15:59:17.852, 95 %, 67 %, 15801 MiB, 2842 MHz, 258.28 W
2026/08/19 15:59:18.853, 98 %, 86 %, 15801 MiB, 2842 MHz, 257.14 W
2026/08/19 15:59:19.854, 98 %, 86 %, 15801 MiB, 2842 MHz, 257.26 W
2026/08/19 15:59:20.855, 98 %, 86 %, 15800 MiB, 2842 MHz, 256.77 W
2026/08/19 15:59:21.857, 95 %, 67 %, 15800 MiB, 2842 MHz, 258.73 W
2026/08/19 15:59:22.858, 98 %, 86 %, 15801 MiB, 2842 MHz, 257.50 W
2026/08/19 15:59:23.859, 98 %, 86 %, 15801 MiB, 2842 MHz, 257.01 W
2026/08/19 15:59:24.860, 98 %, 86 %, 15801 MiB, 2842 MHz, 257.52 W
2026/08/19 15:59:25.861, 98 %, 86 %, 15801 MiB, 2842 MHz, 258.73 W
2026/08/19 15:59:26.862, 98 %, 86 %, 15801 MiB, 2842 MHz, 257.89 W
2026/08/19 15:59:27.863, 98 %, 86 %, 15801 MiB, 2842 MHz, 257.81 W
2026/08/19 15:59:28.864, 98 %, 86 %, 15801 MiB, 2842 MHz, 257.78 W
2026/08/19 15:59:29.865, 98 %, 86 %, 15801 MiB, 2835 MHz, 258.79 W
2026/08/19 15:59:30.866, 98 %, 86 %, 15801 MiB, 2842 MHz, 257.46 W
2026/08/19 15:59:31.867, 98 %, 86 %, 15801 MiB, 2842 MHz, 257.45 W
2026/08/19 15:59:32.868, 98 %, 86 %, 15801 MiB, 2842 MHz, 257.59 W
2026/08/19 15:59:33.869, 98 %, 73 %, 15801 MiB, 2842 MHz, 257.98 W
2026/08/19 15:59:34.870, 98 %, 86 %, 15801 MiB, 2842 MHz, 257.45 W
2026/08/19 15:59:35.872, 98 %, 86 %, 15801 MiB, 2842 MHz, 257.55 W
2026/08/19 15:59:36.873, 98 %, 86 %, 15801 MiB, 2842 MHz, 257.85 W
2026/08/19 15:59:37.874, 98 %, 83 %, 15801 MiB, 2842 MHz, 258.75 W
2026/08/19 15:59:38.875, 98 %, 86 %, 15801 MiB, 2842 MHz, 257.58 W
2026/08/19 15:59:39.877, 98 %, 86 %, 15801 MiB, 2842 MHz, 257.89 W
2026/08/19 15:59:40.878, 98 %, 86 %, 15801 MiB, 2842 MHz, 257.85 W
2026/08/19 15:59:41.879, 95 %, 67 %, 15801 MiB, 2842 MHz, 259.03 W
2026/08/19 15:59:45.336, 98 %, 86 %, 15801 MiB, 2842 MHz, 258.36 W
2026/08/19 15:59:46.338, 98 %, 85 %, 15801 MiB, 2842 MHz, 257.41 W
2026/08/19 15:59:47.339, 98 %, 86 %, 15801 MiB, 2842 MHz, 258.01 W
2026/08/19 15:59:48.340, 98 %, 86 %, 15801 MiB, 2842 MHz, 257.82 W
2026/08/19 15:59:49.341, 98 %, 86 %, 15801 MiB, 2842 MHz, 259.08 W
2026/08/19 15:59:50.342, 98 %, 86 %, 15801 MiB, 2842 MHz, 258.24 W
2026/08/19 15:59:51.343, 98 %, 86 %, 15801 MiB, 2842 MHz, 257.88 W
2026/08/19 15:59:52.345, 98 %, 86 %, 15801 MiB, 2842 MHz, 257.94 W
2026/08/19 15:59:53.346, 98 %, 86 %, 15801 MiB, 2842 MHz, 258.67 W
2026/08/19 15:59:54.347, 98 %, 86 %, 15801 MiB, 2842 MHz, 257.91 W
2026/08/19 15:59:55.348, 98 %, 86 %, 15800 MiB, 2842 MHz, 257.95 W
2026/08/19 15:59:56.349, 98 %, 86 %, 15801 MiB, 2842 MHz, 257.57 W
2026/08/19 15:59:57.350, 98 %, 86 %, 15801 MiB, 2842 MHz, 259.00 W
2026/08/19 15:59:58.352, 98 %, 86 %, 15801 MiB, 2842 MHz, 257.59 W
2026/08/19 15:59:59.353, 98 %, 86 %, 15801 MiB, 2842 MHz, 257.78 W
2026/08/19 16:00:00.354, 98 %, 86 %, 15801 MiB, 2842 MHz, 257.99 W
2026/08/19 16:00:01.355, 98 %, 86 %, 15803 MiB, 2842 MHz, 258.28 W
2026/08/19 16:00:02.356, 98 %, 86 %, 15801 MiB, 2842 MHz, 257.67 W
2026/08/19 16:00:03.357, 98 %, 86 %, 15801 MiB, 2842 MHz, 257.63 W
2026/08/19 16:00:04.358, 98 %, 86 %, 15801 MiB, 2842 MHz, 257.93 W
2026/08/19 16:00:05.360, 98 %, 86 %, 15801 MiB, 2842 MHz, 258.58 W
2026/08/19 16:00:06.361, 98 %, 86 %, 15803 MiB, 2842 MHz, 257.27 W
2026/08/19 16:00:07.362, 98 %, 86 %, 15801 MiB, 2842 MHz, 257.63 W
2026/08/19 16:00:08.365, 98 %, 86 %, 15801 MiB, 2842 MHz, 256.09 W
2026/08/19 16:00:09.366, 98 %, 86 %, 15801 MiB, 2842 MHz, 259.22 W
2026/08/19 16:00:10.367, 98 %, 86 %, 15801 MiB, 2842 MHz, 257.42 W
2026/08/19 16:00:11.368, 98 %, 86 %, 15803 MiB, 2842 MHz, 257.29 W
2026/08/19 16:00:12.370, 98 %, 86 %, 15801 MiB, 2842 MHz, 257.32 W
2026/08/19 16:00:13.371, 98 %, 86 %, 15801 MiB, 2842 MHz, 258.15 W
2026/08/19 16:00:14.372, 98 %, 86 %, 15801 MiB, 2842 MHz, 257.40 W
2026/08/19 16:00:15.374, 98 %, 86 %, 15801 MiB, 2842 MHz, 257.50 W
2026/08/19 16:00:16.375, 98 %, 86 %, 15801 MiB, 2842 MHz, 257.11 W
2026/08/19 16:00:17.376, 98 %, 86 %, 15801 MiB, 2842 MHz, 258.00 W
2026/08/19 16:00:20.929, 98 %, 86 %, 15801 MiB, 2842 MHz, 257.16 W
2026/08/19 16:00:21.931, 98 %, 86 %, 15801 MiB, 2842 MHz, 257.20 W
2026/08/19 16:00:22.932, 98 %, 86 %, 15801 MiB, 2842 MHz, 257.39 W
2026/08/19 16:00:23.933, 98 %, 86 %, 15801 MiB, 2842 MHz, 258.54 W
2026/08/19 16:00:24.935, 98 %, 86 %, 15801 MiB, 2842 MHz, 257.54 W
2026/08/19 16:00:25.936, 98 %, 86 %, 15801 MiB, 2842 MHz, 257.88 W
2026/08/19 16:00:26.937, 98 %, 86 %, 15801 MiB, 2842 MHz, 257.99 W
2026/08/19 16:00:27.938, 98 %, 82 %, 15801 MiB, 2842 MHz, 258.60 W
2026/08/19 16:00:28.940, 98 %, 85 %, 15801 MiB, 2842 MHz, 257.00 W
2026/08/19 16:00:29.941, 98 %, 86 %, 15801 MiB, 2842 MHz, 257.39 W
2026/08/19 16:00:30.943, 98 %, 86 %, 15801 MiB, 2842 MHz, 257.41 W
2026/08/19 16:00:31.944, 98 %, 86 %, 15801 MiB, 2835 MHz, 258.12 W
2026/08/19 16:00:32.945, 98 %, 86 %, 15801 MiB, 2842 MHz, 257.74 W
2026/08/19 16:00:33.946, 98 %, 86 %, 15804 MiB, 2842 MHz, 257.65 W
2026/08/19 16:00:34.948, 98 %, 86 %, 15801 MiB, 2842 MHz, 258.18 W
2026/08/19 16:00:35.950, 95 %, 67 %, 15801 MiB, 2842 MHz, 258.58 W
2026/08/19 16:00:36.951, 98 %, 86 %, 15801 MiB, 2842 MHz, 257.44 W
2026/08/19 16:00:37.952, 98 %, 86 %, 15801 MiB, 2842 MHz, 257.29 W
2026/08/19 16:00:38.953, 98 %, 86 %, 15803 MiB, 2842 MHz, 257.60 W
2026/08/19 16:00:39.954, 95 %, 67 %, 15801 MiB, 2842 MHz, 258.47 W
2026/08/19 16:00:40.955, 98 %, 86 %, 15801 MiB, 2842 MHz, 257.28 W
2026/08/19 16:00:41.957, 98 %, 86 %, 15801 MiB, 2842 MHz, 257.71 W
2026/08/19 16:00:42.958, 98 %, 86 %, 15801 MiB, 2842 MHz, 257.92 W
2026/08/19 16:00:43.959, 98 %, 86 %, 15803 MiB, 2842 MHz, 258.22 W
2026/08/19 16:00:44.960, 98 %, 86 %, 15801 MiB, 2842 MHz, 257.68 W
2026/08/19 16:00:45.962, 98 %, 86 %, 15801 MiB, 2842 MHz, 257.83 W
2026/08/19 16:00:46.963, 98 %, 86 %, 15801 MiB, 2842 MHz, 258.05 W
2026/08/19 16:00:47.964, 98 %, 75 %, 15801 MiB, 2835 MHz, 258.75 W
2026/08/19 16:00:48.965, 98 %, 86 %, 15801 MiB, 2842 MHz, 258.10 W
2026/08/19 16:00:49.966, 98 %, 86 %, 15801 MiB, 2842 MHz, 257.70 W
2026/08/19 16:00:50.968, 98 %, 86 %, 15801 MiB, 2842 MHz, 257.79 W
2026/08/19 16:00:51.969, 95 %, 67 %, 15801 MiB, 2842 MHz, 258.42 W
2026/08/19 16:00:55.220, 98 %, 86 %, 15801 MiB, 2842 MHz, 257.15 W
2026/08/19 16:00:56.221, 98 %, 86 %, 15801 MiB, 2842 MHz, 257.28 W
2026/08/19 16:00:57.222, 98 %, 86 %, 15801 MiB, 2842 MHz, 257.61 W
2026/08/19 16:00:58.223, 98 %, 86 %, 15801 MiB, 2842 MHz, 257.62 W
2026/08/19 16:00:59.225, 98 %, 86 %, 15801 MiB, 2842 MHz, 258.73 W
2026/08/19 16:01:00.226, 98 %, 86 %, 15801 MiB, 2842 MHz, 257.55 W
2026/08/19 16:01:01.227, 98 %, 86 %, 15801 MiB, 2842 MHz, 257.52 W
2026/08/19 16:01:02.228, 98 %, 86 %, 15801 MiB, 2842 MHz, 257.34 W
2026/08/19 16:01:03.229, 98 %, 86 %, 15801 MiB, 2842 MHz, 258.93 W
2026/08/19 16:01:04.230, 98 %, 86 %, 15801 MiB, 2842 MHz, 258.03 W
2026/08/19 16:01:05.232, 98 %, 86 %, 15801 MiB, 2842 MHz, 258.17 W
2026/08/19 16:01:06.233, 98 %, 86 %, 15801 MiB, 2842 MHz, 257.96 W
2026/08/19 16:01:07.234, 98 %, 86 %, 15801 MiB, 2842 MHz, 258.37 W
2026/08/19 16:01:08.235, 98 %, 86 %, 15801 MiB, 2842 MHz, 257.82 W
2026/08/19 16:01:09.237, 98 %, 86 %, 15801 MiB, 2842 MHz, 257.81 W
2026/08/19 16:01:10.238, 95 %, 79 %, 15801 MiB, 2842 MHz, 257.20 W
2026/08/19 16:01:11.239, 98 %, 86 %, 15801 MiB, 2842 MHz, 257.70 W
2026/08/19 16:01:12.241, 98 %, 86 %, 15801 MiB, 2842 MHz, 257.54 W
2026/08/19 16:01:13.242, 98 %, 86 %, 15801 MiB, 2842 MHz, 258.05 W
2026/08/19 16:01:14.243, 95 %, 69 %, 15801 MiB, 2842 MHz, 258.82 W
2026/08/19 16:01:15.244, 98 %, 86 %, 15801 MiB, 2842 MHz, 257.48 W
2026/08/19 16:01:16.245, 98 %, 86 %, 15801 MiB, 2842 MHz, 257.63 W
2026/08/19 16:01:17.247, 98 %, 86 %, 15801 MiB, 2842 MHz, 257.23 W
2026/08/19 16:01:18.248, 95 %, 67 %, 15801 MiB, 2835 MHz, 258.54 W
2026/08/19 16:01:19.249, 98 %, 86 %, 15801 MiB, 2842 MHz, 257.80 W
2026/08/19 16:01:20.250, 98 %, 86 %, 15801 MiB, 2842 MHz, 257.61 W
2026/08/19 16:01:21.252, 98 %, 86 %, 15801 MiB, 2842 MHz, 257.82 W
2026/08/19 16:01:22.253, 98 %, 86 %, 15801 MiB, 2842 MHz, 256.86 W
2026/08/19 16:01:23.254, 98 %, 85 %, 15801 MiB, 2842 MHz, 259.27 W
2026/08/19 16:01:24.256, 98 %, 86 %, 15801 MiB, 2842 MHz, 257.39 W
2026/08/19 16:01:25.257, 98 %, 86 %, 15801 MiB, 2842 MHz, 257.43 W
2026/08/19 16:01:26.258, 98 %, 86 %, 15801 MiB, 2842 MHz, 257.78 W
2026/08/19 16:01:29.796, 98 %, 85 %, 15801 MiB, 2842 MHz, 258.01 W
2026/08/19 16:01:30.797, 98 %, 86 %, 15801 MiB, 2842 MHz, 257.22 W
2026/08/19 16:01:31.798, 98 %, 86 %, 15801 MiB, 2842 MHz, 257.40 W
2026/08/19 16:01:32.799, 98 %, 86 %, 15801 MiB, 2842 MHz, 257.57 W
2026/08/19 16:01:33.801, 98 %, 86 %, 15801 MiB, 2842 MHz, 258.47 W
2026/08/19 16:01:34.802, 98 %, 86 %, 15801 MiB, 2842 MHz, 257.65 W
2026/08/19 16:01:35.803, 98 %, 86 %, 15801 MiB, 2842 MHz, 258.04 W
2026/08/19 16:01:36.805, 98 %, 86 %, 15801 MiB, 2842 MHz, 258.15 W
2026/08/19 16:01:37.806, 98 %, 86 %, 15801 MiB, 2842 MHz, 258.92 W
2026/08/19 16:01:38.807, 98 %, 86 %, 15801 MiB, 2842 MHz, 257.92 W
2026/08/19 16:01:39.809, 98 %, 86 %, 15803 MiB, 2842 MHz, 257.57 W
2026/08/19 16:01:40.810, 98 %, 86 %, 15801 MiB, 2842 MHz, 257.61 W
2026/08/19 16:01:41.811, 98 %, 86 %, 15801 MiB, 2842 MHz, 259.09 W
2026/08/19 16:01:42.812, 98 %, 86 %, 15801 MiB, 2842 MHz, 257.68 W
2026/08/19 16:01:43.813, 98 %, 86 %, 15801 MiB, 2842 MHz, 258.04 W
2026/08/19 16:01:44.814, 98 %, 86 %, 15801 MiB, 2842 MHz, 257.71 W
2026/08/19 16:01:45.815, 98 %, 86 %, 15801 MiB, 2842 MHz, 258.74 W
2026/08/19 16:01:46.817, 98 %, 86 %, 15801 MiB, 2842 MHz, 258.07 W
2026/08/19 16:01:47.818, 98 %, 86 %, 15801 MiB, 2842 MHz, 257.34 W
2026/08/19 16:01:48.819, 98 %, 86 %, 15800 MiB, 2842 MHz, 257.83 W
2026/08/19 16:01:49.820, 98 %, 86 %, 15801 MiB, 2842 MHz, 258.26 W
2026/08/19 16:01:50.821, 98 %, 86 %, 15801 MiB, 2842 MHz, 257.70 W
2026/08/19 16:01:51.822, 98 %, 86 %, 15801 MiB, 2842 MHz, 258.01 W
2026/08/19 16:01:52.824, 98 %, 86 %, 15801 MiB, 2842 MHz, 257.90 W
2026/08/19 16:01:53.825, 98 %, 86 %, 15801 MiB, 2835 MHz, 258.88 W
2026/08/19 16:01:54.826, 98 %, 85 %, 15801 MiB, 2842 MHz, 257.48 W
2026/08/19 16:01:55.827, 98 %, 86 %, 15801 MiB, 2842 MHz, 258.14 W
2026/08/19 16:01:56.828, 98 %, 86 %, 15801 MiB, 2842 MHz, 258.09 W
2026/08/19 16:01:57.830, 98 %, 86 %, 15801 MiB, 2842 MHz, 258.99 W
2026/08/19 16:01:58.831, 98 %, 86 %, 15801 MiB, 2842 MHz, 258.20 W
2026/08/19 16:01:59.832, 98 %, 86 %, 15801 MiB, 2842 MHz, 257.89 W
2026/08/19 16:02:00.833, 98 %, 86 %, 15801 MiB, 2842 MHz, 258.31 W
2026/08/19 16:02:04.170, 98 %, 86 %, 15801 MiB, 2842 MHz, 259.15 W
2026/08/19 16:02:05.171, 98 %, 86 %, 15801 MiB, 2842 MHz, 257.69 W
2026/08/19 16:02:06.172, 98 %, 86 %, 15801 MiB, 2842 MHz, 257.79 W
2026/08/19 16:02:07.173, 98 %, 86 %, 15801 MiB, 2842 MHz, 257.61 W
2026/08/19 16:02:08.175, 95 %, 67 %, 15801 MiB, 2842 MHz, 258.81 W
2026/08/19 16:02:09.176, 98 %, 86 %, 15801 MiB, 2842 MHz, 258.09 W
2026/08/19 16:02:10.178, 98 %, 86 %, 15801 MiB, 2842 MHz, 257.87 W
2026/08/19 16:02:11.180, 98 %, 86 %, 15800 MiB, 2842 MHz, 257.43 W
2026/08/19 16:02:12.181, 98 %, 86 %, 15800 MiB, 2842 MHz, 257.77 W
2026/08/19 16:02:13.182, 98 %, 86 %, 15800 MiB, 2842 MHz, 258.75 W
2026/08/19 16:02:14.183, 98 %, 86 %, 15800 MiB, 2842 MHz, 257.77 W
2026/08/19 16:02:15.185, 98 %, 86 %, 15796 MiB, 2842 MHz, 257.91 W
2026/08/19 16:02:16.187, 98 %, 86 %, 15796 MiB, 2842 MHz, 258.03 W
2026/08/19 16:02:17.188, 98 %, 86 %, 15801 MiB, 2842 MHz, 258.54 W
2026/08/19 16:02:18.189, 98 %, 86 %, 15801 MiB, 2842 MHz, 257.64 W
2026/08/19 16:02:19.190, 98 %, 86 %, 15801 MiB, 2842 MHz, 257.73 W
2026/08/19 16:02:20.192, 98 %, 86 %, 15801 MiB, 2842 MHz, 258.03 W
2026/08/19 16:02:21.193, 98 %, 86 %, 15801 MiB, 2842 MHz, 258.86 W
2026/08/19 16:02:22.195, 98 %, 86 %, 15801 MiB, 2842 MHz, 257.83 W
2026/08/19 16:02:23.196, 98 %, 86 %, 15801 MiB, 2842 MHz, 258.20 W
2026/08/19 16:02:24.197, 98 %, 86 %, 15801 MiB, 2842 MHz, 258.39 W
2026/08/19 16:02:25.199, 98 %, 86 %, 15801 MiB, 2842 MHz, 259.28 W
2026/08/19 16:02:26.200, 98 %, 86 %, 15801 MiB, 2842 MHz, 257.41 W
2026/08/19 16:02:27.202, 98 %, 86 %, 15801 MiB, 2842 MHz, 257.14 W
2026/08/19 16:02:28.203, 98 %, 86 %, 15801 MiB, 2842 MHz, 257.27 W
2026/08/19 16:02:29.204, 98 %, 86 %, 15801 MiB, 2842 MHz, 257.88 W
2026/08/19 16:02:30.207, 98 %, 86 %, 15801 MiB, 2842 MHz, 257.62 W
2026/08/19 16:02:31.208, 98 %, 86 %, 15801 MiB, 2842 MHz, 257.76 W
2026/08/19 16:02:32.209, 98 %, 86 %, 15801 MiB, 2842 MHz, 257.41 W
2026/08/19 16:02:33.210, 98 %, 86 %, 15801 MiB, 2842 MHz, 258.75 W
2026/08/19 16:02:34.211, 98 %, 86 %, 15801 MiB, 2842 MHz, 257.74 W
2026/08/19 16:02:35.213, 98 %, 86 %, 15801 MiB, 2842 MHz, 257.99 W
2026/08/19 16:02:38.150, 98 %, 86 %, 15801 MiB, 2842 MHz, 258.15 W
2026/08/19 16:02:39.152, 98 %, 86 %, 15801 MiB, 2842 MHz, 258.39 W
2026/08/19 16:02:40.154, 98 %, 86 %, 15801 MiB, 2842 MHz, 258.01 W
2026/08/19 16:02:41.155, 98 %, 86 %, 15801 MiB, 2842 MHz, 258.46 W
2026/08/19 16:02:42.157, 98 %, 86 %, 15801 MiB, 2842 MHz, 258.17 W
2026/08/19 16:02:43.159, 98 %, 86 %, 15801 MiB, 2835 MHz, 259.28 W
2026/08/19 16:02:44.160, 98 %, 86 %, 15801 MiB, 2842 MHz, 257.68 W
2026/08/19 16:02:45.161, 98 %, 86 %, 15801 MiB, 2842 MHz, 258.00 W
2026/08/19 16:02:46.162, 98 %, 86 %, 15801 MiB, 2842 MHz, 257.98 W
2026/08/19 16:02:47.163, 98 %, 86 %, 15801 MiB, 2842 MHz, 259.27 W
2026/08/19 16:02:48.164, 98 %, 86 %, 15801 MiB, 2842 MHz, 258.23 W
2026/08/19 16:02:49.166, 98 %, 86 %, 15801 MiB, 2842 MHz, 257.79 W
2026/08/19 16:02:50.167, 98 %, 86 %, 15801 MiB, 2842 MHz, 258.11 W
2026/08/19 16:02:51.168, 98 %, 86 %, 15801 MiB, 2842 MHz, 259.26 W
2026/08/19 16:02:52.169, 98 %, 86 %, 15801 MiB, 2842 MHz, 258.06 W
2026/08/19 16:02:53.170, 98 %, 86 %, 15801 MiB, 2842 MHz, 258.46 W
2026/08/19 16:02:54.172, 98 %, 86 %, 15801 MiB, 2842 MHz, 258.18 W
2026/08/19 16:02:55.173, 98 %, 86 %, 15801 MiB, 2835 MHz, 259.09 W
2026/08/19 16:02:56.174, 98 %, 86 %, 15801 MiB, 2842 MHz, 258.33 W
2026/08/19 16:02:57.175, 98 %, 86 %, 15801 MiB, 2842 MHz, 258.17 W
2026/08/19 16:02:58.176, 98 %, 86 %, 15801 MiB, 2842 MHz, 257.89 W
2026/08/19 16:02:59.178, 98 %, 85 %, 15803 MiB, 2835 MHz, 258.82 W
2026/08/19 16:03:00.179, 98 %, 85 %, 15801 MiB, 2842 MHz, 257.85 W
2026/08/19 16:03:01.180, 98 %, 86 %, 15801 MiB, 2842 MHz, 257.98 W
2026/08/19 16:03:02.181, 98 %, 86 %, 15801 MiB, 2842 MHz, 258.30 W
2026/08/19 16:03:03.183, 98 %, 86 %, 15801 MiB, 2842 MHz, 259.02 W
2026/08/19 16:03:04.184, 98 %, 86 %, 15803 MiB, 2842 MHz, 258.01 W
2026/08/19 16:03:05.185, 98 %, 86 %, 15801 MiB, 2842 MHz, 257.96 W
2026/08/19 16:03:06.186, 98 %, 86 %, 15801 MiB, 2842 MHz, 258.17 W
2026/08/19 16:03:07.188, 98 %, 70 %, 15801 MiB, 2842 MHz, 258.73 W
2026/08/19 16:03:08.189, 98 %, 86 %, 15801 MiB, 2842 MHz, 258.03 W
2026/08/19 16:03:09.190, 98 %, 85 %, 15803 MiB, 2842 MHz, 257.75 W
2026/08/19 16:03:10.191, 98 %, 86 %, 15801 MiB, 2842 MHz, 258.11 W
2026/08/19 16:03:13.644, 96 %, 73 %, 15801 MiB, 2842 MHz, 258.17 W
2026/08/19 16:03:14.645, 98 %, 86 %, 15801 MiB, 2842 MHz, 259.06 W
2026/08/19 16:03:15.647, 98 %, 86 %, 15801 MiB, 2842 MHz, 258.14 W
2026/08/19 16:03:16.648, 98 %, 86 %, 15801 MiB, 2842 MHz, 257.91 W
2026/08/19 16:03:17.649, 98 %, 86 %, 15801 MiB, 2842 MHz, 258.10 W
2026/08/19 16:03:18.650, 98 %, 86 %, 15801 MiB, 2842 MHz, 258.62 W
2026/08/19 16:03:19.651, 98 %, 86 %, 15801 MiB, 2842 MHz, 257.64 W
2026/08/19 16:03:20.652, 98 %, 86 %, 15801 MiB, 2842 MHz, 257.85 W
2026/08/19 16:03:21.653, 98 %, 86 %, 15803 MiB, 2842 MHz, 257.15 W
2026/08/19 16:03:22.655, 98 %, 86 %, 15801 MiB, 2842 MHz, 258.53 W
2026/08/19 16:03:23.656, 98 %, 86 %, 15801 MiB, 2842 MHz, 257.86 W
2026/08/19 16:03:24.657, 98 %, 86 %, 15801 MiB, 2842 MHz, 257.95 W
2026/08/19 16:03:25.658, 98 %, 86 %, 15801 MiB, 2842 MHz, 257.55 W
2026/08/19 16:03:26.659, 98 %, 86 %, 15803 MiB, 2842 MHz, 258.18 W
2026/08/19 16:03:27.661, 98 %, 86 %, 15801 MiB, 2842 MHz, 257.30 W
2026/08/19 16:03:28.662, 98 %, 86 %, 15801 MiB, 2842 MHz, 257.94 W
2026/08/19 16:03:29.663, 98 %, 86 %, 15801 MiB, 2842 MHz, 257.80 W
2026/08/19 16:03:30.664, 98 %, 86 %, 15801 MiB, 2842 MHz, 258.68 W
2026/08/19 16:03:31.665, 98 %, 86 %, 15803 MiB, 2842 MHz, 257.69 W
2026/08/19 16:03:32.667, 98 %, 86 %, 15801 MiB, 2842 MHz, 257.96 W
2026/08/19 16:03:33.668, 95 %, 77 %, 15801 MiB, 2842 MHz, 257.39 W
2026/08/19 16:03:34.669, 98 %, 86 %, 15801 MiB, 2842 MHz, 258.02 W
2026/08/19 16:03:35.671, 98 %, 86 %, 15801 MiB, 2842 MHz, 257.78 W
2026/08/19 16:03:36.672, 98 %, 86 %, 15803 MiB, 2842 MHz, 257.75 W
2026/08/19 16:03:37.673, 98 %, 86 %, 15801 MiB, 2842 MHz, 257.48 W
2026/08/19 16:03:38.674, 98 %, 86 %, 15801 MiB, 2842 MHz, 258.43 W
2026/08/19 16:03:39.675, 98 %, 86 %, 15801 MiB, 2842 MHz, 257.58 W
2026/08/19 16:03:40.676, 98 %, 86 %, 15801 MiB, 2842 MHz, 257.79 W
2026/08/19 16:03:41.678, 98 %, 86 %, 15803 MiB, 2842 MHz, 257.70 W
2026/08/19 16:03:42.679, 98 %, 86 %, 15801 MiB, 2842 MHz, 258.63 W
2026/08/19 16:03:43.680, 98 %, 86 %, 15801 MiB, 2842 MHz, 258.08 W
2026/08/19 16:03:44.681, 98 %, 86 %, 15801 MiB, 2842 MHz, 258.21 W
2026/08/19 16:03:48.146, 98 %, 86 %, 15801 MiB, 2842 MHz, 258.34 W
2026/08/19 16:03:49.148, 98 %, 86 %, 15801 MiB, 2835 MHz, 259.32 W
2026/08/19 16:03:50.149, 98 %, 86 %, 15801 MiB, 2842 MHz, 257.86 W
2026/08/19 16:03:51.150, 98 %, 86 %, 15801 MiB, 2842 MHz, 258.24 W
2026/08/19 16:03:52.151, 98 %, 86 %, 15801 MiB, 2842 MHz, 258.56 W
2026/08/19 16:03:53.152, 98 %, 86 %, 15800 MiB, 2842 MHz, 259.02 W
2026/08/19 16:03:54.154, 98 %, 85 %, 15800 MiB, 2842 MHz, 257.53 W
2026/08/19 16:03:55.155, 98 %, 86 %, 15800 MiB, 2842 MHz, 257.04 W
2026/08/19 16:03:56.156, 98 %, 86 %, 15800 MiB, 2842 MHz, 257.50 W
2026/08/19 16:03:57.157, 98 %, 70 %, 15796 MiB, 2842 MHz, 258.45 W
2026/08/19 16:03:58.159, 98 %, 86 %, 15796 MiB, 2842 MHz, 258.12 W
2026/08/19 16:03:59.160, 98 %, 86 %, 15796 MiB, 2842 MHz, 258.14 W
2026/08/19 16:04:00.162, 98 %, 86 %, 15801 MiB, 2842 MHz, 257.90 W
2026/08/19 16:04:01.163, 98 %, 81 %, 15801 MiB, 2835 MHz, 259.05 W
2026/08/19 16:04:02.164, 98 %, 86 %, 15801 MiB, 2842 MHz, 257.74 W
2026/08/19 16:04:03.165, 98 %, 86 %, 15801 MiB, 2842 MHz, 258.04 W
2026/08/19 16:04:04.166, 98 %, 86 %, 15801 MiB, 2842 MHz, 258.23 W
2026/08/19 16:04:05.167, 95 %, 67 %, 15801 MiB, 2842 MHz, 258.91 W
2026/08/19 16:04:06.168, 98 %, 86 %, 15801 MiB, 2842 MHz, 258.30 W
2026/08/19 16:04:07.169, 98 %, 86 %, 15801 MiB, 2842 MHz, 258.39 W
2026/08/19 16:04:08.170, 98 %, 86 %, 15801 MiB, 2842 MHz, 258.58 W
2026/08/19 16:04:09.171, 95 %, 67 %, 15800 MiB, 2842 MHz, 259.00 W
2026/08/19 16:04:10.172, 98 %, 86 %, 15801 MiB, 2842 MHz, 257.42 W
2026/08/19 16:04:11.173, 98 %, 86 %, 15801 MiB, 2842 MHz, 257.81 W
2026/08/19 16:04:12.174, 98 %, 86 %, 15801 MiB, 2842 MHz, 257.54 W
2026/08/19 16:04:13.175, 98 %, 86 %, 15801 MiB, 2842 MHz, 258.30 W
2026/08/19 16:04:14.176, 98 %, 86 %, 15801 MiB, 2842 MHz, 257.86 W
2026/08/19 16:04:15.177, 98 %, 86 %, 15801 MiB, 2842 MHz, 257.64 W
2026/08/19 16:04:16.178, 98 %, 86 %, 15801 MiB, 2842 MHz, 258.10 W
2026/08/19 16:04:17.179, 98 %, 86 %, 15801 MiB, 2842 MHz, 258.05 W
2026/08/19 16:04:18.180, 98 %, 86 %, 15801 MiB, 2842 MHz, 258.91 W
2026/08/19 16:04:19.181, 98 %, 86 %, 15801 MiB, 2842 MHz, 258.34 W
2026/08/19 16:04:22.208, 98 %, 86 %, 15801 MiB, 2842 MHz, 258.25 W
2026/08/19 16:04:23.210, 98 %, 86 %, 15801 MiB, 2842 MHz, 258.61 W
2026/08/19 16:04:24.211, 98 %, 86 %, 15801 MiB, 2842 MHz, 258.65 W
2026/08/19 16:04:25.212, 98 %, 86 %, 15801 MiB, 2842 MHz, 257.67 W
2026/08/19 16:04:26.213, 98 %, 86 %, 15801 MiB, 2842 MHz, 257.64 W
2026/08/19 16:04:27.214, 98 %, 86 %, 15801 MiB, 2842 MHz, 257.54 W
2026/08/19 16:04:28.215, 98 %, 86 %, 15801 MiB, 2842 MHz, 258.82 W
2026/08/19 16:04:29.216, 98 %, 86 %, 15801 MiB, 2842 MHz, 257.85 W
2026/08/19 16:04:30.217, 98 %, 86 %, 15801 MiB, 2842 MHz, 257.74 W
2026/08/19 16:04:31.218, 98 %, 86 %, 15801 MiB, 2842 MHz, 257.63 W
2026/08/19 16:04:32.219, 98 %, 86 %, 15801 MiB, 2842 MHz, 258.53 W
2026/08/19 16:04:33.220, 98 %, 86 %, 15801 MiB, 2842 MHz, 258.36 W
2026/08/19 16:04:34.222, 98 %, 86 %, 15801 MiB, 2842 MHz, 258.30 W
2026/08/19 16:04:35.224, 98 %, 86 %, 15801 MiB, 2842 MHz, 258.43 W
2026/08/19 16:04:36.225, 98 %, 86 %, 15801 MiB, 2842 MHz, 259.00 W
2026/08/19 16:04:37.226, 98 %, 86 %, 15801 MiB, 2842 MHz, 257.61 W
2026/08/19 16:04:38.227, 98 %, 86 %, 15801 MiB, 2842 MHz, 258.17 W
2026/08/19 16:04:39.228, 98 %, 86 %, 15801 MiB, 2842 MHz, 258.19 W
2026/08/19 16:04:40.230, 98 %, 86 %, 15801 MiB, 2842 MHz, 258.72 W
2026/08/19 16:04:41.231, 98 %, 86 %, 15801 MiB, 2842 MHz, 257.84 W
2026/08/19 16:04:42.232, 98 %, 86 %, 15801 MiB, 2842 MHz, 257.72 W
2026/08/19 16:04:43.233, 98 %, 86 %, 15801 MiB, 2842 MHz, 257.95 W
2026/08/19 16:04:44.234, 98 %, 86 %, 15801 MiB, 2842 MHz, 259.33 W
2026/08/19 16:04:45.236, 98 %, 86 %, 15801 MiB, 2842 MHz, 258.29 W
2026/08/19 16:04:46.237, 98 %, 86 %, 15801 MiB, 2842 MHz, 258.45 W
2026/08/19 16:04:47.238, 98 %, 86 %, 15801 MiB, 2842 MHz, 258.49 W
2026/08/19 16:04:48.241, 98 %, 86 %, 15801 MiB, 2835 MHz, 259.51 W
2026/08/19 16:04:49.242, 98 %, 86 %, 15801 MiB, 2842 MHz, 258.01 W
2026/08/19 16:04:50.243, 98 %, 86 %, 15801 MiB, 2842 MHz, 258.13 W
2026/08/19 16:04:51.244, 98 %, 86 %, 15801 MiB, 2842 MHz, 258.44 W
2026/08/19 16:04:52.245, 98 %, 86 %, 15801 MiB, 2842 MHz, 258.80 W
2026/08/19 16:04:53.246, 98 %, 86 %, 15801 MiB, 2842 MHz, 258.33 W
2026/08/19 16:04:56.628, 98 %, 86 %, 15801 MiB, 2842 MHz, 257.94 W
2026/08/19 16:04:57.629, 98 %, 86 %, 15801 MiB, 2842 MHz, 258.01 W
2026/08/19 16:04:58.630, 98 %, 86 %, 15801 MiB, 2842 MHz, 258.99 W
2026/08/19 16:04:59.631, 98 %, 86 %, 15801 MiB, 2842 MHz, 258.00 W
2026/08/19 16:05:00.632, 98 %, 86 %, 15801 MiB, 2842 MHz, 257.86 W
2026/08/19 16:05:01.633, 98 %, 86 %, 15801 MiB, 2842 MHz, 258.00 W
2026/08/19 16:05:02.635, 95 %, 67 %, 15801 MiB, 2842 MHz, 259.07 W
2026/08/19 16:05:03.636, 98 %, 86 %, 15801 MiB, 2842 MHz, 258.17 W
2026/08/19 16:05:04.637, 98 %, 86 %, 15803 MiB, 2842 MHz, 257.90 W
2026/08/19 16:05:05.638, 98 %, 86 %, 15801 MiB, 2842 MHz, 258.51 W
2026/08/19 16:05:06.639, 98 %, 86 %, 15801 MiB, 2842 MHz, 259.14 W
2026/08/19 16:05:07.640, 98 %, 86 %, 15801 MiB, 2842 MHz, 258.20 W
2026/08/19 16:05:08.641, 98 %, 86 %, 15801 MiB, 2842 MHz, 258.32 W
2026/08/19 16:05:09.642, 98 %, 86 %, 15801 MiB, 2842 MHz, 258.25 W
2026/08/19 16:05:10.643, 95 %, 80 %, 15801 MiB, 2842 MHz, 257.14 W
2026/08/19 16:05:11.644, 98 %, 86 %, 15801 MiB, 2842 MHz, 259.73 W
2026/08/19 16:05:12.645, 98 %, 86 %, 15801 MiB, 2842 MHz, 257.71 W
2026/08/19 16:05:13.646, 98 %, 86 %, 15801 MiB, 2842 MHz, 258.15 W
2026/08/19 16:05:14.647, 98 %, 86 %, 15801 MiB, 2842 MHz, 257.83 W
2026/08/19 16:05:15.648, 98 %, 86 %, 15801 MiB, 2842 MHz, 258.72 W
2026/08/19 16:05:16.649, 98 %, 86 %, 15801 MiB, 2842 MHz, 257.54 W
2026/08/19 16:05:17.651, 98 %, 86 %, 15801 MiB, 2842 MHz, 257.83 W
2026/08/19 16:05:18.652, 98 %, 86 %, 15801 MiB, 2842 MHz, 257.22 W
2026/08/19 16:05:19.653, 98 %, 86 %, 15801 MiB, 2842 MHz, 258.27 W
2026/08/19 16:05:20.654, 98 %, 86 %, 15801 MiB, 2842 MHz, 258.06 W
2026/08/19 16:05:21.655, 98 %, 86 %, 15801 MiB, 2842 MHz, 258.06 W
2026/08/19 16:05:22.656, 98 %, 86 %, 15801 MiB, 2842 MHz, 258.13 W
2026/08/19 16:05:23.657, 98 %, 86 %, 15801 MiB, 2835 MHz, 258.91 W
2026/08/19 16:05:24.658, 98 %, 86 %, 15801 MiB, 2842 MHz, 257.32 W
2026/08/19 16:05:25.660, 98 %, 86 %, 15801 MiB, 2842 MHz, 257.74 W
2026/08/19 16:05:26.661, 98 %, 86 %, 15801 MiB, 2842 MHz, 257.93 W
2026/08/19 16:05:27.662, 98 %, 86 %, 15801 MiB, 2842 MHz, 258.80 W
2026/08/19 16:05:30.665, 98 %, 86 %, 15801 MiB, 2842 MHz, 257.95 W
2026/08/19 16:05:31.666, 98 %, 86 %, 15801 MiB, 2842 MHz, 257.54 W
2026/08/19 16:05:32.667, 98 %, 86 %, 15801 MiB, 2842 MHz, 258.12 W
2026/08/19 16:05:33.669, 98 %, 86 %, 15801 MiB, 2842 MHz, 258.56 W
2026/08/19 16:05:34.670, 98 %, 86 %, 15801 MiB, 2842 MHz, 257.06 W
2026/08/19 16:05:35.671, 98 %, 86 %, 15801 MiB, 2842 MHz, 257.28 W
2026/08/19 16:05:36.672, 98 %, 86 %, 15801 MiB, 2842 MHz, 257.29 W
2026/08/19 16:05:37.673, 98 %, 86 %, 15801 MiB, 2835 MHz, 258.47 W
2026/08/19 16:05:38.675, 98 %, 86 %, 15801 MiB, 2842 MHz, 258.04 W
2026/08/19 16:05:39.676, 98 %, 86 %, 15801 MiB, 2842 MHz, 257.89 W
2026/08/19 16:05:40.677, 98 %, 86 %, 15801 MiB, 2842 MHz, 258.02 W
2026/08/19 16:05:41.678, 98 %, 82 %, 15801 MiB, 2835 MHz, 258.65 W
2026/08/19 16:05:42.679, 98 %, 86 %, 15801 MiB, 2842 MHz, 257.99 W
2026/08/19 16:05:43.681, 98 %, 86 %, 15801 MiB, 2842 MHz, 257.66 W
2026/08/19 16:05:44.682, 98 %, 86 %, 15801 MiB, 2842 MHz, 257.90 W
2026/08/19 16:05:45.683, 98 %, 86 %, 15801 MiB, 2842 MHz, 258.41 W
2026/08/19 16:05:46.684, 98 %, 85 %, 15801 MiB, 2842 MHz, 257.58 W
2026/08/19 16:05:47.686, 98 %, 86 %, 15801 MiB, 2842 MHz, 257.31 W
2026/08/19 16:05:48.687, 98 %, 86 %, 15801 MiB, 2842 MHz, 257.87 W
2026/08/19 16:05:49.688, 95 %, 67 %, 15801 MiB, 2842 MHz, 258.53 W
2026/08/19 16:05:50.689, 98 %, 86 %, 15801 MiB, 2842 MHz, 257.59 W
2026/08/19 16:05:51.690, 98 %, 85 %, 15803 MiB, 2842 MHz, 257.20 W
2026/08/19 16:05:52.692, 98 %, 86 %, 15801 MiB, 2842 MHz, 257.43 W
2026/08/19 16:05:53.693, 95 %, 66 %, 15801 MiB, 2842 MHz, 258.23 W
2026/08/19 16:05:54.694, 98 %, 86 %, 15801 MiB, 2842 MHz, 257.13 W
2026/08/19 16:05:55.695, 98 %, 86 %, 15801 MiB, 2842 MHz, 257.05 W
2026/08/19 16:05:56.696, 98 %, 86 %, 15803 MiB, 2842 MHz, 257.30 W
2026/08/19 16:05:57.697, 98 %, 86 %, 15801 MiB, 2842 MHz, 258.07 W
2026/08/19 16:05:58.698, 98 %, 86 %, 15801 MiB, 2842 MHz, 258.41 W
2026/08/19 16:05:59.699, 98 %, 86 %, 15801 MiB, 2842 MHz, 257.79 W
2026/08/19 16:06:00.700, 98 %, 86 %, 15801 MiB, 2842 MHz, 257.79 W
2026/08/19 16:06:01.701, 98 %, 86 %, 15803 MiB, 2842 MHz, 257.88 W
2026/08/19 16:06:02.702, 98 %, 86 %, 15801 MiB, 2842 MHz, 258.70 W
2026/08/19 16:06:05.885, 98 %, 86 %, 15801 MiB, 2842 MHz, 258.20 W
2026/08/19 16:06:06.886, 98 %, 86 %, 15801 MiB, 2842 MHz, 258.08 W
2026/08/19 16:06:07.888, 98 %, 86 %, 15801 MiB, 2842 MHz, 258.06 W
2026/08/19 16:06:08.889, 98 %, 85 %, 15803 MiB, 2842 MHz, 258.95 W
2026/08/19 16:06:09.890, 98 %, 86 %, 15801 MiB, 2842 MHz, 257.95 W
2026/08/19 16:06:10.891, 98 %, 86 %, 15801 MiB, 2842 MHz, 258.00 W
2026/08/19 16:06:11.892, 98 %, 86 %, 15801 MiB, 2842 MHz, 258.47 W
2026/08/19 16:06:12.894, 98 %, 86 %, 15801 MiB, 2842 MHz, 258.98 W
2026/08/19 16:06:13.895, 98 %, 85 %, 15801 MiB, 2842 MHz, 257.91 W
2026/08/19 16:06:14.896, 98 %, 86 %, 15801 MiB, 2842 MHz, 258.12 W
2026/08/19 16:06:15.897, 98 %, 86 %, 15801 MiB, 2842 MHz, 258.36 W
2026/08/19 16:06:16.898, 98 %, 86 %, 15801 MiB, 2842 MHz, 258.70 W
2026/08/19 16:06:17.899, 98 %, 86 %, 15801 MiB, 2842 MHz, 257.40 W
2026/08/19 16:06:18.900, 98 %, 85 %, 15803 MiB, 2842 MHz, 257.18 W
2026/08/19 16:06:19.902, 98 %, 86 %, 15801 MiB, 2842 MHz, 257.37 W
2026/08/19 16:06:20.903, 98 %, 86 %, 15801 MiB, 2842 MHz, 258.91 W
2026/08/19 16:06:21.904, 98 %, 86 %, 15801 MiB, 2842 MHz, 257.64 W
2026/08/19 16:06:22.905, 98 %, 86 %, 15801 MiB, 2842 MHz, 257.76 W
2026/08/19 16:06:23.906, 98 %, 86 %, 15803 MiB, 2842 MHz, 257.85 W
2026/08/19 16:06:24.907, 98 %, 86 %, 15801 MiB, 2835 MHz, 258.73 W
2026/08/19 16:06:25.908, 98 %, 86 %, 15801 MiB, 2842 MHz, 257.61 W
2026/08/19 16:06:26.909, 98 %, 86 %, 15801 MiB, 2842 MHz, 257.40 W
2026/08/19 16:06:27.910, 98 %, 86 %, 15801 MiB, 2842 MHz, 257.68 W
2026/08/19 16:06:28.911, 98 %, 86 %, 15803 MiB, 2835 MHz, 258.20 W
2026/08/19 16:06:29.913, 98 %, 86 %, 15801 MiB, 2842 MHz, 257.13 W
2026/08/19 16:06:30.914, 98 %, 86 %, 15801 MiB, 2842 MHz, 257.37 W
2026/08/19 16:06:31.915, 98 %, 86 %, 15801 MiB, 2842 MHz, 257.32 W
2026/08/19 16:06:32.916, 98 %, 86 %, 15801 MiB, 2842 MHz, 258.46 W
2026/08/19 16:06:33.918, 98 %, 86 %, 15803 MiB, 2842 MHz, 257.12 W
2026/08/19 16:06:34.919, 98 %, 86 %, 15801 MiB, 2842 MHz, 256.95 W
2026/08/19 16:06:35.920, 98 %, 86 %, 15801 MiB, 2842 MHz, 257.31 W
2026/08/19 16:06:36.921, 98 %, 86 %, 15801 MiB, 2842 MHz, 258.22 W
2026/08/19 16:06:40.107, 98 %, 86 %, 15801 MiB, 2842 MHz, 257.29 W
2026/08/19 16:06:41.108, 98 %, 86 %, 15801 MiB, 2842 MHz, 257.34 W
2026/08/19 16:06:42.109, 98 %, 86 %, 15801 MiB, 2842 MHz, 257.65 W
2026/08/19 16:06:43.110, 95 %, 67 %, 15801 MiB, 2842 MHz, 258.62 W
2026/08/19 16:06:44.112, 98 %, 86 %, 15801 MiB, 2842 MHz, 257.89 W
2026/08/19 16:06:45.113, 98 %, 86 %, 15801 MiB, 2842 MHz, 257.77 W
2026/08/19 16:06:46.114, 98 %, 86 %, 15801 MiB, 2842 MHz, 257.80 W
2026/08/19 16:06:47.115, 95 %, 67 %, 15801 MiB, 2842 MHz, 258.58 W
2026/08/19 16:06:48.116, 98 %, 86 %, 15801 MiB, 2842 MHz, 257.69 W
2026/08/19 16:06:49.118, 98 %, 86 %, 15801 MiB, 2842 MHz, 257.20 W
2026/08/19 16:06:50.119, 98 %, 86 %, 15801 MiB, 2842 MHz, 257.68 W
2026/08/19 16:06:51.120, 94 %, 78 %, 15800 MiB, 2842 MHz, 256.92 W
2026/08/19 16:06:52.122, 98 %, 86 %, 15801 MiB, 2842 MHz, 258.77 W
2026/08/19 16:06:53.123, 98 %, 86 %, 15801 MiB, 2842 MHz, 257.48 W
2026/08/19 16:06:54.124, 98 %, 86 %, 15801 MiB, 2842 MHz, 257.68 W
2026/08/19 16:06:55.125, 98 %, 86 %, 15801 MiB, 2842 MHz, 257.78 W
2026/08/19 16:06:56.126, 98 %, 86 %, 15801 MiB, 2842 MHz, 258.52 W
2026/08/19 16:06:57.128, 98 %, 86 %, 15801 MiB, 2842 MHz, 257.50 W
2026/08/19 16:06:58.129, 98 %, 86 %, 15801 MiB, 2842 MHz, 257.84 W
2026/08/19 16:06:59.130, 98 %, 86 %, 15801 MiB, 2842 MHz, 257.81 W
2026/08/19 16:07:00.131, 98 %, 86 %, 15801 MiB, 2842 MHz, 258.54 W
2026/08/19 16:07:01.132, 98 %, 86 %, 15801 MiB, 2842 MHz, 256.76 W
2026/08/19 16:07:02.134, 98 %, 86 %, 15801 MiB, 2842 MHz, 256.75 W
2026/08/19 16:07:03.135, 98 %, 86 %, 15801 MiB, 2842 MHz, 257.14 W
2026/08/19 16:07:04.136, 98 %, 86 %, 15801 MiB, 2842 MHz, 258.45 W
2026/08/19 16:07:05.137, 98 %, 86 %, 15801 MiB, 2842 MHz, 257.56 W
2026/08/19 16:07:06.138, 98 %, 86 %, 15801 MiB, 2842 MHz, 257.55 W
2026/08/19 16:07:07.140, 98 %, 86 %, 15801 MiB, 2842 MHz, 257.62 W
2026/08/19 16:07:08.141, 98 %, 86 %, 15801 MiB, 2842 MHz, 258.78 W
2026/08/19 16:07:09.142, 98 %, 86 %, 15801 MiB, 2842 MHz, 257.79 W
2026/08/19 16:07:10.143, 98 %, 86 %, 15801 MiB, 2842 MHz, 257.71 W
2026/08/19 16:07:11.145, 98 %, 86 %, 15801 MiB, 2842 MHz, 257.57 W
2026/08/19 16:07:14.329, 98 %, 86 %, 15801 MiB, 2835 MHz, 257.99 W
2026/08/19 16:07:15.330, 98 %, 86 %, 15801 MiB, 2842 MHz, 257.76 W
2026/08/19 16:07:16.331, 98 %, 86 %, 15801 MiB, 2842 MHz, 257.58 W
2026/08/19 16:07:17.332, 98 %, 86 %, 15801 MiB, 2842 MHz, 257.43 W
2026/08/19 16:07:18.334, 98 %, 86 %, 15801 MiB, 2835 MHz, 258.52 W
2026/08/19 16:07:19.335, 98 %, 86 %, 15801 MiB, 2842 MHz, 257.05 W
2026/08/19 16:07:20.336, 98 %, 86 %, 15801 MiB, 2842 MHz, 257.53 W
2026/08/19 16:07:21.337, 98 %, 86 %, 15801 MiB, 2842 MHz, 257.94 W
2026/08/19 16:07:22.338, 98 %, 86 %, 15801 MiB, 2842 MHz, 258.72 W
2026/08/19 16:07:23.339, 98 %, 86 %, 15801 MiB, 2842 MHz, 257.58 W
2026/08/19 16:07:24.340, 98 %, 86 %, 15801 MiB, 2842 MHz, 257.09 W
2026/08/19 16:07:25.341, 98 %, 86 %, 15801 MiB, 2842 MHz, 257.55 W
2026/08/19 16:07:26.342, 98 %, 86 %, 15801 MiB, 2842 MHz, 258.46 W
2026/08/19 16:07:27.343, 98 %, 86 %, 15801 MiB, 2842 MHz, 257.75 W
2026/08/19 16:07:28.345, 98 %, 86 %, 15801 MiB, 2842 MHz, 257.65 W
2026/08/19 16:07:29.346, 98 %, 86 %, 15801 MiB, 2842 MHz, 257.37 W
2026/08/19 16:07:30.347, 98 %, 86 %, 15801 MiB, 2835 MHz, 258.76 W
2026/08/19 16:07:31.348, 98 %, 86 %, 15801 MiB, 2842 MHz, 257.85 W
2026/08/19 16:07:32.349, 98 %, 86 %, 15801 MiB, 2842 MHz, 257.78 W
2026/08/19 16:07:33.350, 98 %, 86 %, 15801 MiB, 2842 MHz, 257.80 W
2026/08/19 16:07:34.351, 95 %, 67 %, 15801 MiB, 2842 MHz, 258.52 W
2026/08/19 16:07:35.352, 98 %, 86 %, 15801 MiB, 2842 MHz, 257.65 W
2026/08/19 16:07:36.353, 98 %, 86 %, 15801 MiB, 2842 MHz, 257.80 W
2026/08/19 16:07:37.354, 98 %, 86 %, 15801 MiB, 2842 MHz, 257.67 W
2026/08/19 16:07:38.355, 97 %, 85 %, 15801 MiB, 2842 MHz, 258.20 W
2026/08/19 16:07:39.356, 98 %, 86 %, 15801 MiB, 2842 MHz, 257.57 W
2026/08/19 16:07:40.357, 98 %, 86 %, 15801 MiB, 2842 MHz, 257.74 W
2026/08/19 16:07:41.358, 98 %, 86 %, 15801 MiB, 2842 MHz, 258.11 W
2026/08/19 16:07:42.359, 95 %, 74 %, 15801 MiB, 2842 MHz, 257.65 W
2026/08/19 16:07:43.360, 98 %, 86 %, 15801 MiB, 2842 MHz, 259.07 W
2026/08/19 16:07:44.361, 98 %, 86 %, 15801 MiB, 2842 MHz, 257.51 W
2026/08/19 16:07:45.362, 98 %, 86 %, 15801 MiB, 2842 MHz, 257.92 W
2026/08/19 16:07:48.550, 98 %, 86 %, 15801 MiB, 2842 MHz, 258.50 W
2026/08/19 16:07:49.551, 98 %, 86 %, 15801 MiB, 2842 MHz, 258.93 W
2026/08/19 16:07:50.552, 98 %, 86 %, 15801 MiB, 2842 MHz, 258.15 W
2026/08/19 16:07:51.553, 98 %, 86 %, 15801 MiB, 2842 MHz, 257.94 W
2026/08/19 16:07:52.555, 98 %, 86 %, 15801 MiB, 2842 MHz, 258.22 W
2026/08/19 16:07:53.556, 98 %, 86 %, 15801 MiB, 2842 MHz, 258.88 W
2026/08/19 16:07:54.557, 98 %, 86 %, 15801 MiB, 2842 MHz, 257.89 W
2026/08/19 16:07:55.558, 98 %, 86 %, 15801 MiB, 2842 MHz, 257.67 W
2026/08/19 16:07:56.559, 98 %, 86 %, 15801 MiB, 2842 MHz, 257.55 W
2026/08/19 16:07:57.561, 98 %, 86 %, 15801 MiB, 2842 MHz, 258.96 W
2026/08/19 16:07:58.562, 98 %, 86 %, 15801 MiB, 2842 MHz, 257.97 W
2026/08/19 16:07:59.563, 98 %, 86 %, 15801 MiB, 2842 MHz, 257.76 W
2026/08/19 16:08:00.564, 98 %, 86 %, 15801 MiB, 2842 MHz, 257.61 W
2026/08/19 16:08:01.566, 98 %, 85 %, 15801 MiB, 2842 MHz, 257.03 W
2026/08/19 16:08:02.567, 98 %, 86 %, 15801 MiB, 2842 MHz, 257.06 W
2026/08/19 16:08:03.568, 98 %, 86 %, 15801 MiB, 2842 MHz, 257.07 W
2026/08/19 16:08:04.569, 98 %, 86 %, 15801 MiB, 2842 MHz, 257.43 W
2026/08/19 16:08:05.571, 98 %, 86 %, 15801 MiB, 2835 MHz, 258.63 W
2026/08/19 16:08:06.572, 98 %, 86 %, 15801 MiB, 2842 MHz, 257.26 W
2026/08/19 16:08:07.573, 98 %, 86 %, 15801 MiB, 2842 MHz, 257.93 W
2026/08/19 16:08:08.574, 98 %, 86 %, 15801 MiB, 2842 MHz, 257.99 W
2026/08/19 16:08:09.575, 98 %, 86 %, 15801 MiB, 2842 MHz, 258.67 W
2026/08/19 16:08:10.577, 98 %, 86 %, 15801 MiB, 2842 MHz, 256.85 W
2026/08/19 16:08:11.578, 98 %, 85 %, 15801 MiB, 2842 MHz, 256.57 W
2026/08/19 16:08:12.579, 98 %, 86 %, 15801 MiB, 2842 MHz, 257.02 W
2026/08/19 16:08:13.580, 98 %, 86 %, 15801 MiB, 2842 MHz, 258.10 W
2026/08/19 16:08:14.582, 98 %, 86 %, 15801 MiB, 2842 MHz, 257.38 W
2026/08/19 16:08:15.584, 98 %, 86 %, 15801 MiB, 2842 MHz, 257.50 W
2026/08/19 16:08:16.585, 98 %, 86 %, 15801 MiB, 2842 MHz, 257.40 W
2026/08/19 16:08:17.586, 98 %, 86 %, 15801 MiB, 2835 MHz, 258.92 W
2026/08/19 16:08:18.588, 98 %, 86 %, 15801 MiB, 2842 MHz, 258.06 W
2026/08/19 16:08:19.589, 98 %, 86 %, 15801 MiB, 2842 MHz, 257.97 W
2026/08/19 16:08:22.778, 98 %, 86 %, 15801 MiB, 2842 MHz, 258.07 W
2026/08/19 16:08:23.780, 98 %, 86 %, 15801 MiB, 2842 MHz, 258.75 W
2026/08/19 16:08:24.781, 98 %, 86 %, 15801 MiB, 2842 MHz, 258.03 W
2026/08/19 16:08:25.782, 98 %, 86 %, 15801 MiB, 2842 MHz, 258.13 W
2026/08/19 16:08:26.783, 98 %, 86 %, 15801 MiB, 2842 MHz, 257.86 W
2026/08/19 16:08:27.784, 95 %, 67 %, 15801 MiB, 2842 MHz, 259.38 W
2026/08/19 16:08:28.786, 98 %, 86 %, 15801 MiB, 2842 MHz, 257.69 W
2026/08/19 16:08:29.787, 98 %, 86 %, 15801 MiB, 2842 MHz, 257.99 W
2026/08/19 16:08:30.788, 98 %, 86 %, 15801 MiB, 2842 MHz, 257.98 W
2026/08/19 16:08:31.789, 95 %, 80 %, 15801 MiB, 2842 MHz, 259.06 W
2026/08/19 16:08:32.790, 98 %, 86 %, 15801 MiB, 2842 MHz, 257.95 W
2026/08/19 16:08:33.791, 98 %, 86 %, 15801 MiB, 2842 MHz, 257.63 W
2026/08/19 16:08:34.792, 98 %, 86 %, 15801 MiB, 2842 MHz, 258.02 W
2026/08/19 16:08:35.794, 95 %, 70 %, 15801 MiB, 2842 MHz, 258.80 W
2026/08/19 16:08:36.795, 98 %, 85 %, 15801 MiB, 2842 MHz, 257.54 W
2026/08/19 16:08:37.796, 98 %, 86 %, 15801 MiB, 2842 MHz, 257.48 W
2026/08/19 16:08:38.798, 98 %, 86 %, 15801 MiB, 2842 MHz, 257.47 W
2026/08/19 16:08:39.799, 98 %, 86 %, 15801 MiB, 2842 MHz, 257.69 W
2026/08/19 16:08:40.800, 98 %, 86 %, 15801 MiB, 2842 MHz, 258.51 W
2026/08/19 16:08:41.801, 98 %, 86 %, 15801 MiB, 2842 MHz, 257.84 W
2026/08/19 16:08:42.802, 98 %, 86 %, 15801 MiB, 2842 MHz, 257.90 W
2026/08/19 16:08:43.803, 98 %, 86 %, 15803 MiB, 2842 MHz, 257.82 W
2026/08/19 16:08:44.804, 98 %, 86 %, 15801 MiB, 2842 MHz, 258.69 W
2026/08/19 16:08:45.805, 98 %, 86 %, 15801 MiB, 2842 MHz, 257.50 W
2026/08/19 16:08:46.806, 98 %, 86 %, 15801 MiB, 2842 MHz, 257.38 W
2026/08/19 16:08:47.806, 98 %, 86 %, 15801 MiB, 2842 MHz, 257.52 W
2026/08/19 16:08:48.808, 98 %, 85 %, 15803 MiB, 2842 MHz, 258.48 W
2026/08/19 16:08:49.809, 98 %, 86 %, 15801 MiB, 2842 MHz, 257.65 W
2026/08/19 16:08:50.810, 98 %, 86 %, 15801 MiB, 2842 MHz, 257.93 W
2026/08/19 16:08:51.811, 98 %, 86 %, 15801 MiB, 2842 MHz, 258.18 W
2026/08/19 16:08:52.812, 98 %, 86 %, 15801 MiB, 2835 MHz, 258.46 W
2026/08/19 16:08:53.813, 98 %, 85 %, 15803 MiB, 2842 MHz, 257.49 W
2026/08/19 16:08:54.814, 98 %, 86 %, 15801 MiB, 2842 MHz, 257.71 W
2026/08/19 16:08:58.001, 98 %, 86 %, 15801 MiB, 2842 MHz, 257.71 W
2026/08/19 16:08:59.002, 98 %, 86 %, 15801 MiB, 2842 MHz, 258.65 W
2026/08/19 16:09:00.004, 98 %, 86 %, 15801 MiB, 2842 MHz, 257.69 W
2026/08/19 16:09:01.005, 98 %, 86 %, 15803 MiB, 2842 MHz, 257.22 W
2026/08/19 16:09:02.007, 98 %, 86 %, 15801 MiB, 2842 MHz, 257.46 W
2026/08/19 16:09:03.008, 98 %, 86 %, 15801 MiB, 2842 MHz, 258.72 W
2026/08/19 16:09:04.009, 98 %, 86 %, 15801 MiB, 2842 MHz, 257.02 W
2026/08/19 16:09:05.010, 98 %, 86 %, 15801 MiB, 2842 MHz, 257.48 W
2026/08/19 16:09:06.011, 98 %, 86 %, 15803 MiB, 2842 MHz, 257.24 W
2026/08/19 16:09:07.013, 98 %, 86 %, 15801 MiB, 2835 MHz, 258.54 W
2026/08/19 16:09:08.014, 98 %, 86 %, 15801 MiB, 2842 MHz, 257.67 W
2026/08/19 16:09:09.015, 98 %, 86 %, 15801 MiB, 2842 MHz, 257.63 W
2026/08/19 16:09:10.017, 98 %, 86 %, 15801 MiB, 2842 MHz, 258.07 W
2026/08/19 16:09:11.018, 98 %, 86 %, 15803 MiB, 2835 MHz, 258.46 W
2026/08/19 16:09:12.019, 98 %, 86 %, 15801 MiB, 2842 MHz, 257.26 W
2026/08/19 16:09:13.020, 98 %, 86 %, 15801 MiB, 2842 MHz, 257.42 W
2026/08/19 16:09:14.021, 98 %, 86 %, 15801 MiB, 2842 MHz, 257.65 W
2026/08/19 16:09:15.024, 98 %, 86 %, 15801 MiB, 2842 MHz, 258.67 W
2026/08/19 16:09:16.025, 98 %, 85 %, 15803 MiB, 2842 MHz, 257.77 W
2026/08/19 16:09:17.026, 98 %, 86 %, 15801 MiB, 2842 MHz, 257.59 W
2026/08/19 16:09:18.027, 98 %, 86 %, 15801 MiB, 2842 MHz, 257.74 W
2026/08/19 16:09:19.028, 95 %, 67 %, 15801 MiB, 2842 MHz, 258.84 W
2026/08/19 16:09:20.030, 98 %, 86 %, 15801 MiB, 2842 MHz, 257.29 W
2026/08/19 16:09:21.031, 98 %, 85 %, 15803 MiB, 2842 MHz, 257.22 W
2026/08/19 16:09:22.032, 98 %, 86 %, 15801 MiB, 2842 MHz, 257.50 W
2026/08/19 16:09:23.033, 95 %, 77 %, 15801 MiB, 2842 MHz, 258.46 W
2026/08/19 16:09:24.034, 98 %, 86 %, 15801 MiB, 2842 MHz, 257.91 W
2026/08/19 16:09:25.035, 98 %, 86 %, 15801 MiB, 2842 MHz, 258.01 W
2026/08/19 16:09:26.036, 98 %, 86 %, 15803 MiB, 2842 MHz, 258.05 W
2026/08/19 16:09:27.037, 95 %, 67 %, 15801 MiB, 2842 MHz, 258.59 W
2026/08/19 16:09:28.038, 98 %, 86 %, 15801 MiB, 2842 MHz, 258.78 W
2026/08/19 16:09:29.040, 98 %, 86 %, 15801 MiB, 2842 MHz, 258.00 W
2026/08/19 16:09:32.204, 98 %, 86 %, 15801 MiB, 2842 MHz, 257.99 W
2026/08/19 16:09:33.205, 98 %, 86 %, 15801 MiB, 2842 MHz, 257.66 W
2026/08/19 16:09:34.206, 98 %, 86 %, 15801 MiB, 2842 MHz, 258.54 W
2026/08/19 16:09:35.207, 98 %, 86 %, 15801 MiB, 2842 MHz, 258.27 W
2026/08/19 16:09:36.208, 98 %, 86 %, 15801 MiB, 2842 MHz, 258.00 W
2026/08/19 16:09:37.209, 98 %, 86 %, 15801 MiB, 2842 MHz, 258.34 W
2026/08/19 16:09:38.210, 98 %, 86 %, 15801 MiB, 2842 MHz, 258.97 W
2026/08/19 16:09:39.211, 98 %, 86 %, 15801 MiB, 2842 MHz, 257.66 W
2026/08/19 16:09:40.212, 98 %, 86 %, 15801 MiB, 2842 MHz, 257.95 W
2026/08/19 16:09:41.213, 98 %, 86 %, 15801 MiB, 2842 MHz, 258.15 W
2026/08/19 16:09:42.214, 98 %, 86 %, 15801 MiB, 2842 MHz, 258.76 W
2026/08/19 16:09:43.215, 98 %, 85 %, 15801 MiB, 2842 MHz, 257.37 W
2026/08/19 16:09:44.216, 98 %, 86 %, 15801 MiB, 2842 MHz, 257.07 W
2026/08/19 16:09:45.217, 98 %, 86 %, 15801 MiB, 2842 MHz, 257.28 W
2026/08/19 16:09:46.219, 98 %, 86 %, 15801 MiB, 2842 MHz, 258.86 W
2026/08/19 16:09:47.220, 98 %, 86 %, 15801 MiB, 2842 MHz, 258.10 W
2026/08/19 16:09:48.221, 98 %, 86 %, 15801 MiB, 2842 MHz, 257.82 W
2026/08/19 16:09:49.222, 98 %, 86 %, 15801 MiB, 2842 MHz, 257.82 W
2026/08/19 16:09:50.224, 98 %, 86 %, 15801 MiB, 2842 MHz, 258.88 W
2026/08/19 16:09:51.225, 98 %, 86 %, 15801 MiB, 2842 MHz, 257.97 W
2026/08/19 16:09:52.226, 98 %, 86 %, 15801 MiB, 2842 MHz, 258.18 W
2026/08/19 16:09:53.227, 98 %, 86 %, 15801 MiB, 2842 MHz, 257.90 W
2026/08/19 16:09:54.229, 98 %, 86 %, 15801 MiB, 2835 MHz, 258.30 W
2026/08/19 16:09:55.230, 98 %, 86 %, 15801 MiB, 2842 MHz, 257.63 W
2026/08/19 16:09:56.231, 98 %, 86 %, 15801 MiB, 2842 MHz, 257.59 W
2026/08/19 16:09:57.232, 98 %, 86 %, 15801 MiB, 2842 MHz, 257.63 W
2026/08/19 16:09:58.233, 98 %, 86 %, 15801 MiB, 2835 MHz, 258.96 W
2026/08/19 16:09:59.234, 98 %, 86 %, 15801 MiB, 2842 MHz, 257.31 W
2026/08/19 16:10:00.235, 98 %, 86 %, 15801 MiB, 2842 MHz, 257.07 W
2026/08/19 16:10:01.237, 98 %, 86 %, 15801 MiB, 2842 MHz, 257.13 W
2026/08/19 16:10:02.238, 98 %, 86 %, 15801 MiB, 2842 MHz, 258.20 W
2026/08/19 16:10:03.239, 98 %, 86 %, 15801 MiB, 2842 MHz, 257.78 W
2026/08/19 16:10:06.382, 98 %, 86 %, 15801 MiB, 2842 MHz, 258.02 W
2026/08/19 16:10:07.384, 98 %, 86 %, 15801 MiB, 2842 MHz, 258.09 W
2026/08/19 16:10:08.385, 95 %, 67 %, 15801 MiB, 2842 MHz, 259.01 W
2026/08/19 16:10:09.386, 98 %, 86 %, 15801 MiB, 2842 MHz, 257.77 W
2026/08/19 16:10:10.387, 98 %, 86 %, 15801 MiB, 2842 MHz, 257.95 W
2026/08/19 16:10:11.388, 98 %, 86 %, 15801 MiB, 2842 MHz, 257.84 W
2026/08/19 16:10:12.389, 95 %, 81 %, 15801 MiB, 2842 MHz, 259.13 W
2026/08/19 16:10:13.390, 98 %, 86 %, 15801 MiB, 2842 MHz, 258.05 W
2026/08/19 16:10:14.391, 98 %, 86 %, 15801 MiB, 2842 MHz, 258.14 W
2026/08/19 16:10:15.393, 98 %, 86 %, 15801 MiB, 2842 MHz, 257.99 W
2026/08/19 16:10:16.394, 96 %, 70 %, 15801 MiB, 2842 MHz, 257.82 W
2026/08/19 16:10:17.395, 98 %, 86 %, 15801 MiB, 2842 MHz, 258.04 W
2026/08/19 16:10:18.396, 98 %, 86 %, 15801 MiB, 2842 MHz, 257.68 W
2026/08/19 16:10:19.397, 98 %, 86 %, 15801 MiB, 2842 MHz, 257.36 W
2026/08/19 16:10:20.399, 98 %, 86 %, 15801 MiB, 2842 MHz, 257.52 W
2026/08/19 16:10:21.400, 98 %, 86 %, 15801 MiB, 2842 MHz, 258.13 W
2026/08/19 16:10:22.401, 98 %, 86 %, 15801 MiB, 2842 MHz, 257.73 W
2026/08/19 16:10:23.402, 98 %, 86 %, 15801 MiB, 2842 MHz, 257.61 W
2026/08/19 16:10:24.403, 98 %, 86 %, 15801 MiB, 2842 MHz, 257.73 W
2026/08/19 16:10:25.405, 98 %, 86 %, 15801 MiB, 2842 MHz, 258.55 W
2026/08/19 16:10:26.406, 98 %, 86 %, 15801 MiB, 2842 MHz, 257.46 W
2026/08/19 16:10:27.407, 98 %, 86 %, 15801 MiB, 2842 MHz, 258.06 W
2026/08/19 16:10:28.408, 98 %, 86 %, 15801 MiB, 2842 MHz, 258.35 W
2026/08/19 16:10:29.409, 98 %, 86 %, 15801 MiB, 2842 MHz, 258.14 W
2026/08/19 16:10:30.411, 98 %, 86 %, 15801 MiB, 2842 MHz, 257.52 W
2026/08/19 16:10:31.411, 98 %, 86 %, 15801 MiB, 2842 MHz, 257.26 W
2026/08/19 16:10:32.412, 98 %, 86 %, 15801 MiB, 2842 MHz, 257.36 W
2026/08/19 16:10:33.413, 98 %, 86 %, 15801 MiB, 2842 MHz, 258.97 W
2026/08/19 16:10:34.414, 98 %, 86 %, 15801 MiB, 2842 MHz, 257.80 W
2026/08/19 16:10:35.415, 98 %, 86 %, 15801 MiB, 2842 MHz, 257.94 W
2026/08/19 16:10:36.416, 98 %, 86 %, 15801 MiB, 2842 MHz, 257.53 W
2026/08/19 16:10:37.417, 98 %, 86 %, 15801 MiB, 2842 MHz, 258.80 W
2026/08/19 16:10:40.627, 98 %, 86 %, 15801 MiB, 2842 MHz, 257.85 W
2026/08/19 16:10:41.628, 98 %, 86 %, 15801 MiB, 2842 MHz, 257.67 W
2026/08/19 16:10:42.629, 98 %, 86 %, 15801 MiB, 2842 MHz, 258.15 W
2026/08/19 16:10:43.630, 98 %, 86 %, 15801 MiB, 2842 MHz, 258.54 W
2026/08/19 16:10:44.631, 98 %, 86 %, 15801 MiB, 2842 MHz, 257.90 W
2026/08/19 16:10:45.632, 98 %, 86 %, 15801 MiB, 2842 MHz, 258.15 W
2026/08/19 16:10:46.633, 98 %, 86 %, 15801 MiB, 2842 MHz, 258.14 W
2026/08/19 16:10:47.634, 98 %, 86 %, 15801 MiB, 2835 MHz, 259.04 W
2026/08/19 16:10:48.635, 98 %, 86 %, 15801 MiB, 2842 MHz, 257.24 W
2026/08/19 16:10:49.636, 98 %, 86 %, 15801 MiB, 2842 MHz, 258.10 W
2026/08/19 16:10:50.637, 98 %, 86 %, 15801 MiB, 2842 MHz, 257.67 W
2026/08/19 16:10:51.638, 98 %, 86 %, 15801 MiB, 2842 MHz, 258.78 W
2026/08/19 16:10:52.639, 98 %, 86 %, 15801 MiB, 2842 MHz, 257.63 W
2026/08/19 16:10:53.640, 98 %, 86 %, 15801 MiB, 2842 MHz, 257.70 W
2026/08/19 16:10:54.641, 98 %, 86 %, 15801 MiB, 2842 MHz, 258.02 W
2026/08/19 16:10:55.642, 98 %, 86 %, 15801 MiB, 2842 MHz, 258.35 W
2026/08/19 16:10:56.643, 98 %, 86 %, 15801 MiB, 2842 MHz, 257.74 W
2026/08/19 16:10:57.644, 98 %, 86 %, 15801 MiB, 2842 MHz, 257.81 W
2026/08/19 16:10:58.646, 98 %, 86 %, 15801 MiB, 2842 MHz, 249.89 W
2026/08/19 16:10:59.647, 98 %, 86 %, 15801 MiB, 2842 MHz, 259.02 W
2026/08/19 16:11:00.648, 98 %, 86 %, 15801 MiB, 2842 MHz, 257.50 W
2026/08/19 16:11:01.649, 98 %, 86 %, 15801 MiB, 2842 MHz, 257.61 W
2026/08/19 16:11:02.650, 98 %, 86 %, 15801 MiB, 2842 MHz, 257.79 W
2026/08/19 16:11:03.651, 95 %, 67 %, 15801 MiB, 2842 MHz, 258.21 W
2026/08/19 16:11:04.652, 98 %, 86 %, 15801 MiB, 2842 MHz, 257.64 W
2026/08/19 16:11:05.653, 98 %, 86 %, 15801 MiB, 2842 MHz, 257.81 W
2026/08/19 16:11:06.654, 98 %, 86 %, 15801 MiB, 2842 MHz, 257.81 W
2026/08/19 16:11:07.655, 95 %, 76 %, 15801 MiB, 2842 MHz, 258.61 W
2026/08/19 16:11:08.656, 98 %, 85 %, 15801 MiB, 2842 MHz, 257.02 W
2026/08/19 16:11:09.657, 98 %, 86 %, 15801 MiB, 2842 MHz, 257.27 W
2026/08/19 16:11:10.658, 98 %, 86 %, 15801 MiB, 2842 MHz, 257.48 W
2026/08/19 16:11:11.660, 95 %, 67 %, 15801 MiB, 2842 MHz, 258.45 W
2026/08/19 16:11:12.661, 98 %, 86 %, 15801 MiB, 2842 MHz, 258.73 W
2026/08/19 16:11:15.889, 98 %, 86 %, 15800 MiB, 2842 MHz, 257.57 W
2026/08/19 16:11:16.889, 98 %, 86 %, 15800 MiB, 2842 MHz, 257.58 W
2026/08/19 16:11:17.890, 98 %, 86 %, 15796 MiB, 2842 MHz, 257.72 W
2026/08/19 16:11:18.891, 98 %, 86 %, 15796 MiB, 2842 MHz, 258.84 W
2026/08/19 16:11:19.892, 98 %, 86 %, 15796 MiB, 2842 MHz, 258.00 W
2026/08/19 16:11:20.893, 98 %, 86 %, 15801 MiB, 2842 MHz, 257.80 W
2026/08/19 16:11:21.894, 98 %, 86 %, 15801 MiB, 2842 MHz, 258.13 W
2026/08/19 16:11:22.895, 98 %, 86 %, 15801 MiB, 2835 MHz, 259.09 W
2026/08/19 16:11:23.896, 98 %, 86 %, 15801 MiB, 2842 MHz, 257.70 W
2026/08/19 16:11:24.897, 98 %, 86 %, 15801 MiB, 2842 MHz, 257.99 W
2026/08/19 16:11:25.899, 98 %, 86 %, 15801 MiB, 2842 MHz, 257.92 W
2026/08/19 16:11:26.900, 98 %, 86 %, 15801 MiB, 2842 MHz, 258.65 W
2026/08/19 16:11:27.901, 98 %, 86 %, 15801 MiB, 2842 MHz, 258.04 W
2026/08/19 16:11:28.903, 98 %, 86 %, 15801 MiB, 2842 MHz, 258.07 W
2026/08/19 16:11:29.904, 98 %, 86 %, 15801 MiB, 2842 MHz, 258.18 W
2026/08/19 16:11:30.905, 98 %, 85 %, 15801 MiB, 2842 MHz, 258.89 W
2026/08/19 16:11:31.906, 98 %, 86 %, 15801 MiB, 2842 MHz, 257.79 W
2026/08/19 16:11:32.908, 98 %, 86 %, 15801 MiB, 2842 MHz, 257.94 W
2026/08/19 16:11:33.909, 98 %, 86 %, 15801 MiB, 2842 MHz, 257.47 W
2026/08/19 16:11:34.910, 98 %, 86 %, 15801 MiB, 2835 MHz, 259.01 W
2026/08/19 16:11:35.911, 98 %, 85 %, 15803 MiB, 2842 MHz, 257.77 W
2026/08/19 16:11:36.913, 98 %, 86 %, 15801 MiB, 2842 MHz, 258.11 W
2026/08/19 16:11:37.914, 98 %, 86 %, 15801 MiB, 2842 MHz, 258.11 W
2026/08/19 16:11:38.915, 98 %, 86 %, 15801 MiB, 2842 MHz, 258.64 W
2026/08/19 16:11:39.916, 98 %, 86 %, 15801 MiB, 2842 MHz, 257.88 W
2026/08/19 16:11:40.918, 98 %, 85 %, 15801 MiB, 2842 MHz, 257.91 W
2026/08/19 16:11:41.919, 98 %, 86 %, 15801 MiB, 2842 MHz, 257.78 W
2026/08/19 16:11:42.920, 95 %, 67 %, 15801 MiB, 2842 MHz, 258.46 W
2026/08/19 16:11:43.921, 98 %, 85 %, 15801 MiB, 2842 MHz, 257.00 W
2026/08/19 16:11:44.923, 98 %, 86 %, 15801 MiB, 2842 MHz, 257.17 W
2026/08/19 16:11:45.924, 98 %, 85 %, 15803 MiB, 2842 MHz, 257.05 W
2026/08/19 16:11:46.925, 98 %, 86 %, 15801 MiB, 2842 MHz, 257.35 W
2026/08/19 16:11:49.808, 98 %, 86 %, 15801 MiB, 2842 MHz, 258.61 W
2026/08/19 16:11:50.809, 98 %, 86 %, 15801 MiB, 2842 MHz, 257.86 W
2026/08/19 16:11:51.810, 98 %, 86 %, 15801 MiB, 2842 MHz, 257.96 W
2026/08/19 16:11:52.811, 98 %, 86 %, 15803 MiB, 2842 MHz, 257.70 W
2026/08/19 16:11:53.814, 98 %, 86 %, 15801 MiB, 2842 MHz, 258.59 W
2026/08/19 16:11:54.815, 98 %, 86 %, 15801 MiB, 2842 MHz, 257.54 W
2026/08/19 16:11:55.816, 98 %, 86 %, 15801 MiB, 2842 MHz, 257.95 W
2026/08/19 16:11:56.817, 98 %, 86 %, 15801 MiB, 2842 MHz, 258.04 W
2026/08/19 16:11:57.819, 98 %, 86 %, 15803 MiB, 2842 MHz, 258.75 W
2026/08/19 16:11:58.820, 98 %, 86 %, 15801 MiB, 2842 MHz, 257.96 W
2026/08/19 16:11:59.821, 98 %, 86 %, 15801 MiB, 2842 MHz, 258.13 W
2026/08/19 16:12:00.822, 98 %, 86 %, 15801 MiB, 2842 MHz, 258.02 W
2026/08/19 16:12:01.824, 98 %, 86 %, 15801 MiB, 2842 MHz, 258.88 W
2026/08/19 16:12:02.825, 98 %, 85 %, 15803 MiB, 2842 MHz, 257.76 W
2026/08/19 16:12:03.826, 98 %, 86 %, 15801 MiB, 2842 MHz, 257.97 W
2026/08/19 16:12:04.827, 98 %, 86 %, 15801 MiB, 2842 MHz, 258.18 W
2026/08/19 16:12:05.829, 98 %, 86 %, 15801 MiB, 2835 MHz, 258.94 W
2026/08/19 16:12:06.830, 98 %, 86 %, 15801 MiB, 2842 MHz, 257.41 W
2026/08/19 16:12:07.831, 98 %, 86 %, 15801 MiB, 2842 MHz, 257.59 W
2026/08/19 16:12:08.833, 98 %, 86 %, 15801 MiB, 2842 MHz, 257.76 W
2026/08/19 16:12:09.834, 98 %, 86 %, 15801 MiB, 2835 MHz, 259.04 W
2026/08/19 16:12:10.835, 98 %, 86 %, 15801 MiB, 2842 MHz, 257.91 W
2026/08/19 16:12:11.836, 98 %, 86 %, 15800 MiB, 2842 MHz, 258.11 W
2026/08/19 16:12:12.837, 98 %, 86 %, 15803 MiB, 2842 MHz, 257.98 W
2026/08/19 16:12:13.839, 98 %, 86 %, 15801 MiB, 2842 MHz, 258.45 W
2026/08/19 16:12:14.840, 98 %, 86 %, 15801 MiB, 2842 MHz, 257.86 W
2026/08/19 16:12:15.841, 98 %, 86 %, 15801 MiB, 2842 MHz, 257.80 W
2026/08/19 16:12:16.842, 98 %, 86 %, 15801 MiB, 2842 MHz, 257.88 W
2026/08/19 16:12:17.843, 98 %, 86 %, 15803 MiB, 2842 MHz, 259.01 W
2026/08/19 16:12:18.843, 98 %, 86 %, 15801 MiB, 2842 MHz, 257.39 W
2026/08/19 16:12:19.844, 98 %, 86 %, 15801 MiB, 2842 MHz, 258.02 W
2026/08/19 16:12:20.845, 98 %, 86 %, 15801 MiB, 2842 MHz, 258.16 W
2026/08/19 16:12:24.454, 98 %, 86 %, 15801 MiB, 2842 MHz, 258.96 W
2026/08/19 16:12:25.455, 98 %, 86 %, 15801 MiB, 2842 MHz, 258.03 W
2026/08/19 16:12:26.456, 98 %, 86 %, 15801 MiB, 2842 MHz, 258.00 W
2026/08/19 16:12:27.457, 98 %, 86 %, 15801 MiB, 2842 MHz, 258.02 W
2026/08/19 16:12:28.458, 98 %, 86 %, 15801 MiB, 2835 MHz, 259.36 W
2026/08/19 16:12:29.460, 98 %, 86 %, 15801 MiB, 2842 MHz, 258.11 W
2026/08/19 16:12:30.461, 98 %, 86 %, 15801 MiB, 2842 MHz, 258.09 W
2026/08/19 16:12:31.462, 98 %, 86 %, 15801 MiB, 2842 MHz, 257.71 W
2026/08/19 16:12:32.463, 98 %, 86 %, 15801 MiB, 2842 MHz, 258.79 W
2026/08/19 16:12:33.465, 98 %, 86 %, 15801 MiB, 2842 MHz, 258.08 W
2026/08/19 16:12:34.466, 98 %, 86 %, 15801 MiB, 2842 MHz, 258.33 W
2026/08/19 16:12:35.468, 98 %, 86 %, 15801 MiB, 2842 MHz, 258.36 W
2026/08/19 16:12:36.469, 98 %, 86 %, 15801 MiB, 2842 MHz, 258.57 W
2026/08/19 16:12:37.470, 98 %, 86 %, 15801 MiB, 2842 MHz, 257.73 W
2026/08/19 16:12:38.471, 98 %, 86 %, 15801 MiB, 2842 MHz, 258.45 W
2026/08/19 16:12:39.472, 98 %, 86 %, 15801 MiB, 2842 MHz, 258.41 W
2026/08/19 16:12:40.473, 98 %, 85 %, 15801 MiB, 2835 MHz, 258.92 W
2026/08/19 16:12:41.474, 98 %, 86 %, 15801 MiB, 2842 MHz, 257.15 W
2026/08/19 16:12:42.476, 98 %, 86 %, 15801 MiB, 2842 MHz, 257.42 W
2026/08/19 16:12:43.477, 98 %, 86 %, 15801 MiB, 2842 MHz, 257.49 W
2026/08/19 16:12:44.500, 98 %, 86 %, 15801 MiB, 2842 MHz, 258.83 W
2026/08/19 16:12:45.524, 98 %, 86 %, 15801 MiB, 2842 MHz, 258.11 W
2026/08/19 16:12:46.547, 98 %, 86 %, 15801 MiB, 2842 MHz, 257.71 W
2026/08/19 16:12:47.571, 98 %, 86 %, 15801 MiB, 2842 MHz, 258.11 W
2026/08/19 16:12:48.576, 98 %, 81 %, 15801 MiB, 2842 MHz, 258.97 W
2026/08/19 16:12:49.577, 98 %, 86 %, 15801 MiB, 2842 MHz, 258.14 W
2026/08/19 16:12:50.578, 98 %, 86 %, 15801 MiB, 2842 MHz, 258.29 W
2026/08/19 16:12:51.579, 98 %, 86 %, 15801 MiB, 2842 MHz, 257.79 W
2026/08/19 16:12:52.580, 95 %, 67 %, 15801 MiB, 2842 MHz, 259.14 W
2026/08/19 16:12:53.581, 98 %, 86 %, 15801 MiB, 2842 MHz, 257.69 W
2026/08/19 16:12:54.582, 98 %, 86 %, 15801 MiB, 2842 MHz, 257.56 W
2026/08/19 16:12:55.583, 98 %, 86 %, 15801 MiB, 2842 MHz, 257.68 W
2026/08/19 16:12:58.577, 98 %, 86 %, 15801 MiB, 2842 MHz, 256.77 W
2026/08/19 16:12:59.578, 98 %, 86 %, 15801 MiB, 2842 MHz, 259.85 W
2026/08/19 16:13:00.579, 98 %, 86 %, 15801 MiB, 2842 MHz, 258.22 W
2026/08/19 16:13:01.580, 98 %, 86 %, 15801 MiB, 2842 MHz, 257.69 W
2026/08/19 16:13:02.581, 98 %, 86 %, 15801 MiB, 2842 MHz, 257.62 W
2026/08/19 16:13:03.582, 98 %, 86 %, 15801 MiB, 2842 MHz, 258.48 W
2026/08/19 16:13:04.583, 98 %, 86 %, 15801 MiB, 2842 MHz, 258.05 W
2026/08/19 16:13:05.584, 98 %, 86 %, 15801 MiB, 2842 MHz, 258.23 W
2026/08/19 16:13:06.585, 98 %, 86 %, 15801 MiB, 2842 MHz, 258.37 W
2026/08/19 16:13:07.586, 98 %, 86 %, 15801 MiB, 2842 MHz, 259.07 W
2026/08/19 16:13:08.588, 98 %, 86 %, 15801 MiB, 2842 MHz, 257.83 W
2026/08/19 16:13:09.589, 98 %, 86 %, 15801 MiB, 2842 MHz, 257.96 W
2026/08/19 16:13:10.590, 98 %, 86 %, 15801 MiB, 2842 MHz, 257.79 W
2026/08/19 16:13:11.591, 98 %, 86 %, 15801 MiB, 2842 MHz, 258.83 W
2026/08/19 16:13:12.592, 98 %, 86 %, 15801 MiB, 2842 MHz, 257.59 W
2026/08/19 16:13:13.593, 98 %, 86 %, 15801 MiB, 2842 MHz, 257.67 W
2026/08/19 16:13:14.595, 98 %, 86 %, 15801 MiB, 2842 MHz, 258.06 W
2026/08/19 16:13:15.596, 98 %, 86 %, 15801 MiB, 2835 MHz, 258.76 W
2026/08/19 16:13:16.597, 98 %, 86 %, 15801 MiB, 2842 MHz, 257.35 W
2026/08/19 16:13:17.598, 98 %, 86 %, 15801 MiB, 2842 MHz, 257.79 W
2026/08/19 16:13:18.599, 98 %, 86 %, 15801 MiB, 2842 MHz, 256.97 W
2026/08/19 16:13:19.600, 98 %, 86 %, 15801 MiB, 2842 MHz, 258.66 W
2026/08/19 16:13:20.601, 98 %, 86 %, 15801 MiB, 2842 MHz, 257.87 W
2026/08/19 16:13:21.603, 97 %, 82 %, 15842 MiB, 2842 MHz, 251.97 W
2026/08/19 16:13:22.604, 97 %, 65 %, 15876 MiB, 2842 MHz, 215.58 W
2026/08/19 16:13:23.605, 98 %, 66 %, 15898 MiB, 2835 MHz, 213.57 W
2026/08/19 16:13:24.607, 98 %, 65 %, 15870 MiB, 2842 MHz, 216.06 W
2026/08/19 16:13:25.608, 87 %, 54 %, 15897 MiB, 2842 MHz, 207.96 W
2026/08/19 16:13:26.609, 98 %, 65 %, 15895 MiB, 2842 MHz, 212.80 W
2026/08/19 16:13:27.610, 98 %, 66 %, 15883 MiB, 2842 MHz, 213.29 W
2026/08/19 16:13:28.611, 98 %, 67 %, 15892 MiB, 2842 MHz, 213.77 W
2026/08/19 16:13:29.613, 98 %, 66 %, 15882 MiB, 2842 MHz, 217.36 W
2026/08/19 16:13:32.795, 98 %, 84 %, 15882 MiB, 2842 MHz, 228.76 W
2026/08/19 16:13:33.796, 98 %, 84 %, 15851 MiB, 2842 MHz, 252.31 W
2026/08/19 16:13:34.797, 98 %, 84 %, 15873 MiB, 2842 MHz, 251.65 W
2026/08/19 16:13:35.799, 98 %, 82 %, 15767 MiB, 2842 MHz, 253.00 W
2026/08/19 16:13:36.800, 98 %, 84 %, 15767 MiB, 2842 MHz, 252.49 W
2026/08/19 16:13:37.801, 98 %, 84 %, 15767 MiB, 2842 MHz, 251.26 W
2026/08/19 16:13:38.803, 98 %, 85 %, 15767 MiB, 2842 MHz, 254.40 W
2026/08/19 16:13:39.804, 98 %, 83 %, 15789 MiB, 2842 MHz, 251.85 W
2026/08/19 16:13:40.805, 98 %, 82 %, 15791 MiB, 2842 MHz, 251.65 W
2026/08/19 16:13:41.807, 98 %, 83 %, 15819 MiB, 2842 MHz, 250.98 W
2026/08/19 16:13:42.808, 98 %, 84 %, 15773 MiB, 2842 MHz, 251.19 W
2026/08/19 16:13:43.809, 98 %, 84 %, 15772 MiB, 2842 MHz, 253.99 W
2026/08/19 16:13:44.810, 98 %, 83 %, 15766 MiB, 2842 MHz, 252.94 W
2026/08/19 16:13:45.811, 98 %, 84 %, 15763 MiB, 2842 MHz, 251.49 W
2026/08/19 16:13:46.812, 98 %, 84 %, 15758 MiB, 2842 MHz, 252.69 W
2026/08/19 16:13:47.814, 98 %, 85 %, 15753 MiB, 2842 MHz, 254.75 W
2026/08/19 16:13:48.816, 98 %, 84 %, 15753 MiB, 2842 MHz, 255.54 W
2026/08/19 16:13:49.817, 98 %, 84 %, 15753 MiB, 2842 MHz, 254.10 W
2026/08/19 16:13:50.818, 98 %, 84 %, 15756 MiB, 2842 MHz, 253.48 W
2026/08/19 16:13:51.819, 97 %, 82 %, 15743 MiB, 2842 MHz, 249.32 W
2026/08/19 16:13:52.821, 98 %, 82 %, 15743 MiB, 2842 MHz, 249.19 W
2026/08/19 16:13:53.822, 98 %, 83 %, 15739 MiB, 2842 MHz, 251.30 W
2026/08/19 16:13:54.823, 98 %, 84 %, 15739 MiB, 2842 MHz, 252.26 W
2026/08/19 16:13:55.824, 98 %, 85 %, 15738 MiB, 2842 MHz, 254.19 W
2026/08/19 16:13:56.825, 95 %, 67 %, 15738 MiB, 2842 MHz, 255.59 W
2026/08/19 16:13:57.827, 98 %, 84 %, 15737 MiB, 2842 MHz, 255.09 W
2026/08/19 16:13:58.829, 98 %, 82 %, 15846 MiB, 2842 MHz, 250.61 W
2026/08/19 16:13:59.830, 98 %, 83 %, 15842 MiB, 2842 MHz, 251.01 W
2026/08/19 16:14:00.832, 98 %, 83 %, 15802 MiB, 2842 MHz, 250.95 W
2026/08/19 16:14:01.833, 98 %, 83 %, 15713 MiB, 2842 MHz, 252.44 W
2026/08/19 16:14:02.834, 98 %, 82 %, 15844 MiB, 2842 MHz, 250.53 W
2026/08/19 16:14:03.836, 98 %, 83 %, 15856 MiB, 2842 MHz, 250.05 W
2026/08/19 16:14:07.050, 98 %, 84 %, 15836 MiB, 2842 MHz, 250.74 W
2026/08/19 16:14:08.051, 98 %, 84 %, 15752 MiB, 2835 MHz, 254.94 W
2026/08/19 16:14:09.053, 98 %, 84 %, 15751 MiB, 2842 MHz, 254.36 W
2026/08/19 16:14:10.054, 98 %, 84 %, 15751 MiB, 2842 MHz, 254.42 W
2026/08/19 16:14:11.055, 98 %, 84 %, 15751 MiB, 2842 MHz, 254.03 W
2026/08/19 16:14:12.056, 98 %, 84 %, 15751 MiB, 2842 MHz, 255.83 W
2026/08/19 16:14:13.057, 98 %, 84 %, 15751 MiB, 2842 MHz, 254.25 W
2026/08/19 16:14:14.058, 98 %, 84 %, 15751 MiB, 2842 MHz, 254.38 W
2026/08/19 16:14:15.059, 98 %, 84 %, 15751 MiB, 2842 MHz, 253.92 W
2026/08/19 16:14:16.060, 98 %, 82 %, 15751 MiB, 2842 MHz, 256.00 W
2026/08/19 16:14:17.061, 98 %, 84 %, 15751 MiB, 2842 MHz, 254.42 W
2026/08/19 16:14:18.062, 98 %, 84 %, 15751 MiB, 2842 MHz, 254.75 W
2026/08/19 16:14:19.063, 98 %, 85 %, 15751 MiB, 2842 MHz, 255.19 W
2026/08/19 16:14:20.065, 94 %, 78 %, 15751 MiB, 2842 MHz, 255.98 W
2026/08/19 16:14:21.066, 98 %, 84 %, 15751 MiB, 2842 MHz, 255.25 W
2026/08/19 16:14:22.067, 98 %, 84 %, 15751 MiB, 2842 MHz, 254.85 W
2026/08/19 16:14:23.068, 98 %, 85 %, 15751 MiB, 2842 MHz, 255.33 W
2026/08/19 16:14:24.068, 98 %, 85 %, 15751 MiB, 2842 MHz, 255.17 W
2026/08/19 16:14:25.070, 98 %, 84 %, 15751 MiB, 2842 MHz, 255.32 W
2026/08/19 16:14:26.071, 98 %, 84 %, 15751 MiB, 2842 MHz, 254.63 W
2026/08/19 16:14:27.072, 98 %, 84 %, 15751 MiB, 2842 MHz, 254.63 W
2026/08/19 16:14:28.073, 98 %, 85 %, 15751 MiB, 2842 MHz, 255.02 W
2026/08/19 16:14:29.074, 97 %, 84 %, 15751 MiB, 2842 MHz, 255.77 W
2026/08/19 16:14:30.075, 98 %, 84 %, 15751 MiB, 2842 MHz, 254.85 W
2026/08/19 16:14:31.076, 98 %, 84 %, 15751 MiB, 2842 MHz, 254.90 W
2026/08/19 16:14:32.077, 98 %, 85 %, 15751 MiB, 2842 MHz, 255.12 W
2026/08/19 16:14:33.079, 98 %, 84 %, 15751 MiB, 2835 MHz, 255.84 W
2026/08/19 16:14:34.080, 98 %, 84 %, 15751 MiB, 2842 MHz, 254.45 W
2026/08/19 16:14:35.081, 98 %, 84 %, 15751 MiB, 2842 MHz, 255.13 W
2026/08/19 16:14:36.083, 98 %, 84 %, 15751 MiB, 2842 MHz, 255.09 W
2026/08/19 16:14:37.084, 98 %, 84 %, 15751 MiB, 2835 MHz, 256.12 W
2026/08/19 16:14:38.085, 98 %, 84 %, 15751 MiB, 2842 MHz, 254.99 W
2026/08/19 16:14:39.086, 98 %, 84 %, 15751 MiB, 2842 MHz, 254.25 W
2026/08/19 16:14:42.329, 98 %, 85 %, 15751 MiB, 2842 MHz, 255.34 W
2026/08/19 16:14:43.330, 98 %, 84 %, 15751 MiB, 2842 MHz, 256.38 W
2026/08/19 16:14:44.331, 98 %, 84 %, 15751 MiB, 2842 MHz, 255.06 W
2026/08/19 16:14:45.332, 98 %, 84 %, 15751 MiB, 2842 MHz, 254.48 W
2026/08/19 16:14:46.333, 98 %, 85 %, 15751 MiB, 2842 MHz, 254.96 W
2026/08/19 16:14:47.334, 95 %, 66 %, 15751 MiB, 2842 MHz, 256.02 W
2026/08/19 16:14:48.336, 98 %, 84 %, 15751 MiB, 2842 MHz, 255.11 W
2026/08/19 16:14:49.337, 98 %, 84 %, 15751 MiB, 2842 MHz, 254.44 W
2026/08/19 16:14:50.338, 98 %, 84 %, 15751 MiB, 2842 MHz, 254.17 W
2026/08/19 16:14:51.339, 98 %, 84 %, 15751 MiB, 2842 MHz, 254.30 W
2026/08/19 16:14:52.340, 98 %, 84 %, 15751 MiB, 2842 MHz, 255.51 W
2026/08/19 16:14:53.342, 98 %, 84 %, 15751 MiB, 2842 MHz, 254.77 W
2026/08/19 16:14:54.343, 98 %, 84 %, 15751 MiB, 2842 MHz, 254.77 W
2026/08/19 16:14:55.344, 98 %, 84 %, 15751 MiB, 2842 MHz, 254.38 W
2026/08/19 16:14:56.345, 98 %, 84 %, 15751 MiB, 2842 MHz, 255.71 W
2026/08/19 16:14:57.347, 98 %, 84 %, 15751 MiB, 2842 MHz, 255.21 W
2026/08/19 16:14:58.348, 98 %, 84 %, 15751 MiB, 2842 MHz, 255.39 W
2026/08/19 16:14:59.349, 98 %, 84 %, 15751 MiB, 2842 MHz, 254.73 W
2026/08/19 16:15:00.350, 98 %, 84 %, 15751 MiB, 2842 MHz, 255.54 W
2026/08/19 16:15:01.351, 98 %, 84 %, 15751 MiB, 2842 MHz, 254.79 W
2026/08/19 16:15:02.352, 98 %, 84 %, 15751 MiB, 2842 MHz, 254.61 W
2026/08/19 16:15:03.353, 98 %, 84 %, 15751 MiB, 2842 MHz, 255.14 W
2026/08/19 16:15:04.354, 98 %, 84 %, 15751 MiB, 2842 MHz, 255.49 W
2026/08/19 16:15:05.356, 98 %, 84 %, 15751 MiB, 2842 MHz, 254.94 W
2026/08/19 16:15:06.357, 98 %, 84 %, 15751 MiB, 2842 MHz, 255.05 W
2026/08/19 16:15:07.358, 98 %, 84 %, 15751 MiB, 2842 MHz, 255.21 W
2026/08/19 16:15:08.359, 98 %, 84 %, 15751 MiB, 2842 MHz, 256.20 W
2026/08/19 16:15:09.360, 98 %, 84 %, 15751 MiB, 2842 MHz, 254.96 W
2026/08/19 16:15:10.361, 98 %, 84 %, 15751 MiB, 2842 MHz, 255.45 W
2026/08/19 16:15:11.363, 98 %, 85 %, 15751 MiB, 2842 MHz, 255.34 W
2026/08/19 16:15:12.364, 98 %, 84 %, 15751 MiB, 2835 MHz, 256.43 W
2026/08/19 16:15:13.365, 98 %, 84 %, 15751 MiB, 2842 MHz, 254.62 W
2026/08/19 16:15:16.568, 98 %, 84 %, 15751 MiB, 2842 MHz, 255.18 W
2026/08/19 16:15:17.569, 98 %, 85 %, 15751 MiB, 2842 MHz, 255.45 W
2026/08/19 16:15:18.570, 94 %, 65 %, 15751 MiB, 2842 MHz, 256.55 W
2026/08/19 16:15:19.571, 98 %, 84 %, 15751 MiB, 2842 MHz, 255.34 W
2026/08/19 16:15:20.572, 98 %, 84 %, 15751 MiB, 2842 MHz, 255.20 W
2026/08/19 16:15:21.574, 98 %, 84 %, 15751 MiB, 2842 MHz, 255.65 W
2026/08/19 16:15:22.575, 98 %, 85 %, 15751 MiB, 2842 MHz, 255.46 W
2026/08/19 16:15:23.576, 98 %, 83 %, 15738 MiB, 2842 MHz, 255.16 W
2026/08/19 16:15:24.577, 98 %, 83 %, 15721 MiB, 2842 MHz, 253.97 W
2026/08/19 16:15:25.578, 98 %, 81 %, 15692 MiB, 2842 MHz, 250.01 W
2026/08/19 16:15:26.579, 98 %, 83 %, 15759 MiB, 2842 MHz, 250.36 W
2026/08/19 16:15:27.580, 98 %, 83 %, 15759 MiB, 2835 MHz, 252.31 W
2026/08/19 16:15:28.581, 98 %, 83 %, 15744 MiB, 2842 MHz, 253.57 W
2026/08/19 16:15:29.582, 98 %, 84 %, 15744 MiB, 2842 MHz, 254.83 W
2026/08/19 16:15:30.583, 98 %, 85 %, 15740 MiB, 2842 MHz, 255.39 W
2026/08/19 16:15:31.584, 98 %, 84 %, 15735 MiB, 2835 MHz, 256.18 W
2026/08/19 16:15:32.585, 97 %, 83 %, 15715 MiB, 2842 MHz, 254.59 W
2026/08/19 16:15:33.586, 98 %, 85 %, 15692 MiB, 2842 MHz, 255.04 W
2026/08/19 16:15:34.587, 98 %, 84 %, 15683 MiB, 2842 MHz, 254.45 W
2026/08/19 16:15:35.588, 98 %, 84 %, 15683 MiB, 2842 MHz, 255.57 W
2026/08/19 16:15:36.590, 98 %, 84 %, 15683 MiB, 2842 MHz, 254.75 W
2026/08/19 16:15:37.591, 98 %, 84 %, 15683 MiB, 2842 MHz, 254.17 W
2026/08/19 16:15:38.592, 98 %, 84 %, 15683 MiB, 2842 MHz, 255.09 W
2026/08/19 16:15:39.593, 98 %, 83 %, 15683 MiB, 2842 MHz, 252.39 W
2026/08/19 16:15:40.594, 97 %, 82 %, 15683 MiB, 2842 MHz, 251.06 W
2026/08/19 16:15:41.595, 98 %, 84 %, 15690 MiB, 2842 MHz, 252.07 W
2026/08/19 16:15:42.596, 98 %, 84 %, 15690 MiB, 2842 MHz, 254.01 W
2026/08/19 16:15:43.598, 98 %, 84 %, 15690 MiB, 2842 MHz, 255.00 W
2026/08/19 16:15:44.599, 98 %, 84 %, 15690 MiB, 2842 MHz, 256.20 W
2026/08/19 16:15:45.600, 98 %, 83 %, 15690 MiB, 2842 MHz, 253.33 W
2026/08/19 16:15:46.602, 98 %, 84 %, 15689 MiB, 2842 MHz, 251.72 W
2026/08/19 16:15:47.603, 98 %, 82 %, 15689 MiB, 2842 MHz, 252.41 W
2026/08/19 16:15:50.819, 98 %, 84 %, 15689 MiB, 2835 MHz, 254.51 W
2026/08/19 16:15:51.820, 98 %, 84 %, 15688 MiB, 2842 MHz, 254.52 W
2026/08/19 16:15:52.821, 98 %, 83 %, 15682 MiB, 2842 MHz, 251.79 W
2026/08/19 16:15:53.822, 98 %, 84 %, 15695 MiB, 2842 MHz, 253.20 W
2026/08/19 16:15:54.823, 98 %, 84 %, 15690 MiB, 2842 MHz, 255.48 W
2026/08/19 16:15:55.824, 98 %, 84 %, 15690 MiB, 2842 MHz, 254.11 W
2026/08/19 16:15:56.826, 98 %, 84 %, 15690 MiB, 2842 MHz, 254.50 W
2026/08/19 16:15:57.827, 98 %, 84 %, 15690 MiB, 2842 MHz, 254.44 W
2026/08/19 16:15:58.828, 98 %, 84 %, 15677 MiB, 2842 MHz, 255.65 W
2026/08/19 16:15:59.829, 98 %, 84 %, 15677 MiB, 2842 MHz, 254.72 W
2026/08/19 16:16:00.830, 98 %, 84 %, 15677 MiB, 2842 MHz, 254.80 W
2026/08/19 16:16:01.831, 98 %, 84 %, 15677 MiB, 2842 MHz, 254.74 W
2026/08/19 16:16:02.832, 98 %, 76 %, 15677 MiB, 2842 MHz, 255.04 W
2026/08/19 16:16:03.833, 98 %, 82 %, 15674 MiB, 2842 MHz, 251.88 W
2026/08/19 16:16:04.834, 98 %, 84 %, 15692 MiB, 2842 MHz, 251.15 W
2026/08/19 16:16:05.835, 98 %, 84 %, 15692 MiB, 2842 MHz, 254.99 W
2026/08/19 16:16:06.836, 98 %, 85 %, 15692 MiB, 2842 MHz, 254.79 W
2026/08/19 16:16:07.837, 97 %, 82 %, 15713 MiB, 2842 MHz, 253.67 W
2026/08/19 16:16:08.838, 98 %, 84 %, 15714 MiB, 2842 MHz, 250.77 W
2026/08/19 16:16:09.839, 98 %, 83 %, 15749 MiB, 2842 MHz, 252.35 W
2026/08/19 16:16:10.840, 97 %, 82 %, 15742 MiB, 2842 MHz, 252.93 W
2026/08/19 16:16:11.842, 98 %, 81 %, 15798 MiB, 2842 MHz, 247.08 W
2026/08/19 16:16:12.843, 98 %, 84 %, 15776 MiB, 2842 MHz, 253.10 W
2026/08/19 16:16:13.844, 98 %, 83 %, 15751 MiB, 2842 MHz, 252.70 W
2026/08/19 16:16:14.845, 98 %, 83 %, 15740 MiB, 2842 MHz, 253.23 W
2026/08/19 16:16:15.846, 98 %, 83 %, 15736 MiB, 2835 MHz, 255.40 W
2026/08/19 16:16:16.847, 98 %, 84 %, 15731 MiB, 2842 MHz, 253.45 W
2026/08/19 16:16:17.849, 98 %, 84 %, 15702 MiB, 2842 MHz, 254.04 W
2026/08/19 16:16:18.850, 98 %, 84 %, 15720 MiB, 2842 MHz, 254.07 W
2026/08/19 16:16:19.851, 98 %, 83 %, 15720 MiB, 2842 MHz, 256.03 W
2026/08/19 16:16:20.852, 98 %, 83 %, 15716 MiB, 2842 MHz, 254.35 W
2026/08/19 16:16:21.853, 98 %, 84 %, 15710 MiB, 2842 MHz, 254.42 W
2026/08/19 16:16:25.067, 98 %, 82 %, 15705 MiB, 2842 MHz, 254.71 W
2026/08/19 16:16:26.068, 95 %, 66 %, 15708 MiB, 2842 MHz, 255.88 W
2026/08/19 16:16:27.069, 98 %, 84 %, 15711 MiB, 2842 MHz, 254.45 W
2026/08/19 16:16:28.070, 98 %, 84 %, 15729 MiB, 2842 MHz, 254.15 W
2026/08/19 16:16:29.071, 98 %, 84 %, 15729 MiB, 2842 MHz, 255.02 W
2026/08/19 16:16:30.071, 98 %, 84 %, 15741 MiB, 2842 MHz, 254.95 W
2026/08/19 16:16:31.073, 98 %, 84 %, 15734 MiB, 2842 MHz, 251.72 W
2026/08/19 16:16:32.074, 98 %, 82 %, 15730 MiB, 2842 MHz, 249.15 W
2026/08/19 16:16:33.075, 98 %, 83 %, 15726 MiB, 2842 MHz, 253.41 W
2026/08/19 16:16:34.076, 98 %, 84 %, 15726 MiB, 2842 MHz, 253.35 W
2026/08/19 16:16:35.077, 98 %, 84 %, 15726 MiB, 2842 MHz, 255.14 W
2026/08/19 16:16:36.078, 98 %, 83 %, 15694 MiB, 2842 MHz, 252.50 W
2026/08/19 16:16:37.079, 98 %, 84 %, 15697 MiB, 2842 MHz, 253.70 W
2026/08/19 16:16:38.080, 98 %, 85 %, 15697 MiB, 2842 MHz, 255.16 W
2026/08/19 16:16:39.082, 98 %, 84 %, 15712 MiB, 2842 MHz, 253.62 W
2026/08/19 16:16:40.083, 98 %, 84 %, 15737 MiB, 2842 MHz, 253.48 W
2026/08/19 16:16:41.084, 98 %, 84 %, 15736 MiB, 2842 MHz, 253.72 W
2026/08/19 16:16:42.085, 98 %, 84 %, 15736 MiB, 2842 MHz, 255.35 W
2026/08/19 16:16:43.086, 98 %, 84 %, 15721 MiB, 2842 MHz, 255.12 W
2026/08/19 16:16:44.087, 98 %, 84 %, 15721 MiB, 2842 MHz, 255.16 W
2026/08/19 16:16:45.088, 98 %, 83 %, 15721 MiB, 2842 MHz, 254.69 W
2026/08/19 16:16:46.089, 98 %, 84 %, 15729 MiB, 2842 MHz, 254.98 W
2026/08/19 16:16:47.090, 2 %, 0 %, 15756 MiB, 2842 MHz, 206.38 W
2026/08/19 16:16:48.091, 1 %, 0 %, 15756 MiB, 2857 MHz, 67.86 W
2026/08/19 16:16:49.092, 2 %, 0 %, 15730 MiB, 2760 MHz, 55.18 W
2026/08/19 16:16:50.093, 1 %, 0 %, 15725 MiB, 607 MHz, 47.00 W
2026/08/19 16:16:51.094, 0 %, 0 %, 15725 MiB, 2647 MHz, 60.04 W
2026/08/19 16:16:52.095, 1 %, 0 %, 15683 MiB, 2655 MHz, 59.75 W
2026/08/19 16:16:53.096, 1 %, 0 %, 15683 MiB, 2647 MHz, 60.04 W
2026/08/19 16:16:54.098, 1 %, 0 %, 15698 MiB, 697 MHz, 39.75 W
2026/08/19 16:16:55.099, 98 %, 80 %, 15736 MiB, 1567 MHz, 105.71 W
2026/08/19 16:16:56.100, 98 %, 84 %, 15735 MiB, 2842 MHz, 247.59 W
2026/08/19 16:16:57.101, 97 %, 84 %, 15735 MiB, 2842 MHz, 250.85 W
2026/08/19 16:17:00.341, 98 %, 84 %, 15734 MiB, 2842 MHz, 250.69 W
2026/08/19 16:17:01.343, 95 %, 81 %, 15734 MiB, 2842 MHz, 250.48 W
2026/08/19 16:17:02.344, 98 %, 84 %, 15723 MiB, 2842 MHz, 251.52 W
2026/08/19 16:17:03.345, 98 %, 84 %, 15723 MiB, 2842 MHz, 251.95 W
2026/08/19 16:17:04.346, 98 %, 84 %, 15723 MiB, 2842 MHz, 252.59 W
2026/08/19 16:17:05.347, 98 %, 84 %, 15723 MiB, 2842 MHz, 251.96 W
2026/08/19 16:17:06.349, 98 %, 82 %, 15733 MiB, 2842 MHz, 250.72 W
2026/08/19 16:17:07.350, 98 %, 83 %, 15733 MiB, 2842 MHz, 249.97 W
2026/08/19 16:17:08.351, 98 %, 83 %, 15733 MiB, 2842 MHz, 249.83 W
2026/08/19 16:17:09.353, 98 %, 84 %, 15733 MiB, 2842 MHz, 252.45 W
2026/08/19 16:17:10.354, 98 %, 84 %, 15715 MiB, 2842 MHz, 251.26 W
2026/08/19 16:17:11.355, 98 %, 84 %, 15714 MiB, 2842 MHz, 253.28 W
2026/08/19 16:17:12.356, 98 %, 84 %, 15713 MiB, 2842 MHz, 253.02 W
2026/08/19 16:17:13.357, 98 %, 84 %, 15684 MiB, 2842 MHz, 253.43 W
2026/08/19 16:17:14.358, 98 %, 84 %, 15684 MiB, 2842 MHz, 251.25 W
2026/08/19 16:17:15.360, 98 %, 84 %, 15681 MiB, 2842 MHz, 253.79 W
2026/08/19 16:17:16.361, 98 %, 84 %, 15681 MiB, 2842 MHz, 253.58 W
2026/08/19 16:17:17.362, 97 %, 82 %, 15827 MiB, 2842 MHz, 247.81 W
2026/08/19 16:17:18.363, 98 %, 83 %, 15830 MiB, 2842 MHz, 245.29 W
2026/08/19 16:17:19.364, 98 %, 83 %, 15712 MiB, 2842 MHz, 249.93 W
2026/08/19 16:17:20.366, 98 %, 83 %, 15754 MiB, 2842 MHz, 250.71 W
2026/08/19 16:17:21.367, 98 %, 82 %, 15752 MiB, 2842 MHz, 249.64 W
2026/08/19 16:17:22.368, 98 %, 83 %, 15719 MiB, 2842 MHz, 251.86 W
2026/08/19 16:17:23.369, 98 %, 83 %, 15685 MiB, 2842 MHz, 250.90 W
2026/08/19 16:17:24.371, 98 %, 83 %, 15695 MiB, 2842 MHz, 251.44 W
2026/08/19 16:17:25.372, 98 %, 83 %, 15691 MiB, 2842 MHz, 251.52 W
2026/08/19 16:17:26.373, 95 %, 65 %, 15677 MiB, 2842 MHz, 252.76 W
2026/08/19 16:17:27.374, 98 %, 82 %, 15673 MiB, 2842 MHz, 251.50 W
2026/08/19 16:17:28.376, 98 %, 83 %, 15674 MiB, 2842 MHz, 251.43 W
2026/08/19 16:17:29.377, 98 %, 83 %, 15672 MiB, 2842 MHz, 251.89 W
2026/08/19 16:17:30.378, 98 %, 84 %, 15663 MiB, 2842 MHz, 252.04 W
2026/08/19 16:17:31.380, 98 %, 83 %, 15659 MiB, 2842 MHz, 253.52 W
2026/08/19 16:17:34.591, 98 %, 83 %, 15672 MiB, 2842 MHz, 251.70 W
2026/08/19 16:17:35.592, 98 %, 83 %, 15672 MiB, 2842 MHz, 252.72 W
2026/08/19 16:17:36.594, 98 %, 83 %, 15663 MiB, 2842 MHz, 252.12 W
2026/08/19 16:17:37.595, 98 %, 83 %, 15660 MiB, 2835 MHz, 253.34 W
2026/08/19 16:17:38.597, 98 %, 83 %, 15671 MiB, 2842 MHz, 252.07 W
2026/08/19 16:17:39.598, 98 %, 83 %, 15664 MiB, 2842 MHz, 252.64 W
2026/08/19 16:17:40.599, 98 %, 83 %, 15660 MiB, 2842 MHz, 253.00 W
2026/08/19 16:17:41.600, 98 %, 83 %, 15671 MiB, 2842 MHz, 254.31 W
2026/08/19 16:17:42.601, 98 %, 82 %, 15671 MiB, 2842 MHz, 252.78 W
2026/08/19 16:17:43.602, 98 %, 84 %, 15665 MiB, 2842 MHz, 252.97 W
2026/08/19 16:17:44.603, 98 %, 83 %, 15661 MiB, 2842 MHz, 253.19 W
2026/08/19 16:17:45.605, 95 %, 65 %, 15673 MiB, 2842 MHz, 254.60 W
2026/08/19 16:17:46.606, 98 %, 83 %, 15673 MiB, 2842 MHz, 253.05 W
2026/08/19 16:17:47.607, 98 %, 83 %, 15667 MiB, 2842 MHz, 253.23 W
2026/08/19 16:17:48.609, 98 %, 83 %, 15661 MiB, 2842 MHz, 253.12 W
2026/08/19 16:17:49.610, 95 %, 71 %, 15672 MiB, 2842 MHz, 253.14 W
2026/08/19 16:17:50.612, 98 %, 83 %, 15666 MiB, 2842 MHz, 254.39 W
2026/08/19 16:17:51.613, 98 %, 83 %, 15662 MiB, 2842 MHz, 252.97 W
2026/08/19 16:17:52.614, 98 %, 83 %, 15674 MiB, 2842 MHz, 253.13 W
2026/08/19 16:17:53.615, 98 %, 83 %, 15674 MiB, 2842 MHz, 253.26 W
2026/08/19 16:17:54.616, 98 %, 83 %, 15666 MiB, 2842 MHz, 254.13 W
2026/08/19 16:17:55.617, 98 %, 83 %, 15662 MiB, 2842 MHz, 253.39 W
2026/08/19 16:17:56.619, 98 %, 83 %, 15675 MiB, 2842 MHz, 252.78 W
2026/08/19 16:17:57.620, 98 %, 83 %, 15675 MiB, 2842 MHz, 253.24 W
2026/08/19 16:17:58.621, 98 %, 82 %, 15667 MiB, 2842 MHz, 254.98 W
2026/08/19 16:17:59.623, 98 %, 83 %, 15663 MiB, 2842 MHz, 253.41 W
2026/08/19 16:18:00.624, 98 %, 83 %, 15674 MiB, 2842 MHz, 252.84 W
2026/08/19 16:18:01.626, 98 %, 83 %, 15674 MiB, 2842 MHz, 253.03 W
2026/08/19 16:18:02.627, 98 %, 72 %, 15667 MiB, 2842 MHz, 254.71 W
2026/08/19 16:18:03.628, 98 %, 82 %, 15663 MiB, 2842 MHz, 252.81 W
2026/08/19 16:18:04.630, 98 %, 83 %, 15674 MiB, 2842 MHz, 252.58 W
2026/08/19 16:18:05.631, 98 %, 83 %, 15668 MiB, 2842 MHz, 252.80 W
2026/08/19 16:18:08.891, 98 %, 83 %, 15664 MiB, 2842 MHz, 253.04 W
2026/08/19 16:18:09.892, 98 %, 83 %, 15677 MiB, 2842 MHz, 254.11 W
2026/08/19 16:18:10.894, 98 %, 82 %, 15692 MiB, 2842 MHz, 252.80 W
2026/08/19 16:18:11.895, 98 %, 83 %, 15685 MiB, 2842 MHz, 252.42 W
2026/08/19 16:18:12.896, 98 %, 82 %, 15680 MiB, 2842 MHz, 252.22 W
2026/08/19 16:18:13.897, 98 %, 82 %, 15701 MiB, 2835 MHz, 253.38 W
2026/08/19 16:18:14.898, 98 %, 83 %, 15702 MiB, 2842 MHz, 252.81 W
2026/08/19 16:18:15.900, 98 %, 83 %, 15696 MiB, 2842 MHz, 252.65 W
2026/08/19 16:18:16.901, 96 %, 76 %, 15777 MiB, 2842 MHz, 249.77 W
2026/08/19 16:18:17.902, 98 %, 83 %, 15798 MiB, 2835 MHz, 253.91 W
2026/08/19 16:18:18.903, 98 %, 82 %, 15789 MiB, 2842 MHz, 252.73 W
2026/08/19 16:18:19.904, 98 %, 84 %, 15757 MiB, 2842 MHz, 255.21 W
2026/08/19 16:18:20.905, 98 %, 85 %, 15757 MiB, 2842 MHz, 256.26 W
2026/08/19 16:18:21.906, 98 %, 69 %, 15770 MiB, 2842 MHz, 255.15 W
2026/08/19 16:18:22.907, 98 %, 81 %, 15789 MiB, 2842 MHz, 251.73 W
2026/08/19 16:18:23.908, 98 %, 83 %, 15815 MiB, 2842 MHz, 255.04 W
2026/08/19 16:18:24.909, 98 %, 84 %, 15665 MiB, 2842 MHz, 255.67 W
2026/08/19 16:18:25.911, 94 %, 65 %, 15723 MiB, 2842 MHz, 253.95 W
2026/08/19 16:18:26.912, 98 %, 82 %, 15727 MiB, 2842 MHz, 253.05 W
2026/08/19 16:18:27.913, 98 %, 83 %, 15744 MiB, 2842 MHz, 251.58 W
2026/08/19 16:18:28.915, 98 %, 83 %, 15753 MiB, 2842 MHz, 252.59 W
2026/08/19 16:18:29.916, 98 %, 83 %, 15748 MiB, 2842 MHz, 253.28 W
2026/08/19 16:18:30.917, 98 %, 83 %, 15759 MiB, 2842 MHz, 254.31 W
2026/08/19 16:18:31.919, 98 %, 83 %, 15759 MiB, 2842 MHz, 253.76 W
2026/08/19 16:18:32.920, 98 %, 83 %, 15733 MiB, 2842 MHz, 254.23 W
2026/08/19 16:18:33.921, 98 %, 83 %, 15712 MiB, 2842 MHz, 253.59 W
2026/08/19 16:18:34.922, 98 %, 83 %, 15718 MiB, 2842 MHz, 254.78 W
2026/08/19 16:18:35.923, 98 %, 83 %, 15708 MiB, 2842 MHz, 253.61 W
2026/08/19 16:18:36.925, 98 %, 83 %, 15700 MiB, 2842 MHz, 253.83 W
2026/08/19 16:18:37.926, 98 %, 83 %, 15700 MiB, 2842 MHz, 253.74 W
2026/08/19 16:18:38.927, 98 %, 76 %, 15700 MiB, 2842 MHz, 254.95 W
2026/08/19 16:18:39.928, 98 %, 83 %, 15699 MiB, 2842 MHz, 253.83 W
2026/08/19 16:18:43.206, 98 %, 85 %, 15699 MiB, 2842 MHz, 255.94 W
2026/08/19 16:18:44.207, 98 %, 85 %, 15699 MiB, 2842 MHz, 257.08 W
2026/08/19 16:18:45.208, 98 %, 84 %, 15718 MiB, 2842 MHz, 255.18 W
2026/08/19 16:18:46.210, 98 %, 83 %, 15724 MiB, 2842 MHz, 254.84 W
2026/08/19 16:18:47.211, 98 %, 84 %, 15741 MiB, 2842 MHz, 253.81 W
2026/08/19 16:18:48.213, 98 %, 80 %, 15802 MiB, 2842 MHz, 243.95 W
2026/08/19 16:18:49.214, 98 %, 81 %, 15837 MiB, 2842 MHz, 246.39 W
2026/08/19 16:18:50.215, 98 %, 82 %, 15793 MiB, 2842 MHz, 252.30 W
2026/08/19 16:18:51.217, 98 %, 84 %, 15792 MiB, 2842 MHz, 253.82 W
2026/08/19 16:18:52.218, 98 %, 84 %, 15762 MiB, 2842 MHz, 255.54 W
2026/08/19 16:18:53.219, 98 %, 85 %, 15749 MiB, 2842 MHz, 256.47 W
2026/08/19 16:18:54.220, 98 %, 84 %, 15748 MiB, 2842 MHz, 255.93 W
2026/08/19 16:18:55.222, 98 %, 82 %, 15711 MiB, 2842 MHz, 252.98 W
2026/08/19 16:18:56.223, 98 %, 84 %, 15708 MiB, 2842 MHz, 253.27 W
2026/08/19 16:18:57.224, 98 %, 84 %, 15708 MiB, 2842 MHz, 255.14 W
2026/08/19 16:18:58.225, 98 %, 84 %, 15718 MiB, 2842 MHz, 255.93 W
2026/08/19 16:18:59.226, 98 %, 84 %, 15718 MiB, 2842 MHz, 256.56 W
2026/08/19 16:19:00.227, 98 %, 84 %, 15718 MiB, 2842 MHz, 256.16 W
2026/08/19 16:19:01.228, 98 %, 84 %, 15718 MiB, 2842 MHz, 256.14 W
2026/08/19 16:19:02.229, 98 %, 74 %, 15718 MiB, 2842 MHz, 257.64 W
2026/08/19 16:19:03.231, 98 %, 84 %, 15718 MiB, 2842 MHz, 256.12 W
2026/08/19 16:19:04.232, 97 %, 83 %, 15714 MiB, 2842 MHz, 255.68 W
2026/08/19 16:19:05.233, 98 %, 84 %, 15714 MiB, 2842 MHz, 256.10 W
2026/08/19 16:19:06.234, 95 %, 66 %, 15710 MiB, 2842 MHz, 257.75 W
2026/08/19 16:19:07.235, 98 %, 83 %, 15715 MiB, 2842 MHz, 256.01 W
2026/08/19 16:19:08.236, 98 %, 84 %, 15715 MiB, 2842 MHz, 256.31 W
2026/08/19 16:19:09.238, 98 %, 84 %, 15715 MiB, 2842 MHz, 255.53 W
2026/08/19 16:19:10.239, 98 %, 84 %, 15715 MiB, 2842 MHz, 256.22 W
2026/08/19 16:19:11.241, 98 %, 84 %, 15715 MiB, 2842 MHz, 256.33 W
2026/08/19 16:19:12.242, 98 %, 84 %, 15704 MiB, 2842 MHz, 253.25 W
2026/08/19 16:19:13.243, 98 %, 84 %, 15704 MiB, 2842 MHz, 255.59 W
2026/08/19 16:19:14.244, 98 %, 84 %, 15704 MiB, 2842 MHz, 255.03 W
2026/08/19 16:19:17.617, 98 %, 84 %, 15704 MiB, 2842 MHz, 256.82 W
2026/08/19 16:19:18.618, 98 %, 84 %, 15704 MiB, 2842 MHz, 256.06 W
2026/08/19 16:19:19.619, 98 %, 84 %, 15704 MiB, 2842 MHz, 255.61 W
2026/08/19 16:19:20.620, 98 %, 82 %, 15711 MiB, 2842 MHz, 251.71 W
2026/08/19 16:19:21.621, 97 %, 82 %, 15726 MiB, 2842 MHz, 252.38 W
2026/08/19 16:19:22.622, 98 %, 83 %, 15751 MiB, 2842 MHz, 254.09 W
2026/08/19 16:19:23.624, 98 %, 84 %, 15749 MiB, 2842 MHz, 254.43 W
2026/08/19 16:19:24.625, 98 %, 85 %, 15749 MiB, 2842 MHz, 256.37 W
2026/08/19 16:19:25.626, 94 %, 65 %, 15749 MiB, 2842 MHz, 257.15 W
2026/08/19 16:19:26.627, 98 %, 84 %, 15757 MiB, 2842 MHz, 255.83 W
2026/08/19 16:19:27.628, 98 %, 84 %, 15752 MiB, 2842 MHz, 255.59 W
2026/08/19 16:19:28.629, 98 %, 84 %, 15751 MiB, 2842 MHz, 256.22 W
2026/08/19 16:19:29.630, 95 %, 76 %, 15751 MiB, 2842 MHz, 257.71 W
2026/08/19 16:19:30.631, 98 %, 84 %, 15751 MiB, 2842 MHz, 255.35 W
2026/08/19 16:19:31.632, 98 %, 84 %, 15751 MiB, 2842 MHz, 256.32 W
2026/08/19 16:19:32.633, 98 %, 84 %, 15751 MiB, 2842 MHz, 256.07 W
2026/08/19 16:19:33.634, 98 %, 82 %, 15742 MiB, 2842 MHz, 255.17 W
2026/08/19 16:19:34.635, 98 %, 81 %, 15761 MiB, 2842 MHz, 248.75 W
2026/08/19 16:19:35.636, 98 %, 82 %, 15823 MiB, 2842 MHz, 250.82 W
2026/08/19 16:19:36.637, 98 %, 85 %, 15818 MiB, 2842 MHz, 253.58 W
2026/08/19 16:19:37.638, 95 %, 81 %, 15817 MiB, 2842 MHz, 255.10 W
2026/08/19 16:19:38.639, 98 %, 83 %, 15826 MiB, 2842 MHz, 255.89 W
2026/08/19 16:19:39.640, 98 %, 84 %, 15823 MiB, 2842 MHz, 255.93 W
2026/08/19 16:19:40.641, 97 %, 83 %, 15823 MiB, 2842 MHz, 255.62 W
2026/08/19 16:19:41.642, 98 %, 85 %, 15820 MiB, 2842 MHz, 256.22 W
2026/08/19 16:19:42.644, 98 %, 84 %, 15813 MiB, 2842 MHz, 256.01 W
2026/08/19 16:19:43.645, 98 %, 84 %, 15811 MiB, 2842 MHz, 255.36 W
2026/08/19 16:19:44.646, 98 %, 85 %, 15811 MiB, 2842 MHz, 256.40 W
2026/08/19 16:19:45.647, 98 %, 84 %, 15811 MiB, 2842 MHz, 255.62 W
2026/08/19 16:19:46.648, 98 %, 84 %, 15811 MiB, 2842 MHz, 256.33 W
2026/08/19 16:19:47.649, 98 %, 84 %, 15811 MiB, 2842 MHz, 255.60 W
2026/08/19 16:19:48.650, 98 %, 84 %, 15811 MiB, 2842 MHz, 255.81 W
2026/08/19 16:19:49.652, 98 %, 84 %, 15811 MiB, 2842 MHz, 256.14 W
2026/08/19 16:19:53.147, 98 %, 84 %, 15810 MiB, 2835 MHz, 256.39 W
2026/08/19 16:19:54.148, 98 %, 84 %, 15800 MiB, 2842 MHz, 253.29 W
2026/08/19 16:19:55.150, 98 %, 84 %, 15800 MiB, 2842 MHz, 256.22 W
2026/08/19 16:19:56.151, 98 %, 85 %, 15800 MiB, 2842 MHz, 256.47 W
2026/08/19 16:19:57.152, 95 %, 66 %, 15800 MiB, 2842 MHz, 257.11 W
2026/08/19 16:19:58.153, 98 %, 84 %, 15792 MiB, 2842 MHz, 255.24 W
2026/08/19 16:19:59.154, 98 %, 85 %, 15792 MiB, 2842 MHz, 255.65 W
2026/08/19 16:20:00.155, 98 %, 85 %, 15792 MiB, 2842 MHz, 256.10 W
2026/08/19 16:20:01.156, 98 %, 85 %, 15792 MiB, 2842 MHz, 256.02 W
2026/08/19 16:20:02.157, 97 %, 83 %, 15776 MiB, 2842 MHz, 254.99 W
2026/08/19 16:20:03.158, 98 %, 83 %, 15768 MiB, 2842 MHz, 255.37 W
2026/08/19 16:20:04.159, 97 %, 82 %, 15744 MiB, 2842 MHz, 252.58 W
2026/08/19 16:20:05.160, 98 %, 84 %, 15772 MiB, 2842 MHz, 252.75 W
2026/08/19 16:20:06.161, 97 %, 82 %, 15733 MiB, 2842 MHz, 247.83 W
2026/08/19 16:20:07.162, 98 %, 83 %, 15768 MiB, 2842 MHz, 252.67 W
2026/08/19 16:20:08.163, 98 %, 84 %, 15746 MiB, 2842 MHz, 254.46 W
2026/08/19 16:20:09.164, 98 %, 83 %, 15735 MiB, 2842 MHz, 254.84 W
2026/08/19 16:20:10.166, 98 %, 82 %, 15727 MiB, 2842 MHz, 252.58 W
2026/08/19 16:20:11.167, 98 %, 84 %, 15719 MiB, 2842 MHz, 253.32 W
2026/08/19 16:20:12.168, 98 %, 84 %, 15686 MiB, 2842 MHz, 254.42 W
2026/08/19 16:20:13.169, 98 %, 85 %, 15686 MiB, 2842 MHz, 255.55 W
2026/08/19 16:20:14.170, 98 %, 84 %, 15664 MiB, 2835 MHz, 256.51 W
2026/08/19 16:20:15.171, 98 %, 84 %, 15664 MiB, 2842 MHz, 255.95 W
2026/08/19 16:20:16.172, 98 %, 84 %, 15661 MiB, 2842 MHz, 255.64 W
2026/08/19 16:20:17.173, 98 %, 84 %, 15664 MiB, 2842 MHz, 253.69 W
2026/08/19 16:20:18.174, 98 %, 84 %, 15664 MiB, 2835 MHz, 253.88 W
2026/08/19 16:20:19.175, 98 %, 83 %, 15651 MiB, 2842 MHz, 253.82 W
2026/08/19 16:20:20.177, 98 %, 84 %, 15656 MiB, 2842 MHz, 252.69 W
2026/08/19 16:20:21.177, 98 %, 83 %, 15656 MiB, 2842 MHz, 253.18 W
2026/08/19 16:20:22.178, 98 %, 84 %, 15656 MiB, 2842 MHz, 255.19 W
2026/08/19 16:20:23.180, 98 %, 83 %, 15652 MiB, 2842 MHz, 252.73 W
2026/08/19 16:20:24.181, 98 %, 84 %, 15652 MiB, 2842 MHz, 254.78 W
2026/08/19 16:20:27.611, 98 %, 85 %, 15652 MiB, 2842 MHz, 254.96 W
2026/08/19 16:20:28.613, 95 %, 74 %, 15652 MiB, 2842 MHz, 253.28 W
2026/08/19 16:20:29.614, 98 %, 84 %, 15652 MiB, 2842 MHz, 254.40 W
2026/08/19 16:20:30.615, 98 %, 83 %, 15667 MiB, 2842 MHz, 253.97 W
2026/08/19 16:20:31.616, 98 %, 83 %, 15692 MiB, 2842 MHz, 254.37 W
2026/08/19 16:20:32.617, 98 %, 85 %, 15687 MiB, 2842 MHz, 253.68 W
2026/08/19 16:20:33.618, 98 %, 84 %, 15687 MiB, 2835 MHz, 256.95 W
2026/08/19 16:20:34.619, 98 %, 84 %, 15687 MiB, 2842 MHz, 255.16 W
2026/08/19 16:20:35.621, 98 %, 85 %, 15687 MiB, 2842 MHz, 255.92 W
2026/08/19 16:20:36.622, 98 %, 85 %, 15687 MiB, 2842 MHz, 255.98 W
2026/08/19 16:20:37.623, 98 %, 84 %, 15687 MiB, 2835 MHz, 256.96 W
2026/08/19 16:20:38.624, 98 %, 84 %, 15687 MiB, 2842 MHz, 256.08 W
2026/08/19 16:20:39.625, 98 %, 84 %, 15687 MiB, 2842 MHz, 255.77 W
2026/08/19 16:20:40.626, 98 %, 83 %, 15706 MiB, 2842 MHz, 251.20 W
2026/08/19 16:20:41.627, 98 %, 84 %, 15700 MiB, 2842 MHz, 252.90 W
2026/08/19 16:20:42.628, 98 %, 84 %, 15693 MiB, 2842 MHz, 251.78 W
2026/08/19 16:20:43.629, 98 %, 84 %, 15693 MiB, 2842 MHz, 253.02 W
2026/08/19 16:20:44.630, 98 %, 82 %, 15662 MiB, 2842 MHz, 254.20 W
2026/08/19 16:20:45.631, 98 %, 84 %, 15662 MiB, 2835 MHz, 256.57 W
2026/08/19 16:20:46.633, 98 %, 84 %, 15651 MiB, 2842 MHz, 254.83 W
2026/08/19 16:20:47.634, 98 %, 83 %, 15651 MiB, 2842 MHz, 251.84 W
2026/08/19 16:20:48.635, 98 %, 84 %, 15692 MiB, 2842 MHz, 253.10 W
2026/08/19 16:20:49.636, 98 %, 83 %, 15690 MiB, 2842 MHz, 254.46 W
2026/08/19 16:20:50.637, 98 %, 83 %, 15685 MiB, 2842 MHz, 254.35 W
2026/08/19 16:20:51.639, 98 %, 84 %, 15685 MiB, 2842 MHz, 255.17 W
2026/08/19 16:20:52.640, 98 %, 85 %, 15685 MiB, 2842 MHz, 255.22 W
2026/08/19 16:20:53.641, 95 %, 66 %, 15685 MiB, 2842 MHz, 256.69 W
2026/08/19 16:20:54.642, 98 %, 84 %, 15685 MiB, 2842 MHz, 255.91 W
2026/08/19 16:20:55.644, 97 %, 83 %, 15685 MiB, 2842 MHz, 255.00 W
2026/08/19 16:20:56.645, 98 %, 85 %, 15685 MiB, 2842 MHz, 255.73 W
2026/08/19 16:20:57.646, 98 %, 85 %, 15700 MiB, 2842 MHz, 255.19 W
2026/08/19 16:20:58.647, 98 %, 82 %, 15700 MiB, 2842 MHz, 251.04 W
2026/08/19 16:21:02.114, 98 %, 84 %, 15699 MiB, 2842 MHz, 252.62 W
2026/08/19 16:21:03.116, 98 %, 83 %, 15692 MiB, 2842 MHz, 252.97 W
2026/08/19 16:21:04.117, 98 %, 83 %, 15692 MiB, 2842 MHz, 254.29 W
2026/08/19 16:21:05.118, 98 %, 84 %, 15774 MiB, 2842 MHz, 256.40 W
2026/08/19 16:21:06.119, 98 %, 82 %, 15795 MiB, 2842 MHz, 250.71 W
2026/08/19 16:21:07.120, 98 %, 83 %, 15789 MiB, 2842 MHz, 251.71 W
2026/08/19 16:21:08.122, 98 %, 83 %, 15811 MiB, 2842 MHz, 251.14 W
2026/08/19 16:21:09.123, 94 %, 64 %, 15832 MiB, 2842 MHz, 253.18 W
2026/08/19 16:21:10.125, 98 %, 84 %, 15819 MiB, 2842 MHz, 253.08 W
2026/08/19 16:21:11.126, 98 %, 84 %, 15755 MiB, 2842 MHz, 255.19 W
2026/08/19 16:21:12.127, 98 %, 84 %, 15748 MiB, 2842 MHz, 255.51 W
2026/08/19 16:21:13.129, 98 %, 85 %, 15748 MiB, 2842 MHz, 256.40 W
2026/08/19 16:21:14.130, 98 %, 84 %, 15748 MiB, 2842 MHz, 256.94 W
2026/08/19 16:21:15.131, 98 %, 83 %, 15748 MiB, 2842 MHz, 255.36 W
2026/08/19 16:21:16.132, 98 %, 85 %, 15748 MiB, 2842 MHz, 255.92 W
2026/08/19 16:21:17.133, 98 %, 84 %, 15748 MiB, 2842 MHz, 255.43 W
2026/08/19 16:21:18.134, 98 %, 84 %, 15691 MiB, 2842 MHz, 255.04 W
2026/08/19 16:21:19.135, 98 %, 82 %, 15704 MiB, 2842 MHz, 251.10 W
2026/08/19 16:21:20.136, 98 %, 83 %, 15701 MiB, 2842 MHz, 254.50 W
2026/08/19 16:21:21.138, 98 %, 85 %, 15701 MiB, 2842 MHz, 253.48 W
2026/08/19 16:21:22.139, 98 %, 84 %, 15701 MiB, 2842 MHz, 253.42 W
2026/08/19 16:21:23.140, 98 %, 84 %, 15720 MiB, 2842 MHz, 255.13 W
2026/08/19 16:21:24.141, 98 %, 84 %, 15720 MiB, 2842 MHz, 254.93 W
2026/08/19 16:21:25.142, 98 %, 84 %, 15692 MiB, 2842 MHz, 253.61 W
2026/08/19 16:21:26.143, 98 %, 84 %, 15692 MiB, 2842 MHz, 254.62 W
2026/08/19 16:21:27.145, 98 %, 84 %, 15692 MiB, 2842 MHz, 254.86 W
2026/08/19 16:21:28.146, 98 %, 85 %, 15702 MiB, 2842 MHz, 254.43 W
2026/08/19 16:21:29.147, 98 %, 84 %, 15702 MiB, 2842 MHz, 254.33 W
2026/08/19 16:21:30.148, 97 %, 83 %, 15702 MiB, 2842 MHz, 255.93 W
2026/08/19 16:21:31.149, 98 %, 84 %, 15702 MiB, 2842 MHz, 255.15 W
2026/08/19 16:21:32.150, 98 %, 84 %, 15702 MiB, 2842 MHz, 255.26 W
2026/08/19 16:21:33.152, 98 %, 84 %, 15702 MiB, 2842 MHz, 255.59 W
2026/08/19 16:21:36.414, 98 %, 84 %, 15702 MiB, 2835 MHz, 256.45 W
2026/08/19 16:21:37.415, 98 %, 84 %, 15691 MiB, 2842 MHz, 254.65 W
2026/08/19 16:21:38.416, 98 %, 84 %, 15691 MiB, 2842 MHz, 255.54 W
2026/08/19 16:21:39.418, 98 %, 85 %, 15679 MiB, 2842 MHz, 255.64 W
2026/08/19 16:21:40.418, 95 %, 66 %, 15679 MiB, 2835 MHz, 256.98 W
2026/08/19 16:21:41.420, 98 %, 84 %, 15679 MiB, 2842 MHz, 255.46 W
2026/08/19 16:21:42.421, 98 %, 83 %, 15672 MiB, 2842 MHz, 249.41 W
2026/08/19 16:21:43.422, 98 %, 82 %, 15674 MiB, 2842 MHz, 249.25 W
2026/08/19 16:21:44.423, 98 %, 83 %, 15725 MiB, 2842 MHz, 250.47 W
2026/08/19 16:21:45.425, 98 %, 83 %, 15718 MiB, 2842 MHz, 252.52 W
2026/08/19 16:21:46.426, 98 %, 83 %, 15705 MiB, 2842 MHz, 253.89 W
2026/08/19 16:21:47.427, 98 %, 85 %, 15701 MiB, 2842 MHz, 254.99 W
2026/08/19 16:21:48.428, 98 %, 85 %, 15696 MiB, 2842 MHz, 255.36 W
2026/08/19 16:21:49.430, 98 %, 84 %, 15679 MiB, 2842 MHz, 255.96 W
2026/08/19 16:21:50.431, 98 %, 82 %, 15661 MiB, 2842 MHz, 252.86 W
2026/08/19 16:21:51.432, 98 %, 84 %, 15662 MiB, 2842 MHz, 251.69 W
2026/08/19 16:21:52.433, 98 %, 82 %, 15662 MiB, 2842 MHz, 249.78 W
2026/08/19 16:21:53.434, 98 %, 84 %, 15662 MiB, 2842 MHz, 255.18 W
2026/08/19 16:21:54.435, 98 %, 84 %, 15662 MiB, 2842 MHz, 253.52 W
2026/08/19 16:21:55.436, 98 %, 83 %, 15662 MiB, 2842 MHz, 252.13 W
2026/08/19 16:21:56.437, 98 %, 82 %, 15662 MiB, 2842 MHz, 252.08 W
2026/08/19 16:21:57.438, 98 %, 84 %, 15662 MiB, 2842 MHz, 255.72 W
2026/08/19 16:21:58.441, 98 %, 84 %, 15662 MiB, 2842 MHz, 255.35 W
2026/08/19 16:21:59.442, 98 %, 83 %, 15662 MiB, 2842 MHz, 251.69 W
2026/08/19 16:22:00.443, 98 %, 85 %, 15662 MiB, 2842 MHz, 255.42 W
2026/08/19 16:22:01.444, 98 %, 83 %, 15662 MiB, 2842 MHz, 255.44 W
2026/08/19 16:22:02.445, 98 %, 82 %, 15662 MiB, 2842 MHz, 252.01 W
2026/08/19 16:22:03.446, 98 %, 84 %, 15662 MiB, 2842 MHz, 252.57 W
2026/08/19 16:22:04.447, 98 %, 85 %, 15662 MiB, 2842 MHz, 255.65 W
2026/08/19 16:22:05.448, 95 %, 66 %, 15662 MiB, 2842 MHz, 254.63 W
2026/08/19 16:22:06.450, 98 %, 81 %, 15670 MiB, 2842 MHz, 252.05 W
2026/08/19 16:22:07.451, 98 %, 84 %, 15675 MiB, 2842 MHz, 253.67 W
2026/08/19 16:22:10.962, 98 %, 83 %, 15691 MiB, 2842 MHz, 253.67 W
2026/08/19 16:22:11.975, 98 %, 84 %, 15691 MiB, 2842 MHz, 253.88 W
2026/08/19 16:22:12.987, 98 %, 84 %, 15691 MiB, 2842 MHz, 256.04 W
2026/08/19 16:22:14.000, 98 %, 85 %, 15691 MiB, 2842 MHz, 255.51 W
2026/08/19 16:22:15.001, 98 %, 85 %, 15691 MiB, 2842 MHz, 255.89 W
2026/08/19 16:22:16.002, 98 %, 85 %, 15691 MiB, 2842 MHz, 256.00 W
2026/08/19 16:22:17.004, 98 %, 84 %, 15694 MiB, 2842 MHz, 256.64 W
2026/08/19 16:22:18.005, 98 %, 82 %, 15706 MiB, 2842 MHz, 253.63 W
2026/08/19 16:22:19.006, 98 %, 83 %, 15706 MiB, 2842 MHz, 248.84 W
2026/08/19 16:22:20.007, 98 %, 83 %, 15699 MiB, 2842 MHz, 250.93 W
2026/08/19 16:22:21.008, 98 %, 84 %, 15687 MiB, 2842 MHz, 254.18 W
2026/08/19 16:22:22.009, 98 %, 83 %, 15692 MiB, 2842 MHz, 252.57 W
2026/08/19 16:22:23.010, 98 %, 84 %, 15662 MiB, 2842 MHz, 252.16 W
2026/08/19 16:22:24.011, 98 %, 84 %, 15662 MiB, 2842 MHz, 254.79 W
2026/08/19 16:22:25.013, 94 %, 62 %, 15668 MiB, 2842 MHz, 253.24 W
2026/08/19 16:22:26.014, 98 %, 83 %, 15678 MiB, 2842 MHz, 251.97 W
2026/08/19 16:22:27.015, 98 %, 83 %, 15701 MiB, 2842 MHz, 253.62 W
2026/08/19 16:22:28.016, 97 %, 83 %, 15700 MiB, 2842 MHz, 254.16 W
2026/08/19 16:22:29.017, 94 %, 69 %, 15707 MiB, 2842 MHz, 255.65 W
2026/08/19 16:22:30.018, 98 %, 82 %, 15704 MiB, 2842 MHz, 251.04 W
2026/08/19 16:22:31.019, 98 %, 82 %, 15703 MiB, 2842 MHz, 252.77 W
2026/08/19 16:22:32.020, 98 %, 83 %, 15685 MiB, 2842 MHz, 254.59 W
2026/08/19 16:22:33.021, 94 %, 65 %, 15685 MiB, 2842 MHz, 256.60 W
2026/08/19 16:22:34.022, 98 %, 83 %, 15656 MiB, 2842 MHz, 252.25 W
2026/08/19 16:22:35.024, 98 %, 84 %, 15698 MiB, 2842 MHz, 254.07 W
2026/08/19 16:22:36.025, 98 %, 83 %, 15696 MiB, 2842 MHz, 253.40 W
2026/08/19 16:22:37.026, 98 %, 84 %, 15696 MiB, 2842 MHz, 255.17 W
2026/08/19 16:22:38.027, 98 %, 83 %, 15703 MiB, 2842 MHz, 253.38 W
2026/08/19 16:22:39.028, 98 %, 84 %, 15703 MiB, 2842 MHz, 252.87 W
2026/08/19 16:22:40.029, 98 %, 84 %, 15696 MiB, 2842 MHz, 253.76 W
2026/08/19 16:22:41.030, 98 %, 85 %, 15696 MiB, 2842 MHz, 256.05 W
2026/08/19 16:22:42.031, 98 %, 82 %, 15684 MiB, 2842 MHz, 251.68 W
2026/08/19 16:22:43.032, 98 %, 84 %, 15698 MiB, 2842 MHz, 252.86 W
2026/08/19 16:22:46.309, 98 %, 84 %, 15696 MiB, 2842 MHz, 254.07 W
2026/08/19 16:22:47.310, 98 %, 83 %, 15696 MiB, 2842 MHz, 254.31 W
2026/08/19 16:22:48.311, 98 %, 73 %, 15696 MiB, 2842 MHz, 257.06 W
2026/08/19 16:22:49.312, 98 %, 84 %, 15696 MiB, 2842 MHz, 255.26 W
2026/08/19 16:22:50.314, 98 %, 84 %, 15696 MiB, 2842 MHz, 255.40 W
2026/08/19 16:22:51.315, 98 %, 84 %, 15696 MiB, 2842 MHz, 255.28 W
2026/08/19 16:22:52.316, 98 %, 82 %, 15677 MiB, 2842 MHz, 253.70 W
2026/08/19 16:22:53.317, 98 %, 84 %, 15673 MiB, 2842 MHz, 255.97 W
2026/08/19 16:22:54.318, 98 %, 84 %, 15673 MiB, 2842 MHz, 255.09 W
2026/08/19 16:22:55.319, 98 %, 84 %, 15673 MiB, 2842 MHz, 255.76 W
2026/08/19 16:22:56.320, 98 %, 85 %, 15673 MiB, 2842 MHz, 255.54 W
2026/08/19 16:22:57.321, 98 %, 84 %, 15673 MiB, 2842 MHz, 255.63 W
2026/08/19 16:22:58.322, 98 %, 84 %, 15673 MiB, 2842 MHz, 255.08 W
2026/08/19 16:22:59.324, 98 %, 84 %, 15673 MiB, 2842 MHz, 254.94 W
2026/08/19 16:23:00.325, 98 %, 85 %, 15673 MiB, 2842 MHz, 255.00 W
2026/08/19 16:23:01.326, 98 %, 84 %, 15673 MiB, 2842 MHz, 256.15 W
2026/08/19 16:23:02.327, 98 %, 84 %, 15673 MiB, 2842 MHz, 255.16 W
2026/08/19 16:23:03.328, 98 %, 84 %, 15673 MiB, 2842 MHz, 255.50 W
2026/08/19 16:23:04.329, 98 %, 85 %, 15673 MiB, 2842 MHz, 255.90 W
2026/08/19 16:23:05.330, 98 %, 84 %, 15673 MiB, 2835 MHz, 257.02 W
2026/08/19 16:23:06.332, 98 %, 84 %, 15673 MiB, 2842 MHz, 255.22 W
2026/08/19 16:23:07.333, 98 %, 82 %, 15706 MiB, 2842 MHz, 253.44 W
2026/08/19 16:23:08.334, 98 %, 82 %, 15706 MiB, 2842 MHz, 248.83 W
2026/08/19 16:23:09.335, 95 %, 66 %, 15706 MiB, 2835 MHz, 255.31 W
2026/08/19 16:23:10.336, 98 %, 82 %, 15688 MiB, 2842 MHz, 252.68 W
2026/08/19 16:23:11.337, 98 %, 82 %, 15688 MiB, 2842 MHz, 250.31 W
2026/08/19 16:23:12.338, 98 %, 85 %, 15688 MiB, 2842 MHz, 254.80 W
2026/08/19 16:23:13.339, 98 %, 83 %, 15663 MiB, 2842 MHz, 251.64 W
2026/08/19 16:23:14.340, 98 %, 84 %, 15657 MiB, 2842 MHz, 254.13 W
2026/08/19 16:23:15.343, 98 %, 84 %, 15657 MiB, 2842 MHz, 254.25 W
2026/08/19 16:23:16.344, 98 %, 84 %, 15657 MiB, 2842 MHz, 251.43 W
2026/08/19 16:23:17.345, 98 %, 83 %, 15657 MiB, 2842 MHz, 250.79 W
2026/08/19 16:23:20.152, 98 %, 83 %, 15657 MiB, 2842 MHz, 253.29 W
2026/08/19 16:23:21.153, 98 %, 84 %, 15657 MiB, 2842 MHz, 254.50 W
2026/08/19 16:23:22.154, 98 %, 82 %, 15657 MiB, 2842 MHz, 251.09 W
2026/08/19 16:23:23.155, 98 %, 85 %, 15657 MiB, 2842 MHz, 254.53 W
2026/08/19 16:23:24.157, 98 %, 83 %, 15657 MiB, 2835 MHz, 255.04 W
2026/08/19 16:23:25.158, 98 %, 84 %, 15657 MiB, 2842 MHz, 255.29 W
2026/08/19 16:23:26.159, 98 %, 84 %, 15657 MiB, 2842 MHz, 254.36 W
2026/08/19 16:23:27.160, 98 %, 84 %, 15657 MiB, 2842 MHz, 255.09 W
2026/08/19 16:23:28.161, 98 %, 84 %, 15657 MiB, 2835 MHz, 255.35 W
2026/08/19 16:23:29.162, 98 %, 84 %, 15657 MiB, 2842 MHz, 255.09 W
2026/08/19 16:23:30.163, 98 %, 84 %, 15654 MiB, 2842 MHz, 255.03 W
2026/08/19 16:23:31.164, 98 %, 84 %, 15654 MiB, 2842 MHz, 255.00 W
2026/08/19 16:23:32.165, 95 %, 74 %, 15654 MiB, 2842 MHz, 256.45 W
2026/08/19 16:23:33.166, 98 %, 84 %, 15654 MiB, 2842 MHz, 253.93 W
2026/08/19 16:23:34.167, 98 %, 84 %, 15654 MiB, 2842 MHz, 254.74 W
2026/08/19 16:23:35.168, 98 %, 84 %, 15654 MiB, 2842 MHz, 255.61 W
2026/08/19 16:23:36.169, 98 %, 85 %, 15654 MiB, 2842 MHz, 255.62 W
2026/08/19 16:23:37.171, 98 %, 84 %, 15654 MiB, 2842 MHz, 255.24 W
2026/08/19 16:23:38.172, 98 %, 84 %, 15654 MiB, 2842 MHz, 254.34 W
2026/08/19 16:23:39.173, 98 %, 85 %, 15654 MiB, 2842 MHz, 254.76 W
2026/08/19 16:23:40.175, 98 %, 85 %, 15654 MiB, 2842 MHz, 255.30 W
2026/08/19 16:23:41.176, 98 %, 84 %, 15654 MiB, 2842 MHz, 256.20 W
2026/08/19 16:23:42.177, 98 %, 84 %, 15654 MiB, 2842 MHz, 254.90 W
2026/08/19 16:23:43.179, 98 %, 83 %, 15654 MiB, 2842 MHz, 250.68 W
2026/08/19 16:23:44.180, 98 %, 84 %, 15654 MiB, 2842 MHz, 252.78 W
2026/08/19 16:23:45.181, 98 %, 83 %, 15654 MiB, 2835 MHz, 251.16 W
2026/08/19 16:23:46.182, 98 %, 83 %, 15663 MiB, 2842 MHz, 251.95 W
2026/08/19 16:23:47.183, 98 %, 82 %, 15663 MiB, 2842 MHz, 254.45 W
2026/08/19 16:23:48.184, 98 %, 84 %, 15663 MiB, 2842 MHz, 255.33 W
2026/08/19 16:23:49.185, 98 %, 84 %, 15663 MiB, 2835 MHz, 256.24 W
2026/08/19 16:23:50.187, 98 %, 84 %, 15663 MiB, 2842 MHz, 255.01 W
2026/08/19 16:23:51.188, 98 %, 84 %, 15659 MiB, 2842 MHz, 255.20 W
2026/08/19 16:23:54.400, 98 %, 82 %, 15653 MiB, 2842 MHz, 253.62 W
2026/08/19 16:23:55.400, 98 %, 67 %, 15653 MiB, 2842 MHz, 251.56 W
2026/08/19 16:23:56.402, 98 %, 83 %, 15653 MiB, 2842 MHz, 250.04 W
2026/08/19 16:23:57.403, 98 %, 83 %, 15653 MiB, 2842 MHz, 252.79 W
2026/08/19 16:23:58.404, 98 %, 84 %, 15653 MiB, 2842 MHz, 254.09 W
2026/08/19 16:23:59.405, 98 %, 85 %, 15653 MiB, 2842 MHz, 254.58 W
2026/08/19 16:24:00.406, 98 %, 82 %, 15653 MiB, 2842 MHz, 251.19 W
2026/08/19 16:24:01.407, 98 %, 84 %, 15653 MiB, 2842 MHz, 253.83 W
2026/08/19 16:24:02.408, 98 %, 85 %, 15653 MiB, 2842 MHz, 253.95 W
2026/08/19 16:24:03.409, 98 %, 85 %, 15656 MiB, 2842 MHz, 252.73 W
2026/08/19 16:24:04.410, 98 %, 82 %, 15656 MiB, 2842 MHz, 252.75 W
2026/08/19 16:24:05.411, 98 %, 83 %, 15656 MiB, 2842 MHz, 253.72 W
2026/08/19 16:24:06.413, 98 %, 85 %, 15656 MiB, 2842 MHz, 251.32 W
2026/08/19 16:24:07.414, 98 %, 82 %, 15646 MiB, 2842 MHz, 252.09 W
2026/08/19 16:24:08.415, 98 %, 84 %, 15646 MiB, 2835 MHz, 252.68 W
2026/08/19 16:24:09.416, 98 %, 84 %, 15646 MiB, 2842 MHz, 254.39 W
2026/08/19 16:24:10.418, 98 %, 82 %, 15651 MiB, 2842 MHz, 253.63 W
2026/08/19 16:24:11.419, 98 %, 84 %, 15651 MiB, 2842 MHz, 252.35 W
2026/08/19 16:24:12.420, 97 %, 83 %, 15651 MiB, 2835 MHz, 253.21 W
2026/08/19 16:24:13.421, 98 %, 84 %, 15651 MiB, 2842 MHz, 254.19 W
2026/08/19 16:24:14.422, 98 %, 84 %, 15651 MiB, 2842 MHz, 254.68 W
2026/08/19 16:24:15.423, 98 %, 83 %, 15651 MiB, 2842 MHz, 253.67 W
2026/08/19 16:24:16.424, 98 %, 78 %, 15651 MiB, 2835 MHz, 254.81 W
2026/08/19 16:24:17.425, 98 %, 82 %, 15647 MiB, 2842 MHz, 249.92 W
2026/08/19 16:24:18.426, 98 %, 83 %, 15646 MiB, 2842 MHz, 252.73 W
2026/08/19 16:24:19.427, 98 %, 84 %, 15646 MiB, 2842 MHz, 254.43 W
2026/08/19 16:24:20.429, 95 %, 65 %, 15651 MiB, 2842 MHz, 256.45 W
2026/08/19 16:24:21.430, 98 %, 84 %, 15651 MiB, 2842 MHz, 254.71 W
2026/08/19 16:24:22.431, 98 %, 84 %, 15651 MiB, 2842 MHz, 254.02 W
2026/08/19 16:24:23.432, 98 %, 85 %, 15651 MiB, 2842 MHz, 254.12 W
2026/08/19 16:24:24.434, 98 %, 84 %, 15651 MiB, 2842 MHz, 250.83 W
2026/08/19 16:24:25.435, 98 %, 84 %, 15647 MiB, 2842 MHz, 251.99 W
2026/08/19 16:24:28.815, 98 %, 84 %, 15643 MiB, 2842 MHz, 254.60 W
2026/08/19 16:24:29.816, 98 %, 83 %, 15643 MiB, 2842 MHz, 249.87 W
2026/08/19 16:24:30.817, 98 %, 84 %, 15643 MiB, 2842 MHz, 254.19 W
2026/08/19 16:24:31.818, 98 %, 84 %, 15643 MiB, 2835 MHz, 255.68 W
2026/08/19 16:24:32.819, 98 %, 84 %, 15643 MiB, 2842 MHz, 252.64 W
2026/08/19 16:24:33.820, 98 %, 84 %, 15643 MiB, 2842 MHz, 254.89 W
2026/08/19 16:24:34.822, 98 %, 85 %, 15643 MiB, 2842 MHz, 255.42 W
2026/08/19 16:24:35.823, 98 %, 81 %, 15643 MiB, 2835 MHz, 254.11 W
2026/08/19 16:24:36.824, 98 %, 82 %, 15646 MiB, 2842 MHz, 250.71 W
2026/08/19 16:24:37.825, 98 %, 82 %, 15646 MiB, 2842 MHz, 251.97 W
2026/08/19 16:24:38.826, 98 %, 84 %, 15646 MiB, 2842 MHz, 252.44 W
2026/08/19 16:24:39.827, 98 %, 82 %, 15646 MiB, 2842 MHz, 253.67 W
2026/08/19 16:24:40.828, 98 %, 82 %, 15646 MiB, 2842 MHz, 251.04 W
2026/08/19 16:24:41.829, 98 %, 85 %, 15646 MiB, 2842 MHz, 253.97 W
2026/08/19 16:24:42.830, 98 %, 85 %, 15646 MiB, 2842 MHz, 254.86 W
2026/08/19 16:24:43.831, 98 %, 72 %, 15646 MiB, 2835 MHz, 256.66 W
2026/08/19 16:24:44.832, 98 %, 84 %, 15646 MiB, 2842 MHz, 255.13 W
2026/08/19 16:24:45.833, 98 %, 84 %, 15646 MiB, 2842 MHz, 254.41 W
2026/08/19 16:24:46.834, 98 %, 84 %, 15645 MiB, 2842 MHz, 254.11 W
2026/08/19 16:24:47.835, 93 %, 64 %, 15641 MiB, 2842 MHz, 254.43 W
2026/08/19 16:24:48.837, 98 %, 84 %, 15628 MiB, 2842 MHz, 254.72 W
2026/08/19 16:24:49.838, 98 %, 85 %, 15628 MiB, 2842 MHz, 254.84 W
2026/08/19 16:24:50.839, 98 %, 84 %, 15628 MiB, 2842 MHz, 254.82 W
2026/08/19 16:24:51.840, 98 %, 85 %, 15628 MiB, 2842 MHz, 254.46 W
2026/08/19 16:24:52.841, 98 %, 84 %, 15628 MiB, 2842 MHz, 256.06 W
2026/08/19 16:24:53.843, 98 %, 84 %, 15628 MiB, 2842 MHz, 255.02 W
2026/08/19 16:24:54.844, 98 %, 84 %, 15628 MiB, 2842 MHz, 255.44 W
2026/08/19 16:24:55.845, 98 %, 85 %, 15628 MiB, 2842 MHz, 255.32 W
2026/08/19 16:24:56.846, 97 %, 83 %, 15628 MiB, 2842 MHz, 255.53 W
2026/08/19 16:24:57.847, 98 %, 84 %, 15628 MiB, 2842 MHz, 255.21 W
2026/08/19 16:24:58.848, 98 %, 85 %, 15628 MiB, 2842 MHz, 255.06 W
2026/08/19 16:24:59.849, 98 %, 84 %, 15628 MiB, 2842 MHz, 254.58 W
2026/08/19 16:25:03.259, 98 %, 84 %, 15628 MiB, 2842 MHz, 256.11 W
2026/08/19 16:25:04.260, 98 %, 84 %, 15628 MiB, 2842 MHz, 254.80 W
2026/08/19 16:25:05.261, 98 %, 84 %, 15628 MiB, 2842 MHz, 255.33 W
2026/08/19 16:25:06.262, 98 %, 85 %, 15628 MiB, 2842 MHz, 255.09 W
2026/08/19 16:25:07.263, 96 %, 66 %, 15628 MiB, 2842 MHz, 256.92 W
2026/08/19 16:25:08.264, 98 %, 84 %, 15628 MiB, 2842 MHz, 254.76 W
2026/08/19 16:25:09.266, 98 %, 84 %, 15628 MiB, 2842 MHz, 254.43 W
2026/08/19 16:25:10.267, 98 %, 84 %, 15628 MiB, 2842 MHz, 254.82 W
2026/08/19 16:25:11.268, 95 %, 66 %, 15628 MiB, 2842 MHz, 256.60 W
2026/08/19 16:25:12.269, 98 %, 84 %, 15628 MiB, 2842 MHz, 255.31 W
2026/08/19 16:25:13.270, 98 %, 85 %, 15628 MiB, 2842 MHz, 255.66 W
2026/08/19 16:25:14.271, 98 %, 85 %, 15628 MiB, 2842 MHz, 255.00 W
2026/08/19 16:25:15.272, 98 %, 85 %, 15628 MiB, 2842 MHz, 255.40 W
2026/08/19 16:25:16.273, 98 %, 84 %, 15628 MiB, 2842 MHz, 255.89 W
2026/08/19 16:25:17.274, 98 %, 84 %, 15628 MiB, 2842 MHz, 255.56 W
2026/08/19 16:25:18.276, 98 %, 84 %, 15628 MiB, 2842 MHz, 255.09 W
2026/08/19 16:25:19.277, 98 %, 85 %, 15628 MiB, 2842 MHz, 255.33 W
2026/08/19 16:25:20.278, 98 %, 84 %, 15628 MiB, 2842 MHz, 255.97 W
2026/08/19 16:25:21.279, 98 %, 84 %, 15628 MiB, 2842 MHz, 255.43 W
2026/08/19 16:25:22.280, 98 %, 85 %, 15628 MiB, 2842 MHz, 255.17 W
2026/08/19 16:25:23.282, 98 %, 85 %, 15628 MiB, 2842 MHz, 255.45 W
2026/08/19 16:25:24.283, 98 %, 84 %, 15628 MiB, 2842 MHz, 256.39 W
2026/08/19 16:25:25.284, 98 %, 84 %, 15628 MiB, 2842 MHz, 255.41 W
2026/08/19 16:25:26.285, 98 %, 85 %, 15628 MiB, 2842 MHz, 255.36 W
2026/08/19 16:25:27.286, 97 %, 84 %, 15628 MiB, 2842 MHz, 255.29 W
2026/08/19 16:25:28.287, 98 %, 84 %, 15628 MiB, 2842 MHz, 256.32 W
2026/08/19 16:25:29.288, 98 %, 84 %, 15628 MiB, 2842 MHz, 255.18 W
2026/08/19 16:25:30.289, 98 %, 84 %, 15628 MiB, 2842 MHz, 255.48 W
2026/08/19 16:25:31.291, 98 %, 85 %, 15628 MiB, 2842 MHz, 255.62 W
2026/08/19 16:25:32.292, 98 %, 84 %, 15628 MiB, 2835 MHz, 256.48 W
2026/08/19 16:25:33.293, 98 %, 84 %, 15628 MiB, 2842 MHz, 255.90 W
2026/08/19 16:25:34.294, 98 %, 85 %, 15628 MiB, 2842 MHz, 255.85 W
2026/08/19 16:25:35.295, 98 %, 85 %, 15628 MiB, 2842 MHz, 255.67 W
2026/08/19 16:25:38.594, 98 %, 79 %, 15628 MiB, 2842 MHz, 256.58 W
2026/08/19 16:25:39.596, 98 %, 84 %, 15628 MiB, 2842 MHz, 255.03 W
2026/08/19 16:25:40.597, 98 %, 84 %, 15628 MiB, 2842 MHz, 255.49 W
2026/08/19 16:25:41.598, 98 %, 85 %, 15628 MiB, 2842 MHz, 255.78 W
2026/08/19 16:25:42.599, 97 %, 84 %, 15628 MiB, 2842 MHz, 256.88 W
2026/08/19 16:25:43.600, 98 %, 84 %, 15628 MiB, 2842 MHz, 255.12 W
2026/08/19 16:25:44.601, 98 %, 84 %, 15628 MiB, 2842 MHz, 255.17 W
2026/08/19 16:25:45.602, 98 %, 84 %, 15628 MiB, 2842 MHz, 255.25 W
2026/08/19 16:25:46.603, 98 %, 85 %, 15628 MiB, 2842 MHz, 255.27 W
2026/08/19 16:25:47.607, 98 %, 84 %, 15628 MiB, 2842 MHz, 256.55 W
2026/08/19 16:25:48.608, 98 %, 84 %, 15628 MiB, 2842 MHz, 254.97 W
2026/08/19 16:25:49.609, 98 %, 84 %, 15628 MiB, 2842 MHz, 255.65 W
2026/08/19 16:25:50.610, 98 %, 85 %, 15628 MiB, 2842 MHz, 255.79 W
2026/08/19 16:25:51.611, 98 %, 84 %, 15628 MiB, 2842 MHz, 256.70 W
2026/08/19 16:25:52.614, 98 %, 84 %, 15628 MiB, 2842 MHz, 255.60 W
2026/08/19 16:25:53.615, 98 %, 84 %, 15628 MiB, 2842 MHz, 255.17 W
2026/08/19 16:25:54.616, 98 %, 85 %, 15628 MiB, 2842 MHz, 255.17 W
2026/08/19 16:25:55.617, 98 %, 84 %, 15628 MiB, 2842 MHz, 256.49 W
2026/08/19 16:25:56.618, 98 %, 84 %, 15628 MiB, 2842 MHz, 254.83 W
2026/08/19 16:25:57.619, 97 %, 83 %, 15628 MiB, 2842 MHz, 254.19 W
2026/08/19 16:25:58.620, 98 %, 85 %, 15628 MiB, 2842 MHz, 255.15 W
2026/08/19 16:25:59.621, 98 %, 84 %, 15628 MiB, 2842 MHz, 256.37 W
2026/08/19 16:26:00.622, 98 %, 84 %, 15628 MiB, 2842 MHz, 254.86 W
2026/08/19 16:26:01.623, 98 %, 85 %, 15628 MiB, 2842 MHz, 255.37 W
2026/08/19 16:26:02.624, 98 %, 84 %, 15628 MiB, 2842 MHz, 254.90 W
2026/08/19 16:26:03.625, 98 %, 84 %, 15628 MiB, 2842 MHz, 256.50 W
2026/08/19 16:26:04.626, 98 %, 84 %, 15628 MiB, 2842 MHz, 255.53 W
2026/08/19 16:26:05.627, 98 %, 84 %, 15628 MiB, 2842 MHz, 255.94 W
2026/08/19 16:26:06.629, 98 %, 85 %, 15628 MiB, 2842 MHz, 255.99 W
2026/08/19 16:26:07.630, 98 %, 84 %, 15628 MiB, 2835 MHz, 256.61 W
2026/08/19 16:26:08.631, 98 %, 84 %, 15628 MiB, 2842 MHz, 255.21 W
2026/08/19 16:26:09.632, 98 %, 84 %, 15628 MiB, 2842 MHz, 255.06 W
2026/08/19 16:26:12.960, 98 %, 84 %, 15628 MiB, 2842 MHz, 255.35 W
2026/08/19 16:26:13.961, 95 %, 69 %, 15628 MiB, 2842 MHz, 256.52 W
2026/08/19 16:26:14.963, 98 %, 84 %, 15628 MiB, 2842 MHz, 255.35 W
2026/08/19 16:26:15.964, 98 %, 84 %, 15628 MiB, 2842 MHz, 255.41 W
2026/08/19 16:26:16.965, 98 %, 84 %, 15628 MiB, 2842 MHz, 255.30 W
2026/08/19 16:26:17.966, 98 %, 84 %, 15628 MiB, 2842 MHz, 255.62 W
2026/08/19 16:26:18.967, 98 %, 84 %, 15628 MiB, 2842 MHz, 256.93 W
2026/08/19 16:26:19.968, 98 %, 84 %, 15628 MiB, 2842 MHz, 255.18 W
2026/08/19 16:26:20.969, 98 %, 84 %, 15628 MiB, 2842 MHz, 255.25 W
2026/08/19 16:26:21.970, 98 %, 84 %, 15628 MiB, 2842 MHz, 255.57 W
2026/08/19 16:26:22.971, 98 %, 84 %, 15628 MiB, 2842 MHz, 256.62 W
2026/08/19 16:26:23.972, 98 %, 84 %, 15628 MiB, 2842 MHz, 255.11 W
2026/08/19 16:26:24.973, 98 %, 84 %, 15628 MiB, 2842 MHz, 255.64 W
2026/08/19 16:26:25.974, 98 %, 84 %, 15628 MiB, 2842 MHz, 255.63 W
2026/08/19 16:26:26.975, 98 %, 84 %, 15628 MiB, 2842 MHz, 256.70 W
2026/08/19 16:26:27.976, 98 %, 83 %, 15628 MiB, 2842 MHz, 254.94 W
2026/08/19 16:26:28.977, 98 %, 85 %, 15628 MiB, 2842 MHz, 255.35 W
2026/08/19 16:26:29.978, 98 %, 84 %, 15628 MiB, 2842 MHz, 255.17 W
2026/08/19 16:26:30.979, 98 %, 84 %, 15628 MiB, 2842 MHz, 256.07 W
2026/08/19 16:26:31.980, 98 %, 84 %, 15628 MiB, 2842 MHz, 255.32 W
2026/08/19 16:26:32.981, 98 %, 84 %, 15628 MiB, 2842 MHz, 254.90 W
2026/08/19 16:26:33.982, 98 %, 84 %, 15628 MiB, 2842 MHz, 255.51 W
2026/08/19 16:26:34.984, 98 %, 84 %, 15628 MiB, 2842 MHz, 256.09 W
2026/08/19 16:26:35.985, 98 %, 84 %, 15628 MiB, 2842 MHz, 254.41 W
2026/08/19 16:26:36.986, 98 %, 84 %, 15628 MiB, 2842 MHz, 254.67 W
2026/08/19 16:26:37.987, 98 %, 84 %, 15628 MiB, 2842 MHz, 254.12 W
2026/08/19 16:26:38.988, 98 %, 84 %, 15628 MiB, 2842 MHz, 256.07 W
2026/08/19 16:26:39.989, 98 %, 84 %, 15628 MiB, 2842 MHz, 255.04 W
2026/08/19 16:26:40.990, 98 %, 84 %, 15628 MiB, 2842 MHz, 255.24 W
2026/08/19 16:26:41.991, 98 %, 85 %, 15628 MiB, 2842 MHz, 255.13 W
2026/08/19 16:26:42.992, 98 %, 84 %, 15628 MiB, 2835 MHz, 256.86 W
2026/08/19 16:26:43.993, 98 %, 84 %, 15628 MiB, 2842 MHz, 255.10 W
2026/08/19 16:26:47.440, 98 %, 84 %, 15628 MiB, 2842 MHz, 255.69 W
2026/08/19 16:26:48.441, 98 %, 84 %, 15628 MiB, 2842 MHz, 255.50 W
2026/08/19 16:26:49.443, 95 %, 65 %, 15628 MiB, 2835 MHz, 256.23 W
2026/08/19 16:26:50.444, 98 %, 84 %, 15628 MiB, 2842 MHz, 255.32 W
2026/08/19 16:26:51.445, 98 %, 85 %, 15628 MiB, 2842 MHz, 255.35 W
2026/08/19 16:26:52.446, 98 %, 84 %, 15628 MiB, 2842 MHz, 255.40 W
2026/08/19 16:26:53.448, 95 %, 76 %, 15628 MiB, 2842 MHz, 254.82 W
2026/08/19 16:26:54.449, 98 %, 84 %, 15628 MiB, 2842 MHz, 255.89 W
2026/08/19 16:26:55.451, 98 %, 84 %, 15628 MiB, 2842 MHz, 254.68 W
2026/08/19 16:26:56.452, 98 %, 85 %, 15628 MiB, 2842 MHz, 254.73 W
2026/08/19 16:26:57.453, 98 %, 85 %, 15628 MiB, 2842 MHz, 254.96 W
2026/08/19 16:26:58.454, 97 %, 83 %, 15628 MiB, 2842 MHz, 255.43 W
2026/08/19 16:26:59.456, 98 %, 84 %, 15628 MiB, 2842 MHz, 254.76 W
2026/08/19 16:27:00.457, 98 %, 84 %, 15628 MiB, 2842 MHz, 254.88 W
2026/08/19 16:27:01.458, 98 %, 85 %, 15628 MiB, 2842 MHz, 254.91 W
2026/08/19 16:27:02.459, 98 %, 84 %, 15628 MiB, 2842 MHz, 255.71 W
2026/08/19 16:27:03.460, 98 %, 84 %, 15628 MiB, 2842 MHz, 254.46 W
2026/08/19 16:27:04.461, 98 %, 85 %, 15628 MiB, 2842 MHz, 254.81 W
2026/08/19 16:27:05.463, 98 %, 84 %, 15628 MiB, 2842 MHz, 254.79 W
2026/08/19 16:27:06.464, 98 %, 84 %, 15628 MiB, 2842 MHz, 256.13 W
2026/08/19 16:27:07.465, 98 %, 84 %, 15628 MiB, 2842 MHz, 254.82 W
2026/08/19 16:27:08.466, 98 %, 84 %, 15628 MiB, 2842 MHz, 254.62 W
2026/08/19 16:27:09.468, 98 %, 85 %, 15628 MiB, 2842 MHz, 254.84 W
2026/08/19 16:27:10.469, 98 %, 84 %, 15628 MiB, 2842 MHz, 256.34 W
2026/08/19 16:27:11.470, 98 %, 84 %, 15628 MiB, 2842 MHz, 255.08 W
2026/08/19 16:27:12.471, 98 %, 84 %, 15628 MiB, 2842 MHz, 254.85 W
2026/08/19 16:27:13.473, 98 %, 85 %, 15628 MiB, 2842 MHz, 255.19 W
2026/08/19 16:27:14.474, 95 %, 66 %, 15628 MiB, 2842 MHz, 256.13 W
2026/08/19 16:27:15.475, 98 %, 84 %, 15628 MiB, 2842 MHz, 255.17 W
2026/08/19 16:27:16.476, 98 %, 85 %, 15628 MiB, 2842 MHz, 255.69 W
2026/08/19 16:27:17.477, 98 %, 85 %, 15628 MiB, 2842 MHz, 254.79 W
2026/08/19 16:27:18.479, 95 %, 66 %, 15628 MiB, 2842 MHz, 256.63 W
2026/08/19 16:27:21.724, 98 %, 84 %, 15628 MiB, 2842 MHz, 254.97 W
2026/08/19 16:27:22.725, 98 %, 84 %, 15628 MiB, 2842 MHz, 254.82 W
2026/08/19 16:27:23.726, 98 %, 84 %, 15628 MiB, 2842 MHz, 254.73 W
2026/08/19 16:27:24.727, 98 %, 84 %, 15628 MiB, 2842 MHz, 254.23 W
2026/08/19 16:27:25.728, 98 %, 84 %, 15628 MiB, 2842 MHz, 255.62 W
2026/08/19 16:27:26.730, 98 %, 84 %, 15628 MiB, 2842 MHz, 254.68 W
2026/08/19 16:27:27.731, 98 %, 84 %, 15628 MiB, 2842 MHz, 254.76 W
2026/08/19 16:27:28.732, 98 %, 84 %, 15628 MiB, 2842 MHz, 254.33 W
2026/08/19 16:27:29.733, 98 %, 85 %, 15628 MiB, 2842 MHz, 256.17 W
2026/08/19 16:27:30.734, 98 %, 84 %, 15628 MiB, 2842 MHz, 255.08 W
2026/08/19 16:27:31.735, 98 %, 85 %, 15628 MiB, 2842 MHz, 254.72 W
2026/08/19 16:27:32.737, 98 %, 84 %, 15628 MiB, 2842 MHz, 254.76 W
2026/08/19 16:27:33.738, 98 %, 84 %, 15628 MiB, 2842 MHz, 255.57 W
2026/08/19 16:27:34.739, 98 %, 84 %, 15628 MiB, 2842 MHz, 254.70 W
2026/08/19 16:27:35.741, 98 %, 84 %, 15628 MiB, 2842 MHz, 254.58 W
2026/08/19 16:27:36.742, 98 %, 84 %, 15628 MiB, 2842 MHz, 254.85 W
2026/08/19 16:27:37.743, 98 %, 84 %, 15628 MiB, 2835 MHz, 255.62 W
2026/08/19 16:27:38.744, 98 %, 84 %, 15628 MiB, 2842 MHz, 254.36 W
2026/08/19 16:27:39.747, 98 %, 84 %, 15628 MiB, 2842 MHz, 255.05 W
2026/08/19 16:27:40.748, 98 %, 85 %, 15628 MiB, 2842 MHz, 255.10 W
2026/08/19 16:27:41.749, 98 %, 84 %, 15628 MiB, 2835 MHz, 256.24 W
2026/08/19 16:27:42.750, 97 %, 83 %, 15628 MiB, 2842 MHz, 254.94 W
2026/08/19 16:27:43.751, 98 %, 85 %, 15628 MiB, 2842 MHz, 254.95 W
2026/08/19 16:27:44.752, 98 %, 85 %, 15628 MiB, 2842 MHz, 255.02 W
2026/08/19 16:27:45.754, 98 %, 77 %, 15628 MiB, 2842 MHz, 256.83 W
2026/08/19 16:27:46.755, 98 %, 84 %, 15628 MiB, 2842 MHz, 255.28 W
2026/08/19 16:27:47.756, 98 %, 84 %, 15628 MiB, 2842 MHz, 254.92 W
2026/08/19 16:27:48.757, 98 %, 85 %, 15628 MiB, 2842 MHz, 255.35 W
2026/08/19 16:27:49.758, 98 %, 85 %, 15628 MiB, 2842 MHz, 255.26 W
2026/08/19 16:27:50.759, 98 %, 84 %, 15628 MiB, 2842 MHz, 255.62 W
2026/08/19 16:27:51.761, 98 %, 85 %, 15628 MiB, 2842 MHz, 255.04 W
2026/08/19 16:27:52.762, 98 %, 84 %, 15628 MiB, 2842 MHz, 255.00 W
2026/08/19 16:27:53.763, 98 %, 85 %, 15628 MiB, 2842 MHz, 255.49 W
2026/08/19 16:27:57.013, 98 %, 84 %, 15628 MiB, 2842 MHz, 256.25 W
2026/08/19 16:27:58.015, 98 %, 84 %, 15628 MiB, 2842 MHz, 254.98 W
2026/08/19 16:27:59.016, 96 %, 83 %, 15628 MiB, 2842 MHz, 254.26 W
2026/08/19 16:28:00.017, 98 %, 85 %, 15628 MiB, 2842 MHz, 254.91 W
2026/08/19 16:28:01.018, 98 %, 84 %, 15628 MiB, 2842 MHz, 256.15 W
2026/08/19 16:28:02.020, 98 %, 84 %, 15628 MiB, 2842 MHz, 255.08 W
2026/08/19 16:28:03.021, 98 %, 84 %, 15628 MiB, 2842 MHz, 254.88 W
2026/08/19 16:28:04.022, 98 %, 85 %, 15628 MiB, 2842 MHz, 254.83 W
2026/08/19 16:28:05.023, 98 %, 84 %, 15628 MiB, 2842 MHz, 255.52 W
2026/08/19 16:28:06.024, 98 %, 85 %, 15628 MiB, 2842 MHz, 255.16 W
2026/08/19 16:28:07.025, 98 %, 84 %, 15628 MiB, 2842 MHz, 254.91 W
2026/08/19 16:28:08.026, 98 %, 84 %, 15628 MiB, 2842 MHz, 255.19 W
2026/08/19 16:28:09.027, 98 %, 84 %, 15628 MiB, 2842 MHz, 256.10 W
2026/08/19 16:28:10.029, 98 %, 85 %, 15628 MiB, 2842 MHz, 255.02 W
2026/08/19 16:28:11.030, 98 %, 84 %, 15628 MiB, 2842 MHz, 254.88 W
2026/08/19 16:28:12.031, 98 %, 84 %, 15628 MiB, 2842 MHz, 255.38 W
2026/08/19 16:28:13.032, 95 %, 65 %, 15628 MiB, 2835 MHz, 255.77 W
2026/08/19 16:28:14.033, 98 %, 84 %, 15628 MiB, 2842 MHz, 254.96 W
2026/08/19 16:28:15.034, 98 %, 84 %, 15628 MiB, 2842 MHz, 254.96 W
2026/08/19 16:28:16.035, 98 %, 85 %, 15628 MiB, 2842 MHz, 255.23 W
2026/08/19 16:28:17.036, 95 %, 66 %, 15628 MiB, 2842 MHz, 256.60 W
2026/08/19 16:28:18.037, 98 %, 84 %, 15628 MiB, 2842 MHz, 254.33 W
2026/08/19 16:28:19.038, 98 %, 84 %, 15628 MiB, 2842 MHz, 254.55 W
2026/08/19 16:28:20.039, 98 %, 84 %, 15628 MiB, 2842 MHz, 254.55 W
2026/08/19 16:28:21.040, 98 %, 84 %, 15628 MiB, 2842 MHz, 254.86 W
2026/08/19 16:28:22.042, 98 %, 84 %, 15628 MiB, 2842 MHz, 256.17 W
2026/08/19 16:28:23.043, 98 %, 84 %, 15628 MiB, 2842 MHz, 255.13 W
2026/08/19 16:28:24.044, 98 %, 84 %, 15628 MiB, 2842 MHz, 255.78 W
2026/08/19 16:28:25.045, 98 %, 84 %, 15628 MiB, 2842 MHz, 255.61 W
2026/08/19 16:28:26.046, 98 %, 84 %, 15624 MiB, 2842 MHz, 256.57 W
2026/08/19 16:28:27.049, 98 %, 83 %, 15614 MiB, 2842 MHz, 255.40 W
2026/08/19 16:28:28.050, 98 %, 84 %, 15606 MiB, 2842 MHz, 255.02 W
2026/08/19 16:28:31.298, 98 %, 84 %, 15589 MiB, 2842 MHz, 255.55 W
2026/08/19 16:28:32.299, 98 %, 84 %, 15574 MiB, 2842 MHz, 256.03 W
2026/08/19 16:28:33.300, 98 %, 84 %, 15574 MiB, 2842 MHz, 255.14 W
2026/08/19 16:28:34.302, 98 %, 84 %, 15574 MiB, 2842 MHz, 254.96 W
2026/08/19 16:28:35.303, 98 %, 84 %, 15574 MiB, 2842 MHz, 255.23 W
2026/08/19 16:28:36.304, 98 %, 84 %, 15574 MiB, 2842 MHz, 255.93 W
2026/08/19 16:28:37.305, 98 %, 84 %, 15574 MiB, 2842 MHz, 255.05 W
2026/08/19 16:28:38.306, 98 %, 84 %, 15574 MiB, 2842 MHz, 255.12 W
2026/08/19 16:28:39.307, 98 %, 85 %, 15574 MiB, 2842 MHz, 254.97 W
2026/08/19 16:28:40.308, 98 %, 82 %, 15574 MiB, 2842 MHz, 256.60 W
2026/08/19 16:28:41.309, 98 %, 84 %, 15574 MiB, 2842 MHz, 254.71 W
2026/08/19 16:28:42.310, 98 %, 84 %, 15574 MiB, 2842 MHz, 254.62 W
2026/08/19 16:28:43.311, 98 %, 84 %, 15574 MiB, 2842 MHz, 254.42 W
2026/08/19 16:28:44.313, 96 %, 67 %, 15574 MiB, 2842 MHz, 256.41 W
2026/08/19 16:28:45.314, 98 %, 84 %, 15574 MiB, 2842 MHz, 255.21 W
2026/08/19 16:28:46.315, 98 %, 84 %, 15574 MiB, 2842 MHz, 255.39 W
2026/08/19 16:28:47.316, 98 %, 85 %, 15574 MiB, 2842 MHz, 255.12 W
2026/08/19 16:28:48.318, 98 %, 84 %, 15574 MiB, 2842 MHz, 255.58 W
2026/08/19 16:28:49.320, 98 %, 84 %, 15574 MiB, 2842 MHz, 256.05 W
2026/08/19 16:28:50.321, 98 %, 84 %, 15574 MiB, 2842 MHz, 255.57 W
2026/08/19 16:28:51.322, 98 %, 85 %, 15574 MiB, 2842 MHz, 255.83 W
2026/08/19 16:28:52.323, 98 %, 85 %, 15574 MiB, 2842 MHz, 255.60 W
2026/08/19 16:28:53.324, 98 %, 84 %, 15574 MiB, 2842 MHz, 256.48 W
2026/08/19 16:28:54.326, 98 %, 85 %, 15574 MiB, 2842 MHz, 255.47 W
2026/08/19 16:28:55.327, 98 %, 84 %, 15574 MiB, 2842 MHz, 255.66 W
2026/08/19 16:28:56.328, 98 %, 84 %, 15574 MiB, 2842 MHz, 255.34 W
2026/08/19 16:28:57.329, 97 %, 83 %, 15574 MiB, 2842 MHz, 256.08 W
2026/08/19 16:28:58.331, 98 %, 84 %, 15574 MiB, 2842 MHz, 255.41 W
2026/08/19 16:28:59.332, 98 %, 85 %, 15574 MiB, 2842 MHz, 255.42 W
2026/08/19 16:29:00.333, 98 %, 85 %, 15574 MiB, 2842 MHz, 255.28 W
2026/08/19 16:29:01.334, 98 %, 84 %, 15574 MiB, 2835 MHz, 256.21 W
2026/08/19 16:29:02.335, 98 %, 84 %, 15574 MiB, 2842 MHz, 254.37 W
2026/08/19 16:29:05.585, 98 %, 84 %, 15574 MiB, 2842 MHz, 254.43 W
2026/08/19 16:29:06.586, 98 %, 84 %, 15574 MiB, 2842 MHz, 255.19 W
2026/08/19 16:29:07.587, 98 %, 84 %, 15574 MiB, 2835 MHz, 256.67 W
2026/08/19 16:29:08.588, 98 %, 84 %, 15574 MiB, 2842 MHz, 255.22 W
2026/08/19 16:29:09.589, 98 %, 84 %, 15574 MiB, 2842 MHz, 254.83 W
2026/08/19 16:29:10.590, 98 %, 84 %, 15574 MiB, 2842 MHz, 255.49 W
2026/08/19 16:29:11.591, 98 %, 84 %, 15574 MiB, 2842 MHz, 256.77 W
2026/08/19 16:29:12.592, 98 %, 84 %, 15574 MiB, 2842 MHz, 255.27 W
2026/08/19 16:29:13.593, 97 %, 83 %, 15574 MiB, 2842 MHz, 255.03 W
2026/08/19 16:29:14.594, 98 %, 84 %, 15574 MiB, 2842 MHz, 255.14 W
2026/08/19 16:29:15.595, 95 %, 67 %, 15574 MiB, 2842 MHz, 255.88 W
2026/08/19 16:29:16.596, 98 %, 84 %, 15574 MiB, 2842 MHz, 255.85 W
2026/08/19 16:29:17.597, 98 %, 84 %, 15574 MiB, 2842 MHz, 255.08 W
2026/08/19 16:29:18.599, 98 %, 84 %, 15574 MiB, 2842 MHz, 254.76 W
2026/08/19 16:29:19.600, 98 %, 84 %, 15574 MiB, 2842 MHz, 255.35 W
2026/08/19 16:29:20.601, 98 %, 84 %, 15574 MiB, 2842 MHz, 257.07 W
2026/08/19 16:29:21.602, 98 %, 84 %, 15574 MiB, 2842 MHz, 255.72 W
2026/08/19 16:29:22.603, 98 %, 84 %, 15574 MiB, 2842 MHz, 255.35 W
2026/08/19 16:29:23.604, 98 %, 84 %, 15574 MiB, 2842 MHz, 254.90 W
2026/08/19 16:29:24.605, 98 %, 84 %, 15574 MiB, 2842 MHz, 256.51 W
2026/08/19 16:29:25.606, 98 %, 84 %, 15574 MiB, 2842 MHz, 255.69 W
2026/08/19 16:29:26.608, 98 %, 85 %, 15574 MiB, 2842 MHz, 255.71 W
2026/08/19 16:29:27.609, 97 %, 84 %, 15574 MiB, 2842 MHz, 255.36 W
2026/08/19 16:29:28.610, 98 %, 84 %, 15574 MiB, 2842 MHz, 256.06 W
2026/08/19 16:29:29.611, 98 %, 84 %, 15574 MiB, 2842 MHz, 255.23 W
2026/08/19 16:29:30.612, 98 %, 84 %, 15574 MiB, 2842 MHz, 255.48 W
2026/08/19 16:29:31.613, 98 %, 84 %, 15574 MiB, 2842 MHz, 255.42 W
2026/08/19 16:29:32.614, 98 %, 84 %, 15574 MiB, 2842 MHz, 255.74 W
2026/08/19 16:29:33.615, 98 %, 84 %, 15574 MiB, 2842 MHz, 255.40 W
2026/08/19 16:29:34.616, 98 %, 85 %, 15574 MiB, 2842 MHz, 255.40 W
2026/08/19 16:29:35.618, 98 %, 84 %, 15574 MiB, 2842 MHz, 255.61 W
2026/08/19 16:29:36.619, 98 %, 71 %, 15574 MiB, 2835 MHz, 256.78 W
2026/08/19 16:29:39.866, 98 %, 84 %, 15574 MiB, 2842 MHz, 255.27 W
2026/08/19 16:29:40.868, 98 %, 84 %, 15574 MiB, 2842 MHz, 255.51 W
2026/08/19 16:29:41.869, 98 %, 84 %, 15574 MiB, 2842 MHz, 255.69 W
2026/08/19 16:29:42.870, 93 %, 64 %, 15574 MiB, 2835 MHz, 255.87 W
2026/08/19 16:29:43.871, 97 %, 83 %, 15574 MiB, 2842 MHz, 255.14 W
2026/08/19 16:29:44.872, 98 %, 85 %, 15574 MiB, 2842 MHz, 255.29 W
2026/08/19 16:29:45.873, 98 %, 84 %, 15574 MiB, 2842 MHz, 255.46 W
2026/08/19 16:29:46.874, 98 %, 85 %, 15574 MiB, 2842 MHz, 255.01 W
2026/08/19 16:29:47.875, 98 %, 84 %, 15574 MiB, 2842 MHz, 256.90 W
2026/08/19 16:29:48.876, 98 %, 84 %, 15574 MiB, 2842 MHz, 254.67 W
2026/08/19 16:29:49.877, 98 %, 84 %, 15574 MiB, 2842 MHz, 255.32 W
2026/08/19 16:29:50.878, 98 %, 84 %, 15574 MiB, 2842 MHz, 255.19 W
2026/08/19 16:29:51.879, 98 %, 84 %, 15574 MiB, 2842 MHz, 256.75 W
2026/08/19 16:29:52.880, 98 %, 84 %, 15574 MiB, 2842 MHz, 255.44 W
2026/08/19 16:29:53.881, 98 %, 84 %, 15574 MiB, 2842 MHz, 255.12 W
2026/08/19 16:29:54.882, 98 %, 84 %, 15574 MiB, 2842 MHz, 255.39 W
2026/08/19 16:29:55.884, 98 %, 84 %, 15574 MiB, 2835 MHz, 256.49 W
2026/08/19 16:29:56.885, 98 %, 84 %, 15574 MiB, 2842 MHz, 255.47 W
2026/08/19 16:29:57.886, 98 %, 83 %, 15574 MiB, 2842 MHz, 255.10 W
2026/08/19 16:29:58.887, 98 %, 84 %, 15574 MiB, 2842 MHz, 255.37 W
2026/08/19 16:29:59.888, 98 %, 84 %, 15574 MiB, 2842 MHz, 256.63 W
2026/08/19 16:30:00.889, 98 %, 84 %, 15574 MiB, 2842 MHz, 255.39 W
2026/08/19 16:30:01.890, 98 %, 84 %, 15574 MiB, 2842 MHz, 255.47 W
2026/08/19 16:30:02.891, 98 %, 84 %, 15574 MiB, 2842 MHz, 255.17 W
2026/08/19 16:30:03.892, 98 %, 84 %, 15574 MiB, 2842 MHz, 256.93 W
2026/08/19 16:30:04.894, 98 %, 84 %, 15574 MiB, 2842 MHz, 254.98 W
2026/08/19 16:30:05.895, 98 %, 84 %, 15574 MiB, 2842 MHz, 255.27 W
2026/08/19 16:30:06.897, 98 %, 84 %, 15574 MiB, 2842 MHz, 255.21 W
2026/08/19 16:30:07.898, 98 %, 84 %, 15574 MiB, 2842 MHz, 256.34 W
2026/08/19 16:30:08.899, 98 %, 84 %, 15574 MiB, 2842 MHz, 255.07 W
2026/08/19 16:30:09.900, 98 %, 84 %, 15574 MiB, 2842 MHz, 255.15 W
2026/08/19 16:30:10.901, 98 %, 84 %, 15574 MiB, 2842 MHz, 255.23 W
2026/08/19 16:30:14.153, 94 %, 78 %, 15574 MiB, 2842 MHz, 256.15 W
2026/08/19 16:30:15.154, 98 %, 84 %, 15574 MiB, 2842 MHz, 255.30 W
2026/08/19 16:30:16.155, 98 %, 84 %, 15574 MiB, 2842 MHz, 255.15 W
2026/08/19 16:30:17.156, 98 %, 84 %, 15574 MiB, 2842 MHz, 254.75 W
2026/08/19 16:30:18.157, 98 %, 85 %, 15574 MiB, 2842 MHz, 254.93 W
2026/08/19 16:30:19.158, 98 %, 84 %, 15574 MiB, 2842 MHz, 255.82 W
2026/08/19 16:30:20.159, 98 %, 84 %, 15574 MiB, 2842 MHz, 255.19 W
2026/08/19 16:30:21.160, 98 %, 84 %, 15574 MiB, 2842 MHz, 255.25 W
2026/08/19 16:30:22.161, 98 %, 85 %, 15574 MiB, 2842 MHz, 255.51 W
2026/08/19 16:30:23.162, 98 %, 84 %, 15574 MiB, 2842 MHz, 256.06 W
2026/08/19 16:30:24.163, 98 %, 84 %, 15574 MiB, 2842 MHz, 254.37 W
2026/08/19 16:30:25.165, 98 %, 84 %, 15574 MiB, 2842 MHz, 255.24 W
2026/08/19 16:30:26.166, 98 %, 84 %, 15574 MiB, 2842 MHz, 254.89 W
2026/08/19 16:30:27.167, 98 %, 84 %, 15574 MiB, 2842 MHz, 256.16 W
2026/08/19 16:30:28.168, 97 %, 83 %, 15574 MiB, 2842 MHz, 255.12 W
2026/08/19 16:30:29.169, 98 %, 84 %, 15574 MiB, 2842 MHz, 255.37 W
2026/08/19 16:30:30.171, 98 %, 85 %, 15574 MiB, 2842 MHz, 255.22 W
2026/08/19 16:30:31.172, 98 %, 84 %, 15574 MiB, 2835 MHz, 256.23 W
2026/08/19 16:30:32.173, 98 %, 84 %, 15574 MiB, 2842 MHz, 255.52 W
2026/08/19 16:30:33.174, 98 %, 84 %, 15574 MiB, 2842 MHz, 255.04 W
2026/08/19 16:30:34.175, 98 %, 85 %, 15574 MiB, 2842 MHz, 255.58 W
2026/08/19 16:30:35.177, 98 %, 84 %, 15574 MiB, 2835 MHz, 256.29 W
2026/08/19 16:30:36.178, 98 %, 84 %, 15574 MiB, 2842 MHz, 255.33 W
2026/08/19 16:30:37.180, 98 %, 84 %, 15574 MiB, 2842 MHz, 255.14 W
2026/08/19 16:30:38.181, 98 %, 85 %, 15574 MiB, 2842 MHz, 255.06 W
2026/08/19 16:30:39.182, 95 %, 66 %, 15574 MiB, 2842 MHz, 256.82 W
2026/08/19 16:30:40.184, 98 %, 84 %, 15574 MiB, 2842 MHz, 254.94 W
2026/08/19 16:30:41.185, 98 %, 84 %, 15574 MiB, 2842 MHz, 254.57 W
2026/08/19 16:30:42.186, 98 %, 84 %, 15574 MiB, 2842 MHz, 254.58 W
2026/08/19 16:30:43.187, 95 %, 69 %, 15574 MiB, 2842 MHz, 256.07 W
2026/08/19 16:30:44.189, 98 %, 84 %, 15574 MiB, 2842 MHz, 256.58 W
2026/08/19 16:30:45.190, 98 %, 84 %, 15574 MiB, 2842 MHz, 254.90 W
2026/08/19 16:30:46.192, 98 %, 84 %, 15574 MiB, 2842 MHz, 254.97 W
2026/08/19 16:30:49.459, 98 %, 84 %, 15574 MiB, 2842 MHz, 254.51 W
2026/08/19 16:30:50.460, 98 %, 84 %, 15574 MiB, 2842 MHz, 255.79 W
2026/08/19 16:30:51.461, 98 %, 84 %, 15574 MiB, 2842 MHz, 254.93 W
2026/08/19 16:30:52.462, 98 %, 84 %, 15574 MiB, 2842 MHz, 254.92 W
2026/08/19 16:30:53.463, 98 %, 84 %, 15574 MiB, 2842 MHz, 254.94 W
2026/08/19 16:30:54.465, 98 %, 84 %, 15574 MiB, 2842 MHz, 255.77 W
2026/08/19 16:30:55.466, 98 %, 84 %, 15574 MiB, 2842 MHz, 255.31 W
2026/08/19 16:30:56.467, 98 %, 84 %, 15574 MiB, 2842 MHz, 255.21 W
2026/08/19 16:30:57.468, 98 %, 84 %, 15574 MiB, 2842 MHz, 255.14 W
2026/08/19 16:30:58.469, 98 %, 84 %, 15574 MiB, 2842 MHz, 255.86 W
2026/08/19 16:30:59.471, 98 %, 84 %, 15574 MiB, 2842 MHz, 254.52 W
2026/08/19 16:31:00.472, 98 %, 84 %, 15574 MiB, 2842 MHz, 254.39 W
2026/08/19 16:31:01.473, 98 %, 84 %, 15574 MiB, 2842 MHz, 254.17 W
2026/08/19 16:31:02.474, 98 %, 84 %, 15574 MiB, 2842 MHz, 255.96 W
2026/08/19 16:31:03.475, 98 %, 84 %, 15574 MiB, 2842 MHz, 254.66 W
2026/08/19 16:31:04.476, 98 %, 84 %, 15574 MiB, 2842 MHz, 255.15 W
2026/08/19 16:31:05.477, 98 %, 85 %, 15574 MiB, 2842 MHz, 255.11 W
2026/08/19 16:31:06.478, 95 %, 66 %, 15574 MiB, 2842 MHz, 256.51 W
2026/08/19 16:31:07.480, 98 %, 84 %, 15574 MiB, 2842 MHz, 254.96 W
2026/08/19 16:31:08.481, 98 %, 84 %, 15574 MiB, 2842 MHz, 254.46 W
2026/08/19 16:31:09.482, 98 %, 85 %, 15574 MiB, 2842 MHz, 255.05 W
2026/08/19 16:31:10.483, 95 %, 65 %, 15574 MiB, 2835 MHz, 256.44 W
2026/08/19 16:31:11.485, 98 %, 84 %, 15574 MiB, 2842 MHz, 254.80 W
2026/08/19 16:31:12.486, 98 %, 83 %, 15574 MiB, 2842 MHz, 254.47 W
2026/08/19 16:31:13.487, 98 %, 84 %, 15574 MiB, 2842 MHz, 255.07 W
2026/08/19 16:31:14.489, 95 %, 66 %, 15574 MiB, 2842 MHz, 256.55 W
2026/08/19 16:31:15.490, 98 %, 84 %, 15574 MiB, 2842 MHz, 255.82 W
2026/08/19 16:31:16.491, 98 %, 84 %, 15574 MiB, 2842 MHz, 254.71 W
2026/08/19 16:31:17.492, 98 %, 84 %, 15574 MiB, 2842 MHz, 254.53 W
2026/08/19 16:31:18.493, 98 %, 85 %, 15574 MiB, 2842 MHz, 254.79 W
2026/08/19 16:31:19.494, 98 %, 84 %, 15574 MiB, 2842 MHz, 256.13 W
2026/08/19 16:31:20.496, 98 %, 84 %, 15574 MiB, 2842 MHz, 255.09 W
2026/08/19 16:31:23.886, 98 %, 84 %, 15574 MiB, 2842 MHz, 255.14 W
2026/08/19 16:31:24.887, 98 %, 85 %, 15574 MiB, 2842 MHz, 255.07 W
2026/08/19 16:31:25.888, 98 %, 84 %, 15574 MiB, 2835 MHz, 255.97 W
2026/08/19 16:31:26.889, 98 %, 84 %, 15574 MiB, 2842 MHz, 254.87 W
2026/08/19 16:31:27.890, 98 %, 84 %, 15574 MiB, 2842 MHz, 254.90 W
2026/08/19 16:31:28.891, 97 %, 83 %, 15574 MiB, 2842 MHz, 254.43 W
2026/08/19 16:31:29.892, 98 %, 84 %, 15574 MiB, 2842 MHz, 256.18 W
2026/08/19 16:31:30.893, 98 %, 84 %, 15574 MiB, 2842 MHz, 254.98 W
2026/08/19 16:31:31.894, 98 %, 84 %, 15574 MiB, 2842 MHz, 255.21 W
2026/08/19 16:31:32.896, 98 %, 84 %, 15574 MiB, 2842 MHz, 255.12 W
2026/08/19 16:31:33.897, 98 %, 84 %, 15574 MiB, 2842 MHz, 255.84 W
2026/08/19 16:31:34.898, 98 %, 84 %, 15574 MiB, 2842 MHz, 254.53 W
2026/08/19 16:31:35.900, 98 %, 84 %, 15574 MiB, 2842 MHz, 254.57 W
2026/08/19 16:31:36.901, 98 %, 84 %, 15574 MiB, 2842 MHz, 255.06 W
2026/08/19 16:31:37.903, 98 %, 84 %, 15574 MiB, 2842 MHz, 255.84 W
2026/08/19 16:31:38.904, 98 %, 84 %, 15574 MiB, 2842 MHz, 254.54 W
2026/08/19 16:31:39.905, 98 %, 85 %, 15574 MiB, 2842 MHz, 255.17 W
2026/08/19 16:31:40.907, 98 %, 85 %, 15574 MiB, 2842 MHz, 255.34 W
2026/08/19 16:31:41.908, 98 %, 84 %, 15574 MiB, 2842 MHz, 256.48 W
2026/08/19 16:31:42.909, 98 %, 84 %, 15574 MiB, 2842 MHz, 255.42 W
2026/08/19 16:31:43.910, 98 %, 84 %, 15574 MiB, 2842 MHz, 255.38 W
2026/08/19 16:31:44.911, 98 %, 85 %, 15574 MiB, 2842 MHz, 255.35 W
2026/08/19 16:31:45.913, 95 %, 66 %, 15574 MiB, 2842 MHz, 256.87 W
2026/08/19 16:31:46.914, 98 %, 84 %, 15574 MiB, 2842 MHz, 255.34 W
2026/08/19 16:31:47.915, 98 %, 84 %, 15574 MiB, 2842 MHz, 254.83 W
2026/08/19 16:31:48.917, 98 %, 85 %, 15574 MiB, 2842 MHz, 255.32 W
2026/08/19 16:31:49.918, 98 %, 85 %, 15574 MiB, 2842 MHz, 255.14 W
2026/08/19 16:31:50.919, 98 %, 84 %, 15574 MiB, 2842 MHz, 256.50 W
2026/08/19 16:31:51.920, 98 %, 84 %, 15574 MiB, 2842 MHz, 254.59 W
2026/08/19 16:31:52.922, 98 %, 84 %, 15574 MiB, 2842 MHz, 254.16 W
2026/08/19 16:31:53.923, 98 %, 85 %, 15574 MiB, 2842 MHz, 254.52 W
2026/08/19 16:31:54.924, 98 %, 84 %, 15574 MiB, 2842 MHz, 255.80 W
2026/08/19 16:31:58.155, 98 %, 84 %, 15574 MiB, 2842 MHz, 255.37 W
2026/08/19 16:31:59.156, 97 %, 83 %, 15574 MiB, 2842 MHz, 254.49 W
2026/08/19 16:32:00.157, 98 %, 85 %, 15574 MiB, 2842 MHz, 255.04 W
2026/08/19 16:32:01.159, 98 %, 84 %, 15574 MiB, 2842 MHz, 256.27 W
2026/08/19 16:32:02.160, 98 %, 84 %, 15574 MiB, 2842 MHz, 254.71 W
2026/08/19 16:32:03.161, 98 %, 84 %, 15574 MiB, 2842 MHz, 255.22 W
2026/08/19 16:32:04.162, 98 %, 84 %, 15574 MiB, 2842 MHz, 254.96 W
2026/08/19 16:32:05.163, 98 %, 84 %, 15574 MiB, 2835 MHz, 256.19 W
2026/08/19 16:32:06.164, 98 %, 84 %, 15574 MiB, 2842 MHz, 255.09 W
2026/08/19 16:32:07.165, 98 %, 84 %, 15574 MiB, 2842 MHz, 255.05 W
2026/08/19 16:32:08.167, 98 %, 85 %, 15574 MiB, 2842 MHz, 255.31 W
2026/08/19 16:32:09.168, 95 %, 66 %, 15574 MiB, 2842 MHz, 256.38 W
2026/08/19 16:32:10.169, 98 %, 84 %, 15574 MiB, 2842 MHz, 255.12 W
2026/08/19 16:32:11.170, 98 %, 84 %, 15574 MiB, 2842 MHz, 255.03 W
2026/08/19 16:32:12.171, 98 %, 84 %, 15574 MiB, 2842 MHz, 254.99 W
2026/08/19 16:32:13.172, 94 %, 75 %, 15574 MiB, 2842 MHz, 254.03 W
2026/08/19 16:32:14.173, 98 %, 84 %, 15574 MiB, 2842 MHz, 257.00 W
2026/08/19 16:32:15.174, 98 %, 84 %, 15574 MiB, 2842 MHz, 255.00 W
2026/08/19 16:32:16.175, 98 %, 84 %, 15574 MiB, 2842 MHz, 255.31 W
2026/08/19 16:32:17.176, 98 %, 84 %, 15574 MiB, 2842 MHz, 255.20 W
2026/08/19 16:32:18.178, 98 %, 84 %, 15574 MiB, 2842 MHz, 255.56 W
2026/08/19 16:32:19.179, 98 %, 84 %, 15574 MiB, 2842 MHz, 254.88 W
2026/08/19 16:32:20.180, 98 %, 85 %, 15574 MiB, 2842 MHz, 255.01 W
2026/08/19 16:32:21.181, 98 %, 84 %, 15574 MiB, 2842 MHz, 255.48 W
2026/08/19 16:32:22.182, 98 %, 84 %, 15574 MiB, 2842 MHz, 255.61 W
2026/08/19 16:32:23.183, 98 %, 84 %, 15574 MiB, 2842 MHz, 254.63 W
2026/08/19 16:32:24.184, 98 %, 84 %, 15574 MiB, 2842 MHz, 255.16 W
2026/08/19 16:32:25.185, 98 %, 85 %, 15574 MiB, 2842 MHz, 255.32 W
2026/08/19 16:32:26.186, 98 %, 84 %, 15574 MiB, 2842 MHz, 256.20 W
2026/08/19 16:32:27.187, 97 %, 83 %, 15574 MiB, 2842 MHz, 254.84 W
2026/08/19 16:32:28.188, 98 %, 84 %, 15574 MiB, 2842 MHz, 255.60 W
2026/08/19 16:32:29.189, 98 %, 84 %, 15574 MiB, 2842 MHz, 255.77 W
2026/08/19 16:32:32.481, 98 %, 84 %, 15574 MiB, 2842 MHz, 256.47 W
2026/08/19 16:32:33.483, 98 %, 84 %, 15574 MiB, 2842 MHz, 254.98 W
2026/08/19 16:32:34.484, 98 %, 84 %, 15574 MiB, 2842 MHz, 254.56 W
2026/08/19 16:32:35.485, 98 %, 85 %, 15574 MiB, 2842 MHz, 255.24 W
2026/08/19 16:32:36.486, 95 %, 66 %, 15574 MiB, 2842 MHz, 256.78 W
2026/08/19 16:32:37.487, 98 %, 84 %, 15574 MiB, 2842 MHz, 255.23 W
2026/08/19 16:32:38.489, 98 %, 84 %, 15574 MiB, 2842 MHz, 255.32 W
2026/08/19 16:32:39.490, 98 %, 84 %, 15574 MiB, 2842 MHz, 254.99 W
2026/08/19 16:32:40.491, 98 %, 85 %, 15574 MiB, 2842 MHz, 255.30 W
2026/08/19 16:32:41.492, 98 %, 85 %, 15574 MiB, 2842 MHz, 256.81 W
2026/08/19 16:32:42.493, 98 %, 84 %, 15574 MiB, 2842 MHz, 255.44 W
2026/08/19 16:32:43.494, 98 %, 84 %, 15574 MiB, 2842 MHz, 255.29 W
2026/08/19 16:32:44.495, 98 %, 85 %, 15574 MiB, 2842 MHz, 255.16 W
2026/08/19 16:32:45.496, 98 %, 84 %, 15574 MiB, 2842 MHz, 255.96 W
2026/08/19 16:32:46.497, 98 %, 84 %, 15574 MiB, 2842 MHz, 255.00 W
2026/08/19 16:32:47.499, 98 %, 84 %, 15574 MiB, 2842 MHz, 254.77 W
2026/08/19 16:32:48.500, 98 %, 84 %, 15574 MiB, 2842 MHz, 254.63 W
2026/08/19 16:32:49.501, 98 %, 84 %, 15574 MiB, 2842 MHz, 256.62 W
2026/08/19 16:32:50.502, 98 %, 84 %, 15574 MiB, 2842 MHz, 254.42 W
2026/08/19 16:32:51.503, 98 %, 84 %, 15574 MiB, 2842 MHz, 254.45 W
2026/08/19 16:32:52.504, 98 %, 84 %, 15574 MiB, 2842 MHz, 254.95 W
2026/08/19 16:32:53.505, 98 %, 84 %, 15574 MiB, 2842 MHz, 255.83 W
2026/08/19 16:32:54.506, 98 %, 84 %, 15574 MiB, 2842 MHz, 255.47 W
2026/08/19 16:32:55.507, 98 %, 85 %, 15574 MiB, 2842 MHz, 255.05 W
2026/08/19 16:32:56.508, 98 %, 84 %, 15574 MiB, 2842 MHz, 255.03 W
2026/08/19 16:32:57.509, 98 %, 83 %, 15574 MiB, 2842 MHz, 255.57 W
2026/08/19 16:32:58.511, 98 %, 84 %, 15574 MiB, 2842 MHz, 254.85 W
2026/08/19 16:32:59.512, 98 %, 84 %, 15574 MiB, 2842 MHz, 255.21 W
2026/08/19 16:33:00.513, 98 %, 84 %, 15574 MiB, 2842 MHz, 255.27 W
2026/08/19 16:33:01.514, 98 %, 84 %, 15574 MiB, 2842 MHz, 256.38 W
2026/08/19 16:33:02.515, 98 %, 84 %, 15574 MiB, 2842 MHz, 255.04 W
2026/08/19 16:33:03.517, 98 %, 84 %, 15574 MiB, 2842 MHz, 255.10 W
2026/08/19 16:33:06.802, 98 %, 85 %, 15574 MiB, 2842 MHz, 255.46 W
2026/08/19 16:33:07.803, 98 %, 78 %, 15574 MiB, 2842 MHz, 256.31 W
2026/08/19 16:33:08.804, 98 %, 84 %, 15574 MiB, 2842 MHz, 254.97 W
2026/08/19 16:33:09.806, 98 %, 84 %, 15574 MiB, 2842 MHz, 254.83 W
2026/08/19 16:33:10.807, 98 %, 84 %, 15574 MiB, 2842 MHz, 255.26 W
2026/08/19 16:33:11.808, 98 %, 85 %, 15574 MiB, 2842 MHz, 255.40 W
2026/08/19 16:33:12.809, 98 %, 84 %, 15574 MiB, 2842 MHz, 256.36 W
2026/08/19 16:33:13.810, 98 %, 83 %, 15574 MiB, 2842 MHz, 254.55 W
2026/08/19 16:33:14.811, 98 %, 84 %, 15574 MiB, 2842 MHz, 254.71 W
2026/08/19 16:33:15.813, 98 %, 84 %, 15574 MiB, 2842 MHz, 255.06 W
2026/08/19 16:33:16.814, 98 %, 84 %, 15574 MiB, 2842 MHz, 256.07 W
2026/08/19 16:33:17.815, 98 %, 84 %, 15574 MiB, 2842 MHz, 255.17 W
2026/08/19 16:33:18.817, 98 %, 84 %, 15574 MiB, 2842 MHz, 254.90 W
2026/08/19 16:33:19.818, 98 %, 85 %, 15574 MiB, 2842 MHz, 255.23 W
2026/08/19 16:33:20.819, 98 %, 84 %, 15574 MiB, 2842 MHz, 255.58 W
2026/08/19 16:33:21.820, 98 %, 84 %, 15574 MiB, 2842 MHz, 254.62 W
2026/08/19 16:33:22.822, 98 %, 84 %, 15574 MiB, 2842 MHz, 254.42 W
2026/08/19 16:33:23.823, 98 %, 84 %, 15574 MiB, 2842 MHz, 254.08 W
2026/08/19 16:33:24.824, 98 %, 84 %, 15574 MiB, 2842 MHz, 256.02 W
2026/08/19 16:33:25.825, 98 %, 84 %, 15574 MiB, 2842 MHz, 254.83 W
2026/08/19 16:33:26.826, 98 %, 84 %, 15574 MiB, 2842 MHz, 254.64 W
2026/08/19 16:33:27.828, 97 %, 84 %, 15574 MiB, 2842 MHz, 254.68 W
2026/08/19 16:33:28.829, 98 %, 84 %, 15574 MiB, 2835 MHz, 255.74 W
2026/08/19 16:33:29.830, 98 %, 84 %, 15574 MiB, 2842 MHz, 254.56 W
2026/08/19 16:33:30.831, 98 %, 85 %, 15574 MiB, 2842 MHz, 255.52 W
2026/08/19 16:33:31.832, 98 %, 85 %, 15574 MiB, 2842 MHz, 255.26 W
2026/08/19 16:33:32.834, 98 %, 84 %, 15574 MiB, 2835 MHz, 256.43 W
2026/08/19 16:33:33.835, 98 %, 84 %, 15574 MiB, 2842 MHz, 255.08 W
2026/08/19 16:33:34.836, 98 %, 84 %, 15574 MiB, 2842 MHz, 255.35 W
2026/08/19 16:33:35.837, 98 %, 84 %, 15574 MiB, 2842 MHz, 255.56 W
2026/08/19 16:33:36.838, 95 %, 66 %, 15574 MiB, 2842 MHz, 257.09 W
2026/08/19 16:33:37.840, 98 %, 84 %, 15574 MiB, 2842 MHz, 254.35 W
2026/08/19 16:33:38.841, 98 %, 84 %, 15574 MiB, 2842 MHz, 254.71 W
2026/08/19 16:33:42.114, 98 %, 84 %, 15574 MiB, 2842 MHz, 254.91 W
2026/08/19 16:33:43.115, 98 %, 85 %, 15574 MiB, 2842 MHz, 255.21 W
2026/08/19 16:33:44.116, 97 %, 83 %, 15574 MiB, 2842 MHz, 255.97 W
2026/08/19 16:33:45.117, 98 %, 84 %, 15574 MiB, 2842 MHz, 255.04 W
2026/08/19 16:33:46.119, 98 %, 85 %, 15574 MiB, 2842 MHz, 254.92 W
2026/08/19 16:33:47.120, 98 %, 85 %, 15574 MiB, 2842 MHz, 255.51 W
2026/08/19 16:33:48.121, 98 %, 84 %, 15574 MiB, 2842 MHz, 256.24 W
2026/08/19 16:33:49.122, 98 %, 84 %, 15574 MiB, 2842 MHz, 254.80 W
2026/08/19 16:33:50.123, 98 %, 85 %, 15574 MiB, 2842 MHz, 255.48 W
2026/08/19 16:33:51.125, 98 %, 85 %, 15574 MiB, 2842 MHz, 255.33 W
2026/08/19 16:33:52.127, 98 %, 84 %, 15574 MiB, 2842 MHz, 256.55 W
2026/08/19 16:33:53.128, 98 %, 84 %, 15574 MiB, 2842 MHz, 255.11 W
2026/08/19 16:33:54.129, 98 %, 84 %, 15574 MiB, 2842 MHz, 254.72 W
2026/08/19 16:33:55.131, 98 %, 84 %, 15574 MiB, 2842 MHz, 255.26 W
2026/08/19 16:33:56.132, 98 %, 84 %, 15574 MiB, 2842 MHz, 256.24 W
2026/08/19 16:33:57.134, 98 %, 84 %, 15574 MiB, 2842 MHz, 254.91 W
2026/08/19 16:33:58.135, 97 %, 83 %, 15574 MiB, 2842 MHz, 254.73 W
2026/08/19 16:33:59.137, 98 %, 84 %, 15574 MiB, 2842 MHz, 255.37 W
2026/08/19 16:34:00.138, 98 %, 84 %, 15574 MiB, 2842 MHz, 255.78 W
2026/08/19 16:34:01.139, 98 %, 84 %, 15574 MiB, 2842 MHz, 254.77 W
2026/08/19 16:34:02.141, 98 %, 84 %, 15574 MiB, 2842 MHz, 254.89 W
2026/08/19 16:34:03.143, 98 %, 84 %, 15574 MiB, 2842 MHz, 254.43 W
2026/08/19 16:34:04.144, 98 %, 71 %, 15574 MiB, 2835 MHz, 256.03 W
2026/08/19 16:34:05.145, 98 %, 84 %, 15574 MiB, 2842 MHz, 254.93 W
2026/08/19 16:34:06.147, 98 %, 84 %, 15574 MiB, 2842 MHz, 254.91 W
2026/08/19 16:34:07.149, 98 %, 84 %, 15574 MiB, 2842 MHz, 254.76 W
2026/08/19 16:34:08.150, 95 %, 65 %, 15574 MiB, 2842 MHz, 256.14 W
2026/08/19 16:34:09.151, 98 %, 84 %, 15574 MiB, 2842 MHz, 255.35 W
2026/08/19 16:34:10.152, 98 %, 84 %, 15574 MiB, 2842 MHz, 255.29 W
2026/08/19 16:34:11.153, 98 %, 85 %, 15574 MiB, 2842 MHz, 255.51 W
2026/08/19 16:34:12.156, 97 %, 84 %, 15574 MiB, 2842 MHz, 254.72 W
2026/08/19 16:34:13.157, 98 %, 84 %, 15574 MiB, 2842 MHz, 256.15 W
2026/08/19 16:34:16.433, 98 %, 84 %, 15574 MiB, 2842 MHz, 255.27 W
2026/08/19 16:34:17.434, 98 %, 84 %, 15574 MiB, 2842 MHz, 255.45 W
2026/08/19 16:34:18.435, 98 %, 85 %, 15574 MiB, 2842 MHz, 255.52 W
2026/08/19 16:34:19.437, 98 %, 84 %, 15574 MiB, 2842 MHz, 255.97 W
2026/08/19 16:34:20.438, 98 %, 84 %, 15574 MiB, 2842 MHz, 255.50 W
2026/08/19 16:34:21.440, 98 %, 85 %, 15574 MiB, 2842 MHz, 255.52 W
2026/08/19 16:34:22.441, 98 %, 85 %, 15574 MiB, 2842 MHz, 255.33 W
2026/08/19 16:34:23.442, 98 %, 84 %, 15574 MiB, 2842 MHz, 256.38 W
2026/08/19 16:34:24.443, 98 %, 85 %, 15574 MiB, 2842 MHz, 255.30 W
2026/08/19 16:34:25.445, 98 %, 84 %, 15574 MiB, 2842 MHz, 255.37 W
2026/08/19 16:34:26.446, 98 %, 85 %, 15574 MiB, 2842 MHz, 255.32 W
2026/08/19 16:34:27.447, 98 %, 84 %, 15574 MiB, 2842 MHz, 256.48 W
2026/08/19 16:34:28.448, 98 %, 84 %, 15574 MiB, 2842 MHz, 255.42 W
2026/08/19 16:34:29.450, 98 %, 84 %, 15574 MiB, 2842 MHz, 255.31 W
2026/08/19 16:34:30.451, 98 %, 85 %, 15574 MiB, 2842 MHz, 255.19 W
2026/08/19 16:34:31.452, 98 %, 84 %, 15574 MiB, 2842 MHz, 255.83 W
2026/08/19 16:34:32.453, 98 %, 84 %, 15574 MiB, 2842 MHz, 255.24 W
2026/08/19 16:34:33.455, 98 %, 84 %, 15574 MiB, 2842 MHz, 255.17 W
2026/08/19 16:34:34.456, 98 %, 85 %, 15574 MiB, 2842 MHz, 255.86 W
2026/08/19 16:34:35.457, 98 %, 84 %, 15574 MiB, 2842 MHz, 256.39 W
2026/08/19 16:34:36.458, 98 %, 84 %, 15574 MiB, 2842 MHz, 254.79 W
2026/08/19 16:34:37.459, 98 %, 84 %, 15574 MiB, 2842 MHz, 254.90 W
2026/08/19 16:34:38.460, 98 %, 84 %, 15574 MiB, 2842 MHz, 254.79 W
2026/08/19 16:34:39.462, 94 %, 73 %, 15574 MiB, 2842 MHz, 256.15 W
2026/08/19 16:34:40.463, 98 %, 84 %, 15574 MiB, 2842 MHz, 254.65 W
2026/08/19 16:34:41.464, 98 %, 84 %, 15574 MiB, 2842 MHz, 254.40 W
2026/08/19 16:34:42.465, 98 %, 84 %, 15574 MiB, 2842 MHz, 254.56 W
2026/08/19 16:34:43.466, 98 %, 85 %, 15574 MiB, 2842 MHz, 255.14 W
2026/08/19 16:34:44.467, 98 %, 84 %, 15574 MiB, 2842 MHz, 256.46 W
2026/08/19 16:34:45.469, 98 %, 84 %, 15574 MiB, 2842 MHz, 255.28 W
2026/08/19 16:34:46.470, 98 %, 85 %, 15574 MiB, 2842 MHz, 255.28 W
2026/08/19 16:34:47.471, 98 %, 85 %, 15574 MiB, 2842 MHz, 255.15 W
2026/08/19 16:34:50.755, 98 %, 84 %, 15574 MiB, 2842 MHz, 256.11 W
2026/08/19 16:34:51.756, 98 %, 84 %, 15574 MiB, 2842 MHz, 255.23 W
2026/08/19 16:34:52.757, 98 %, 84 %, 15574 MiB, 2842 MHz, 255.17 W
2026/08/19 16:34:53.758, 98 %, 84 %, 15574 MiB, 2842 MHz, 255.30 W
2026/08/19 16:34:54.760, 98 %, 84 %, 15574 MiB, 2835 MHz, 255.72 W
2026/08/19 16:34:55.761, 98 %, 84 %, 15574 MiB, 2842 MHz, 255.35 W
2026/08/19 16:34:56.762, 98 %, 84 %, 15574 MiB, 2842 MHz, 255.18 W
2026/08/19 16:34:57.763, 98 %, 85 %, 15574 MiB, 2842 MHz, 255.26 W
2026/08/19 16:34:58.764, 98 %, 84 %, 15574 MiB, 2835 MHz, 255.35 W
2026/08/19 16:34:59.768, 98 %, 84 %, 15574 MiB, 2842 MHz, 254.58 W
2026/08/19 16:35:00.769, 98 %, 84 %, 15574 MiB, 2842 MHz, 254.73 W
2026/08/19 16:35:01.770, 98 %, 85 %, 15574 MiB, 2842 MHz, 254.92 W
2026/08/19 16:35:02.772, 98 %, 84 %, 15574 MiB, 2835 MHz, 255.83 W
2026/08/19 16:35:03.773, 98 %, 84 %, 15574 MiB, 2842 MHz, 254.63 W
2026/08/19 16:35:04.774, 98 %, 84 %, 15574 MiB, 2842 MHz, 254.91 W
2026/08/19 16:35:05.775, 98 %, 85 %, 15574 MiB, 2842 MHz, 254.99 W
2026/08/19 16:35:06.777, 95 %, 65 %, 15574 MiB, 2842 MHz, 256.23 W
2026/08/19 16:35:07.779, 98 %, 84 %, 15574 MiB, 2842 MHz, 255.19 W
2026/08/19 16:35:08.781, 97 %, 84 %, 15574 MiB, 2842 MHz, 254.75 W
2026/08/19 16:35:09.782, 98 %, 85 %, 15574 MiB, 2842 MHz, 255.44 W
2026/08/19 16:35:10.783, 95 %, 66 %, 15574 MiB, 2842 MHz, 256.61 W
2026/08/19 16:35:11.784, 98 %, 84 %, 15574 MiB, 2842 MHz, 255.55 W
2026/08/19 16:35:12.786, 98 %, 84 %, 15574 MiB, 2842 MHz, 255.00 W
2026/08/19 16:35:13.787, 98 %, 85 %, 15574 MiB, 2842 MHz, 255.26 W
2026/08/19 16:35:14.788, 98 %, 85 %, 15574 MiB, 2842 MHz, 255.27 W
2026/08/19 16:35:15.789, 98 %, 84 %, 15574 MiB, 2842 MHz, 256.06 W
2026/08/19 16:35:16.790, 98 %, 84 %, 15574 MiB, 2842 MHz, 254.96 W
2026/08/19 16:35:17.793, 98 %, 85 %, 15574 MiB, 2842 MHz, 254.36 W
2026/08/19 16:35:18.794, 98 %, 85 %, 15574 MiB, 2842 MHz, 254.88 W
2026/08/19 16:35:19.795, 98 %, 84 %, 15574 MiB, 2842 MHz, 256.23 W
2026/08/19 16:35:20.797, 98 %, 85 %, 15574 MiB, 2842 MHz, 255.21 W
2026/08/19 16:35:21.798, 98 %, 84 %, 15574 MiB, 2842 MHz, 255.26 W
2026/08/19 16:35:22.800, 98 %, 84 %, 15574 MiB, 2842 MHz, 254.69 W
2026/08/19 16:35:23.801, 98 %, 84 %, 15574 MiB, 2842 MHz, 256.12 W
2026/08/19 16:35:24.802, 98 %, 84 %, 15574 MiB, 2842 MHz, 255.24 W
2026/08/19 16:35:25.804, 98 %, 84 %, 15574 MiB, 2842 MHz, 255.02 W
2026/08/19 16:35:26.805, 98 %, 85 %, 15574 MiB, 2842 MHz, 254.85 W
2026/08/19 16:35:27.807, 98 %, 84 %, 15574 MiB, 2842 MHz, 255.66 W
2026/08/19 16:35:28.808, 98 %, 84 %, 15574 MiB, 2842 MHz, 254.70 W
2026/08/19 16:35:29.809, 98 %, 84 %, 15574 MiB, 2842 MHz, 255.18 W
2026/08/19 16:35:30.810, 98 %, 85 %, 15574 MiB, 2842 MHz, 255.28 W
2026/08/19 16:35:31.812, 98 %, 82 %, 15574 MiB, 2835 MHz, 255.97 W
2026/08/19 16:35:32.813, 98 %, 84 %, 15574 MiB, 2842 MHz, 254.55 W
2026/08/19 16:35:33.814, 98 %, 84 %, 15574 MiB, 2842 MHz, 254.30 W
2026/08/19 16:35:34.816, 98 %, 84 %, 15574 MiB, 2842 MHz, 254.69 W
2026/08/19 16:35:35.817, 98 %, 84 %, 15574 MiB, 2842 MHz, 254.45 W
2026/08/19 16:35:36.818, 98 %, 84 %, 15574 MiB, 2842 MHz, 255.51 W
2026/08/19 16:35:37.820, 98 %, 84 %, 15574 MiB, 2842 MHz, 255.30 W
2026/08/19 16:35:41.996, 98 %, 84 %, 15574 MiB, 2842 MHz, 254.90 W
2026/08/19 16:35:42.997, 98 %, 84 %, 15574 MiB, 2842 MHz, 254.44 W
2026/08/19 16:35:43.999, 98 %, 84 %, 15574 MiB, 2842 MHz, 255.65 W
2026/08/19 16:35:45.000, 98 %, 84 %, 15574 MiB, 2842 MHz, 254.62 W
2026/08/19 16:35:46.001, 98 %, 84 %, 15574 MiB, 2842 MHz, 255.41 W
2026/08/19 16:35:47.003, 98 %, 84 %, 15574 MiB, 2842 MHz, 255.23 W
2026/08/19 16:35:48.004, 98 %, 84 %, 15574 MiB, 2835 MHz, 255.99 W
2026/08/19 16:35:49.005, 98 %, 83 %, 15574 MiB, 2842 MHz, 254.52 W
2026/08/19 16:35:50.006, 98 %, 84 %, 15574 MiB, 2842 MHz, 254.97 W
2026/08/19 16:35:51.008, 98 %, 84 %, 15574 MiB, 2842 MHz, 255.16 W
2026/08/19 16:35:52.009, 98 %, 84 %, 15574 MiB, 2842 MHz, 256.08 W
2026/08/19 16:35:53.010, 98 %, 84 %, 15574 MiB, 2842 MHz, 255.14 W
2026/08/19 16:35:54.011, 98 %, 84 %, 15574 MiB, 2842 MHz, 254.77 W
2026/08/19 16:35:55.013, 98 %, 84 %, 15574 MiB, 2842 MHz, 254.68 W
2026/08/19 16:35:56.014, 98 %, 69 %, 15574 MiB, 2842 MHz, 256.44 W
2026/08/19 16:35:57.015, 98 %, 84 %, 15574 MiB, 2842 MHz, 255.05 W
2026/08/19 16:35:58.016, 98 %, 84 %, 15574 MiB, 2842 MHz, 255.24 W
2026/08/19 16:35:59.017, 98 %, 84 %, 15574 MiB, 2842 MHz, 254.76 W
2026/08/19 16:36:00.018, 94 %, 66 %, 15574 MiB, 2842 MHz, 256.52 W
2026/08/19 16:36:01.020, 98 %, 84 %, 15574 MiB, 2842 MHz, 254.94 W
2026/08/19 16:36:02.021, 98 %, 84 %, 15574 MiB, 2842 MHz, 255.23 W
2026/08/19 16:36:03.022, 97 %, 84 %, 15574 MiB, 2842 MHz, 254.62 W
2026/08/19 16:36:04.024, 98 %, 85 %, 15574 MiB, 2842 MHz, 254.59 W
2026/08/19 16:36:05.025, 98 %, 84 %, 15574 MiB, 2842 MHz, 257.42 W
2026/08/19 16:36:06.027, 98 %, 84 %, 15574 MiB, 2842 MHz, 254.80 W
2026/08/19 16:36:07.028, 98 %, 84 %, 15574 MiB, 2842 MHz, 254.90 W
2026/08/19 16:36:08.029, 98 %, 85 %, 15574 MiB, 2842 MHz, 254.38 W
2026/08/19 16:36:09.031, 98 %, 84 %, 15574 MiB, 2842 MHz, 256.14 W
2026/08/19 16:36:10.032, 98 %, 84 %, 15574 MiB, 2842 MHz, 255.44 W
2026/08/19 16:36:11.033, 98 %, 84 %, 15574 MiB, 2842 MHz, 254.87 W
2026/08/19 16:36:12.035, 98 %, 85 %, 15574 MiB, 2842 MHz, 255.08 W
2026/08/19 16:36:13.036, 98 %, 84 %, 15574 MiB, 2842 MHz, 255.73 W
2026/08/19 16:36:14.038, 98 %, 84 %, 15574 MiB, 2842 MHz, 255.19 W
2026/08/19 16:36:15.039, 98 %, 84 %, 15574 MiB, 2842 MHz, 255.17 W
2026/08/19 16:36:16.040, 98 %, 85 %, 15574 MiB, 2842 MHz, 255.40 W
2026/08/19 16:36:17.041, 98 %, 83 %, 15574 MiB, 2835 MHz, 255.99 W
2026/08/19 16:36:18.042, 98 %, 84 %, 15574 MiB, 2842 MHz, 254.63 W
2026/08/19 16:36:19.045, 98 %, 84 %, 15574 MiB, 2842 MHz, 255.28 W
2026/08/19 16:36:20.046, 98 %, 85 %, 15574 MiB, 2842 MHz, 255.29 W
2026/08/19 16:36:21.047, 98 %, 84 %, 15574 MiB, 2835 MHz, 256.40 W
2026/08/19 16:36:22.049, 98 %, 84 %, 15574 MiB, 2842 MHz, 254.71 W
2026/08/19 16:36:23.050, 98 %, 84 %, 15574 MiB, 2842 MHz, 255.43 W
2026/08/19 16:36:24.052, 98 %, 85 %, 15574 MiB, 2842 MHz, 255.13 W
2026/08/19 16:36:25.053, 95 %, 66 %, 15574 MiB, 2842 MHz, 256.07 W
2026/08/19 16:36:26.054, 98 %, 84 %, 15574 MiB, 2842 MHz, 254.92 W
2026/08/19 16:36:27.055, 98 %, 85 %, 15574 MiB, 2842 MHz, 254.57 W
2026/08/19 16:36:28.057, 98 %, 85 %, 15574 MiB, 2842 MHz, 254.82 W
2026/08/19 16:36:32.118, 98 %, 85 %, 15574 MiB, 2842 MHz, 254.94 W
2026/08/19 16:36:33.119, 98 %, 84 %, 15574 MiB, 2842 MHz, 256.03 W
2026/08/19 16:36:34.120, 98 %, 84 %, 15574 MiB, 2842 MHz, 254.90 W
2026/08/19 16:36:35.122, 98 %, 85 %, 15574 MiB, 2842 MHz, 254.29 W
2026/08/19 16:36:36.123, 98 %, 85 %, 15574 MiB, 2842 MHz, 254.84 W
2026/08/19 16:36:37.125, 98 %, 84 %, 15574 MiB, 2842 MHz, 256.32 W
2026/08/19 16:36:38.126, 98 %, 85 %, 15574 MiB, 2842 MHz, 255.25 W
2026/08/19 16:36:39.128, 97 %, 83 %, 15574 MiB, 2842 MHz, 255.18 W
2026/08/19 16:36:40.129, 98 %, 85 %, 15574 MiB, 2842 MHz, 255.59 W
2026/08/19 16:36:41.130, 98 %, 84 %, 15574 MiB, 2842 MHz, 256.48 W
2026/08/19 16:36:42.131, 98 %, 84 %, 15574 MiB, 2842 MHz, 255.56 W
2026/08/19 16:36:43.133, 98 %, 84 %, 15574 MiB, 2842 MHz, 255.83 W
2026/08/19 16:36:44.134, 98 %, 85 %, 15574 MiB, 2842 MHz, 255.38 W
2026/08/19 16:36:45.136, 98 %, 84 %, 15574 MiB, 2842 MHz, 256.62 W
2026/08/19 16:36:46.137, 98 %, 84 %, 15574 MiB, 2842 MHz, 255.26 W
2026/08/19 16:36:47.138, 98 %, 85 %, 15574 MiB, 2842 MHz, 255.13 W
2026/08/19 16:36:48.139, 98 %, 84 %, 15574 MiB, 2842 MHz, 255.23 W
2026/08/19 16:36:49.141, 98 %, 82 %, 15574 MiB, 2842 MHz, 255.94 W
2026/08/19 16:36:50.142, 98 %, 84 %, 15574 MiB, 2842 MHz, 255.04 W
2026/08/19 16:36:51.143, 98 %, 84 %, 15574 MiB, 2842 MHz, 255.10 W
2026/08/19 16:36:52.144, 98 %, 85 %, 15574 MiB, 2842 MHz, 254.77 W
2026/08/19 16:36:53.145, 95 %, 82 %, 15574 MiB, 2842 MHz, 256.06 W
2026/08/19 16:36:54.147, 98 %, 85 %, 15574 MiB, 2842 MHz, 256.06 W
2026/08/19 16:36:55.148, 98 %, 85 %, 15574 MiB, 2842 MHz, 255.44 W
2026/08/19 16:36:56.149, 98 %, 84 %, 15574 MiB, 2842 MHz, 255.26 W
2026/08/19 16:36:57.150, 98 %, 85 %, 15574 MiB, 2842 MHz, 255.63 W
2026/08/19 16:36:58.152, 98 %, 85 %, 15574 MiB, 2842 MHz, 255.36 W
2026/08/19 16:36:59.153, 98 %, 84 %, 15574 MiB, 2842 MHz, 255.11 W
2026/08/19 16:37:00.154, 98 %, 84 %, 15574 MiB, 2842 MHz, 255.00 W
2026/08/19 16:37:01.155, 98 %, 84 %, 15574 MiB, 2842 MHz, 255.43 W
2026/08/19 16:37:02.156, 98 %, 84 %, 15574 MiB, 2842 MHz, 256.19 W
2026/08/19 16:37:03.158, 98 %, 84 %, 15574 MiB, 2842 MHz, 254.47 W
2026/08/19 16:37:06.257, 98 %, 84 %, 15574 MiB, 2842 MHz, 255.05 W
2026/08/19 16:37:07.258, 98 %, 85 %, 15574 MiB, 2842 MHz, 255.00 W
2026/08/19 16:37:08.259, 98 %, 84 %, 15574 MiB, 2835 MHz, 255.89 W
2026/08/19 16:37:09.261, 98 %, 84 %, 15574 MiB, 2842 MHz, 254.89 W
2026/08/19 16:37:10.262, 98 %, 84 %, 15574 MiB, 2842 MHz, 254.53 W
2026/08/19 16:37:11.263, 98 %, 85 %, 15574 MiB, 2842 MHz, 255.22 W
2026/08/19 16:37:12.265, 98 %, 84 %, 15574 MiB, 2835 MHz, 255.95 W
2026/08/19 16:37:13.266, 98 %, 84 %, 15574 MiB, 2842 MHz, 254.78 W
2026/08/19 16:37:14.268, 97 %, 84 %, 15574 MiB, 2842 MHz, 254.30 W
2026/08/19 16:37:15.269, 98 %, 84 %, 15574 MiB, 2842 MHz, 254.67 W
2026/08/19 16:37:16.270, 95 %, 65 %, 15574 MiB, 2842 MHz, 255.57 W
2026/08/19 16:37:17.272, 98 %, 84 %, 15574 MiB, 2842 MHz, 254.81 W
2026/08/19 16:37:18.273, 98 %, 84 %, 15574 MiB, 2842 MHz, 255.07 W
2026/08/19 16:37:19.274, 98 %, 84 %, 15574 MiB, 2842 MHz, 254.38 W
2026/08/19 16:37:20.276, 95 %, 66 %, 15574 MiB, 2842 MHz, 256.60 W
2026/08/19 16:37:21.277, 98 %, 84 %, 15574 MiB, 2842 MHz, 255.05 W
2026/08/19 16:37:22.278, 98 %, 84 %, 15574 MiB, 2842 MHz, 254.80 W
2026/08/19 16:37:23.280, 98 %, 85 %, 15574 MiB, 2842 MHz, 255.15 W
2026/08/19 16:37:24.281, 98 %, 85 %, 15574 MiB, 2842 MHz, 255.29 W
2026/08/19 16:37:25.282, 98 %, 84 %, 15574 MiB, 2842 MHz, 255.74 W
2026/08/19 16:37:26.283, 98 %, 84 %, 15574 MiB, 2842 MHz, 254.57 W
2026/08/19 16:37:27.285, 98 %, 85 %, 15574 MiB, 2842 MHz, 255.18 W
2026/08/19 16:37:28.286, 98 %, 85 %, 15574 MiB, 2842 MHz, 254.77 W
2026/08/19 16:37:29.288, 98 %, 84 %, 15574 MiB, 2842 MHz, 255.83 W
2026/08/19 16:37:30.289, 98 %, 84 %, 15574 MiB, 2842 MHz, 254.97 W
2026/08/19 16:37:31.290, 98 %, 85 %, 15574 MiB, 2842 MHz, 254.96 W
2026/08/19 16:37:32.291, 98 %, 85 %, 15574 MiB, 2842 MHz, 255.34 W
2026/08/19 16:37:33.292, 98 %, 84 %, 15574 MiB, 2842 MHz, 255.76 W
2026/08/19 16:37:34.293, 98 %, 84 %, 15574 MiB, 2842 MHz, 254.83 W
2026/08/19 16:37:35.294, 98 %, 84 %, 15574 MiB, 2842 MHz, 254.65 W
2026/08/19 16:37:36.295, 98 %, 85 %, 15574 MiB, 2842 MHz, 254.78 W
2026/08/19 16:37:37.296, 98 %, 84 %, 15574 MiB, 2835 MHz, 256.45 W
2026/08/19 16:37:40.509, 98 %, 84 %, 15574 MiB, 2842 MHz, 254.59 W
2026/08/19 16:37:41.510, 98 %, 84 %, 15574 MiB, 2842 MHz, 254.80 W
2026/08/19 16:37:42.511, 98 %, 85 %, 15574 MiB, 2842 MHz, 254.74 W
2026/08/19 16:37:43.512, 98 %, 84 %, 15574 MiB, 2835 MHz, 255.82 W
2026/08/19 16:37:44.513, 97 %, 83 %, 15574 MiB, 2842 MHz, 254.50 W
2026/08/19 16:37:45.514, 98 %, 84 %, 15574 MiB, 2842 MHz, 255.01 W
2026/08/19 16:37:46.516, 98 %, 84 %, 15574 MiB, 2842 MHz, 255.23 W
2026/08/19 16:37:47.517, 94 %, 75 %, 15574 MiB, 2842 MHz, 256.00 W
2026/08/19 16:37:48.519, 98 %, 84 %, 15574 MiB, 2842 MHz, 254.95 W
2026/08/19 16:37:49.520, 98 %, 84 %, 15574 MiB, 2842 MHz, 254.64 W
2026/08/19 16:37:50.521, 98 %, 85 %, 15574 MiB, 2842 MHz, 255.27 W
2026/08/19 16:37:51.522, 98 %, 84 %, 15574 MiB, 2842 MHz, 254.86 W
2026/08/19 16:37:52.523, 98 %, 84 %, 15574 MiB, 2842 MHz, 256.14 W
2026/08/19 16:37:53.524, 98 %, 84 %, 15574 MiB, 2842 MHz, 254.75 W
2026/08/19 16:37:54.526, 98 %, 85 %, 15574 MiB, 2842 MHz, 254.65 W
2026/08/19 16:37:55.527, 98 %, 84 %, 15574 MiB, 2842 MHz, 254.61 W
2026/08/19 16:37:56.528, 98 %, 84 %, 15574 MiB, 2842 MHz, 256.13 W
2026/08/19 16:37:57.529, 98 %, 84 %, 15574 MiB, 2842 MHz, 254.43 W
2026/08/19 16:37:58.530, 97 %, 83 %, 15574 MiB, 2842 MHz, 254.13 W
2026/08/19 16:37:59.532, 98 %, 84 %, 15574 MiB, 2842 MHz, 254.68 W
2026/08/19 16:38:00.533, 98 %, 84 %, 15574 MiB, 2842 MHz, 255.80 W
2026/08/19 16:38:01.534, 98 %, 84 %, 15574 MiB, 2842 MHz, 255.34 W
2026/08/19 16:38:02.535, 98 %, 84 %, 15574 MiB, 2842 MHz, 255.25 W
2026/08/19 16:38:03.536, 98 %, 84 %, 15574 MiB, 2842 MHz, 254.79 W
2026/08/19 16:38:04.537, 98 %, 84 %, 15574 MiB, 2842 MHz, 256.59 W
2026/08/19 16:38:05.538, 98 %, 84 %, 15574 MiB, 2842 MHz, 255.72 W
2026/08/19 16:38:06.539, 98 %, 84 %, 15574 MiB, 2842 MHz, 255.41 W
2026/08/19 16:38:07.540, 98 %, 85 %, 15574 MiB, 2842 MHz, 255.82 W
2026/08/19 16:38:08.541, 98 %, 84 %, 15574 MiB, 2842 MHz, 256.69 W
2026/08/19 16:38:09.542, 98 %, 84 %, 15574 MiB, 2842 MHz, 255.26 W
2026/08/19 16:38:10.543, 98 %, 84 %, 15574 MiB, 2842 MHz, 255.32 W
2026/08/19 16:38:11.544, 98 %, 85 %, 15574 MiB, 2842 MHz, 255.39 W
2026/08/19 16:38:12.545, 95 %, 64 %, 15574 MiB, 2842 MHz, 256.21 W
2026/08/19 16:38:15.686, 98 %, 84 %, 15574 MiB, 2842 MHz, 255.88 W
2026/08/19 16:38:16.688, 98 %, 84 %, 15574 MiB, 2842 MHz, 255.81 W
2026/08/19 16:38:17.689, 98 %, 84 %, 15574 MiB, 2842 MHz, 255.55 W
2026/08/19 16:38:18.690, 98 %, 84 %, 15574 MiB, 2842 MHz, 255.38 W
2026/08/19 16:38:19.691, 98 %, 84 %, 15574 MiB, 2842 MHz, 256.30 W
2026/08/19 16:38:20.693, 98 %, 84 %, 15574 MiB, 2842 MHz, 255.73 W
2026/08/19 16:38:21.694, 98 %, 84 %, 15574 MiB, 2842 MHz, 255.11 W
2026/08/19 16:38:22.695, 98 %, 84 %, 15574 MiB, 2842 MHz, 255.71 W
2026/08/19 16:38:23.696, 98 %, 84 %, 15574 MiB, 2842 MHz, 256.76 W
2026/08/19 16:38:24.697, 98 %, 84 %, 15574 MiB, 2842 MHz, 255.20 W
2026/08/19 16:38:25.699, 98 %, 84 %, 15574 MiB, 2842 MHz, 256.04 W
2026/08/19 16:38:26.700, 98 %, 85 %, 15574 MiB, 2842 MHz, 255.79 W
2026/08/19 16:38:27.701, 98 %, 84 %, 15574 MiB, 2835 MHz, 256.29 W
2026/08/19 16:38:28.702, 98 %, 84 %, 15574 MiB, 2842 MHz, 255.15 W
2026/08/19 16:38:29.703, 98 %, 84 %, 15574 MiB, 2842 MHz, 255.02 W
2026/08/19 16:38:30.705, 98 %, 84 %, 15574 MiB, 2842 MHz, 255.79 W
2026/08/19 16:38:31.706, 98 %, 84 %, 15574 MiB, 2835 MHz, 256.89 W
2026/08/19 16:38:32.708, 98 %, 84 %, 15574 MiB, 2842 MHz, 255.03 W
2026/08/19 16:38:33.710, 98 %, 84 %, 15574 MiB, 2842 MHz, 254.80 W
2026/08/19 16:38:34.711, 98 %, 84 %, 15574 MiB, 2842 MHz, 255.31 W
2026/08/19 16:38:35.712, 94 %, 66 %, 15574 MiB, 2842 MHz, 256.70 W
2026/08/19 16:38:36.713, 98 %, 84 %, 15574 MiB, 2842 MHz, 255.04 W
2026/08/19 16:38:37.714, 98 %, 84 %, 15574 MiB, 2842 MHz, 255.33 W
2026/08/19 16:38:38.716, 98 %, 84 %, 15574 MiB, 2842 MHz, 254.81 W
2026/08/19 16:38:39.717, 95 %, 74 %, 15574 MiB, 2842 MHz, 254.75 W
2026/08/19 16:38:40.718, 98 %, 84 %, 15574 MiB, 2842 MHz, 255.62 W
2026/08/19 16:38:41.719, 98 %, 84 %, 15574 MiB, 2842 MHz, 255.25 W
2026/08/19 16:38:42.720, 98 %, 84 %, 15574 MiB, 2842 MHz, 255.71 W
2026/08/19 16:38:43.721, 98 %, 84 %, 15574 MiB, 2842 MHz, 255.10 W
2026/08/19 16:38:44.722, 98 %, 84 %, 15574 MiB, 2842 MHz, 256.36 W
2026/08/19 16:38:45.723, 98 %, 84 %, 15574 MiB, 2842 MHz, 255.39 W
2026/08/19 16:38:46.724, 98 %, 84 %, 15574 MiB, 2842 MHz, 255.58 W
2026/08/19 16:38:49.803, 98 %, 85 %, 15574 MiB, 2842 MHz, 255.44 W
2026/08/19 16:38:50.804, 98 %, 84 %, 15574 MiB, 2842 MHz, 256.27 W
2026/08/19 16:38:51.805, 98 %, 84 %, 15574 MiB, 2842 MHz, 255.50 W
2026/08/19 16:38:52.806, 98 %, 85 %, 15574 MiB, 2842 MHz, 255.67 W
2026/08/19 16:38:53.807, 98 %, 85 %, 15574 MiB, 2842 MHz, 255.93 W
2026/08/19 16:38:54.808, 98 %, 84 %, 15574 MiB, 2842 MHz, 256.16 W
2026/08/19 16:38:55.810, 98 %, 84 %, 15574 MiB, 2842 MHz, 255.24 W
2026/08/19 16:38:56.811, 98 %, 84 %, 15574 MiB, 2842 MHz, 255.39 W
2026/08/19 16:38:57.812, 98 %, 84 %, 15574 MiB, 2842 MHz, 255.21 W
2026/08/19 16:38:58.813, 98 %, 84 %, 15574 MiB, 2842 MHz, 255.91 W
2026/08/19 16:38:59.815, 98 %, 84 %, 15574 MiB, 2842 MHz, 253.80 W
2026/08/19 16:39:00.816, 98 %, 84 %, 15574 MiB, 2842 MHz, 254.57 W
2026/08/19 16:39:01.817, 98 %, 84 %, 15574 MiB, 2842 MHz, 254.52 W
2026/08/19 16:39:02.818, 95 %, 65 %, 15574 MiB, 2842 MHz, 255.75 W
2026/08/19 16:39:03.819, 97 %, 83 %, 15574 MiB, 2842 MHz, 254.52 W
2026/08/19 16:39:04.820, 98 %, 84 %, 15574 MiB, 2842 MHz, 254.91 W
2026/08/19 16:39:05.822, 98 %, 84 %, 15574 MiB, 2842 MHz, 254.87 W
2026/08/19 16:39:06.823, 98 %, 85 %, 15574 MiB, 2842 MHz, 254.79 W
2026/08/19 16:39:07.824, 98 %, 84 %, 15574 MiB, 2842 MHz, 255.17 W
2026/08/19 16:39:08.825, 98 %, 84 %, 15574 MiB, 2842 MHz, 254.79 W
2026/08/19 16:39:09.827, 98 %, 85 %, 15574 MiB, 2842 MHz, 255.77 W
2026/08/19 16:39:10.828, 98 %, 85 %, 15574 MiB, 2842 MHz, 255.26 W
2026/08/19 16:39:11.829, 98 %, 84 %, 15574 MiB, 2842 MHz, 256.29 W
2026/08/19 16:39:12.830, 98 %, 84 %, 15574 MiB, 2842 MHz, 255.18 W
2026/08/19 16:39:13.831, 98 %, 85 %, 15574 MiB, 2842 MHz, 255.07 W
2026/08/19 16:39:14.833, 98 %, 85 %, 15574 MiB, 2842 MHz, 255.36 W
2026/08/19 16:39:15.834, 98 %, 84 %, 15574 MiB, 2842 MHz, 255.94 W
2026/08/19 16:39:16.835, 98 %, 84 %, 15574 MiB, 2842 MHz, 254.70 W
2026/08/19 16:39:17.836, 97 %, 84 %, 15574 MiB, 2842 MHz, 254.82 W
2026/08/19 16:39:18.837, 98 %, 84 %, 15574 MiB, 2842 MHz, 255.39 W
2026/08/19 16:39:19.839, 98 %, 84 %, 15574 MiB, 2835 MHz, 256.31 W
2026/08/19 16:39:20.840, 98 %, 84 %, 15574 MiB, 2842 MHz, 255.18 W
2026/08/19 16:39:24.040, 98 %, 84 %, 15574 MiB, 2842 MHz, 255.24 W
2026/08/19 16:39:25.041, 98 %, 85 %, 15574 MiB, 2842 MHz, 254.71 W
2026/08/19 16:39:26.042, 98 %, 84 %, 15574 MiB, 2842 MHz, 256.12 W
2026/08/19 16:39:27.044, 98 %, 84 %, 15574 MiB, 2842 MHz, 255.10 W
2026/08/19 16:39:28.045, 98 %, 84 %, 15574 MiB, 2842 MHz, 255.06 W
2026/08/19 16:39:29.046, 98 %, 85 %, 15574 MiB, 2842 MHz, 255.40 W
2026/08/19 16:39:30.047, 98 %, 84 %, 15574 MiB, 2842 MHz, 255.82 W
2026/08/19 16:39:31.048, 98 %, 84 %, 15574 MiB, 2842 MHz, 254.72 W
2026/08/19 16:39:32.050, 98 %, 84 %, 15574 MiB, 2842 MHz, 254.53 W
2026/08/19 16:39:33.051, 98 %, 84 %, 15574 MiB, 2842 MHz, 254.82 W
2026/08/19 16:39:34.052, 95 %, 73 %, 15574 MiB, 2842 MHz, 254.91 W
2026/08/19 16:39:35.053, 98 %, 84 %, 15574 MiB, 2842 MHz, 255.14 W
2026/08/19 16:39:36.054, 98 %, 84 %, 15574 MiB, 2842 MHz, 255.26 W
2026/08/19 16:39:37.056, 98 %, 84 %, 15574 MiB, 2842 MHz, 255.37 W
2026/08/19 16:39:38.057, 98 %, 84 %, 15574 MiB, 2842 MHz, 255.38 W
2026/08/19 16:39:39.058, 0 %, 0 %, 15586 MiB, 2857 MHz, 88.18 W
2026/08/19 16:39:40.059, 0 %, 0 %, 15585 MiB, 1522 MHz, 60.71 W
2026/08/19 16:39:41.060, 0 %, 0 %, 15585 MiB, 555 MHz, 39.48 W
2026/08/19 16:39:42.062, 1 %, 4 %, 15585 MiB, 375 MHz, 33.24 W
2026/08/19 16:39:43.064, 2 %, 23 %, 15582 MiB, 217 MHz, 27.88 W
2026/08/19 16:39:44.066, 1 %, 18 %, 15573 MiB, 180 MHz, 25.80 W
2026/08/19 16:39:45.068, 2 %, 12 %, 15573 MiB, 180 MHz, 25.65 W
2026/08/19 16:39:46.070, 98 %, 68 %, 15584 MiB, 2842 MHz, 73.22 W
2026/08/19 16:39:47.071, 98 %, 86 %, 15584 MiB, 2857 MHz, 214.82 W
2026/08/19 16:39:48.072, 98 %, 86 %, 15576 MiB, 2842 MHz, 215.90 W
2026/08/19 16:39:49.073, 98 %, 86 %, 15576 MiB, 2842 MHz, 216.16 W
2026/08/19 16:39:50.074, 98 %, 86 %, 15576 MiB, 2842 MHz, 216.51 W
2026/08/19 16:39:51.076, 98 %, 86 %, 15574 MiB, 2842 MHz, 215.90 W
2026/08/19 16:39:52.077, 98 %, 86 %, 15574 MiB, 2842 MHz, 216.34 W
2026/08/19 16:39:53.078, 98 %, 86 %, 15574 MiB, 2842 MHz, 216.84 W
2026/08/19 16:39:54.079, 98 %, 86 %, 15574 MiB, 2842 MHz, 216.80 W
2026/08/19 16:39:55.080, 98 %, 84 %, 15574 MiB, 2842 MHz, 232.52 W
2026/08/19 16:39:58.290, 98 %, 84 %, 15574 MiB, 2842 MHz, 250.40 W
2026/08/19 16:39:59.291, 98 %, 84 %, 15574 MiB, 2842 MHz, 251.15 W
2026/08/19 16:40:00.292, 98 %, 84 %, 15574 MiB, 2842 MHz, 251.37 W
2026/08/19 16:40:01.293, 98 %, 86 %, 15574 MiB, 2842 MHz, 247.52 W
2026/08/19 16:40:02.294, 97 %, 86 %, 15574 MiB, 2842 MHz, 216.84 W
2026/08/19 16:40:03.295, 98 %, 87 %, 15574 MiB, 2842 MHz, 217.86 W
2026/08/19 16:40:04.296, 98 %, 87 %, 15574 MiB, 2842 MHz, 218.25 W
2026/08/19 16:40:05.298, 98 %, 87 %, 15574 MiB, 2842 MHz, 218.47 W
2026/08/19 16:40:06.299, 98 %, 87 %, 15574 MiB, 2842 MHz, 230.13 W
2026/08/19 16:40:07.300, 98 %, 87 %, 15574 MiB, 2842 MHz, 217.91 W
2026/08/19 16:40:08.301, 98 %, 87 %, 15574 MiB, 2842 MHz, 218.38 W
2026/08/19 16:40:09.303, 98 %, 87 %, 15574 MiB, 2842 MHz, 218.62 W
2026/08/19 16:40:10.304, 98 %, 86 %, 15574 MiB, 2842 MHz, 231.42 W
2026/08/19 16:40:11.305, 98 %, 87 %, 15574 MiB, 2842 MHz, 218.54 W
2026/08/19 16:40:12.306, 98 %, 87 %, 15574 MiB, 2842 MHz, 218.64 W
2026/08/19 16:40:13.307, 98 %, 87 %, 15574 MiB, 2842 MHz, 219.10 W
2026/08/19 16:40:14.309, 97 %, 85 %, 15574 MiB, 2842 MHz, 228.24 W
2026/08/19 16:40:15.310, 98 %, 86 %, 15574 MiB, 2842 MHz, 222.71 W
2026/08/19 16:40:16.311, 98 %, 86 %, 15574 MiB, 2842 MHz, 219.09 W
2026/08/19 16:40:17.312, 98 %, 87 %, 15574 MiB, 2842 MHz, 219.60 W
2026/08/19 16:40:18.313, 98 %, 87 %, 15574 MiB, 2842 MHz, 219.89 W
2026/08/19 16:40:19.314, 98 %, 87 %, 15574 MiB, 2842 MHz, 232.31 W
2026/08/19 16:40:20.315, 98 %, 86 %, 15574 MiB, 2842 MHz, 219.49 W
2026/08/19 16:40:21.316, 98 %, 86 %, 15574 MiB, 2842 MHz, 219.28 W
2026/08/19 16:40:22.318, 98 %, 87 %, 15574 MiB, 2842 MHz, 219.53 W
2026/08/19 16:40:23.319, 98 %, 86 %, 15574 MiB, 2842 MHz, 232.62 W
2026/08/19 16:40:24.320, 98 %, 86 %, 15574 MiB, 2842 MHz, 218.92 W
2026/08/19 16:40:25.321, 98 %, 86 %, 15574 MiB, 2842 MHz, 219.28 W
2026/08/19 16:40:26.323, 98 %, 86 %, 15574 MiB, 2842 MHz, 219.25 W
2026/08/19 16:40:27.324, 98 %, 86 %, 15574 MiB, 2842 MHz, 219.77 W
2026/08/19 16:40:28.325, 98 %, 86 %, 15574 MiB, 2842 MHz, 233.07 W
2026/08/19 16:40:29.326, 98 %, 86 %, 15574 MiB, 2842 MHz, 219.82 W
2026/08/19 16:40:32.518, 97 %, 86 %, 15574 MiB, 2842 MHz, 219.71 W
2026/08/19 16:40:33.519, 98 %, 87 %, 15574 MiB, 2842 MHz, 220.11 W
2026/08/19 16:40:34.521, 98 %, 86 %, 15574 MiB, 2842 MHz, 233.05 W
2026/08/19 16:40:35.522, 98 %, 86 %, 15574 MiB, 2842 MHz, 219.81 W
2026/08/19 16:40:36.523, 98 %, 86 %, 15574 MiB, 2842 MHz, 219.97 W
2026/08/19 16:40:37.524, 98 %, 86 %, 15574 MiB, 2842 MHz, 219.77 W
2026/08/19 16:40:38.526, 98 %, 86 %, 15574 MiB, 2842 MHz, 220.33 W
2026/08/19 16:40:39.527, 98 %, 86 %, 15574 MiB, 2842 MHz, 231.54 W
2026/08/19 16:40:40.528, 98 %, 86 %, 15574 MiB, 2842 MHz, 220.05 W
2026/08/19 16:40:41.529, 98 %, 87 %, 15574 MiB, 2842 MHz, 220.21 W
2026/08/19 16:40:42.531, 98 %, 87 %, 15574 MiB, 2842 MHz, 220.08 W
2026/08/19 16:40:43.532, 98 %, 86 %, 15574 MiB, 2842 MHz, 233.05 W
2026/08/19 16:40:44.533, 98 %, 86 %, 15574 MiB, 2842 MHz, 220.08 W
2026/08/19 16:40:45.534, 98 %, 86 %, 15574 MiB, 2842 MHz, 220.17 W
2026/08/19 16:40:46.535, 97 %, 86 %, 15574 MiB, 2842 MHz, 220.01 W
2026/08/19 16:40:47.537, 97 %, 52 %, 15574 MiB, 2842 MHz, 233.52 W
2026/08/19 16:40:48.538, 98 %, 87 %, 15574 MiB, 2842 MHz, 220.36 W
2026/08/19 16:40:49.539, 98 %, 87 %, 15574 MiB, 2842 MHz, 220.50 W
2026/08/19 16:40:50.540, 98 %, 86 %, 15574 MiB, 2842 MHz, 220.34 W
2026/08/19 16:40:51.541, 98 %, 87 %, 15574 MiB, 2842 MHz, 220.40 W
2026/08/19 16:40:52.543, 98 %, 86 %, 15574 MiB, 2842 MHz, 232.31 W
2026/08/19 16:40:53.544, 98 %, 86 %, 15574 MiB, 2842 MHz, 220.30 W
2026/08/19 16:40:54.545, 98 %, 87 %, 15574 MiB, 2842 MHz, 220.11 W
2026/08/19 16:40:55.546, 98 %, 87 %, 15574 MiB, 2842 MHz, 220.60 W
2026/08/19 16:40:56.547, 98 %, 86 %, 15574 MiB, 2835 MHz, 232.72 W
2026/08/19 16:40:57.548, 98 %, 86 %, 15574 MiB, 2842 MHz, 220.33 W
2026/08/19 16:40:58.549, 98 %, 86 %, 15574 MiB, 2842 MHz, 220.20 W
2026/08/19 16:40:59.550, 98 %, 87 %, 15574 MiB, 2842 MHz, 220.60 W
2026/08/19 16:41:00.551, 95 %, 83 %, 15574 MiB, 2842 MHz, 220.28 W
2026/08/19 16:41:01.552, 98 %, 87 %, 15574 MiB, 2842 MHz, 232.21 W
2026/08/19 16:41:02.553, 98 %, 87 %, 15574 MiB, 2842 MHz, 220.65 W
2026/08/19 16:41:03.554, 98 %, 86 %, 15574 MiB, 2842 MHz, 220.68 W
2026/08/19 16:41:04.555, 98 %, 87 %, 15574 MiB, 2842 MHz, 220.72 W
2026/08/19 16:41:07.774, 98 %, 86 %, 15574 MiB, 2835 MHz, 232.19 W
2026/08/19 16:41:08.775, 98 %, 87 %, 15574 MiB, 2842 MHz, 220.68 W
2026/08/19 16:41:09.776, 98 %, 87 %, 15574 MiB, 2842 MHz, 220.59 W
2026/08/19 16:41:10.777, 98 %, 87 %, 15574 MiB, 2842 MHz, 221.20 W
2026/08/19 16:41:11.778, 97 %, 52 %, 15574 MiB, 2842 MHz, 233.82 W
2026/08/19 16:41:12.779, 98 %, 86 %, 15574 MiB, 2842 MHz, 220.43 W
2026/08/19 16:41:13.780, 98 %, 87 %, 15574 MiB, 2842 MHz, 220.56 W
2026/08/19 16:41:14.781, 98 %, 87 %, 15574 MiB, 2842 MHz, 220.73 W
2026/08/19 16:41:15.782, 98 %, 87 %, 15574 MiB, 2842 MHz, 220.71 W
2026/08/19 16:41:16.784, 98 %, 86 %, 15574 MiB, 2842 MHz, 231.96 W
2026/08/19 16:41:17.785, 98 %, 87 %, 15574 MiB, 2842 MHz, 220.09 W
2026/08/19 16:41:18.786, 98 %, 87 %, 15574 MiB, 2842 MHz, 220.60 W
2026/08/19 16:41:19.787, 98 %, 86 %, 15574 MiB, 2842 MHz, 220.74 W
2026/08/19 16:41:20.788, 98 %, 87 %, 15574 MiB, 2835 MHz, 232.46 W
2026/08/19 16:41:21.789, 98 %, 87 %, 15574 MiB, 2842 MHz, 220.40 W
2026/08/19 16:41:22.790, 98 %, 87 %, 15574 MiB, 2842 MHz, 220.68 W
2026/08/19 16:41:23.791, 98 %, 87 %, 15574 MiB, 2842 MHz, 220.76 W
2026/08/19 16:41:24.792, 98 %, 87 %, 15574 MiB, 2842 MHz, 221.10 W
2026/08/19 16:41:25.793, 98 %, 86 %, 15574 MiB, 2842 MHz, 233.01 W
2026/08/19 16:41:26.794, 98 %, 87 %, 15574 MiB, 2842 MHz, 220.57 W
2026/08/19 16:41:27.795, 98 %, 86 %, 15574 MiB, 2842 MHz, 220.54 W
2026/08/19 16:41:28.796, 98 %, 87 %, 15574 MiB, 2842 MHz, 220.85 W
2026/08/19 16:41:29.797, 98 %, 86 %, 15574 MiB, 2835 MHz, 232.07 W
2026/08/19 16:41:30.798, 97 %, 86 %, 15574 MiB, 2842 MHz, 220.50 W
2026/08/19 16:41:31.799, 98 %, 86 %, 15574 MiB, 2842 MHz, 220.33 W
2026/08/19 16:41:32.800, 98 %, 87 %, 15574 MiB, 2842 MHz, 220.58 W
2026/08/19 16:41:33.801, 97 %, 52 %, 15574 MiB, 2842 MHz, 233.40 W
2026/08/19 16:41:34.802, 98 %, 86 %, 15574 MiB, 2842 MHz, 226.39 W
2026/08/19 16:41:35.803, 98 %, 86 %, 15574 MiB, 2842 MHz, 220.28 W
2026/08/19 16:41:36.804, 98 %, 87 %, 15574 MiB, 2842 MHz, 220.70 W
2026/08/19 16:41:37.806, 98 %, 87 %, 15574 MiB, 2842 MHz, 220.79 W
2026/08/19 16:41:38.807, 98 %, 86 %, 15574 MiB, 2835 MHz, 232.49 W
2026/08/19 16:41:42.018, 98 %, 86 %, 15574 MiB, 2842 MHz, 220.48 W
2026/08/19 16:41:43.020, 98 %, 86 %, 15574 MiB, 2842 MHz, 220.20 W
2026/08/19 16:41:44.021, 98 %, 86 %, 15574 MiB, 2842 MHz, 220.71 W
2026/08/19 16:41:45.022, 98 %, 86 %, 15574 MiB, 2835 MHz, 233.98 W
2026/08/19 16:41:46.023, 98 %, 86 %, 15574 MiB, 2842 MHz, 220.45 W
2026/08/19 16:41:47.024, 98 %, 86 %, 15574 MiB, 2842 MHz, 220.69 W
2026/08/19 16:41:48.025, 98 %, 86 %, 15574 MiB, 2842 MHz, 220.93 W
2026/08/19 16:41:49.026, 98 %, 87 %, 15574 MiB, 2842 MHz, 220.99 W
2026/08/19 16:41:50.027, 98 %, 86 %, 15574 MiB, 2842 MHz, 232.38 W
2026/08/19 16:41:51.028, 98 %, 86 %, 15574 MiB, 2842 MHz, 220.69 W
2026/08/19 16:41:52.029, 98 %, 86 %, 15574 MiB, 2842 MHz, 220.21 W
2026/08/19 16:41:53.030, 98 %, 86 %, 15574 MiB, 2842 MHz, 220.73 W
2026/08/19 16:41:54.031, 98 %, 87 %, 15574 MiB, 2827 MHz, 232.74 W
2026/08/19 16:41:55.032, 98 %, 87 %, 15574 MiB, 2842 MHz, 220.80 W
2026/08/19 16:41:56.034, 98 %, 86 %, 15574 MiB, 2842 MHz, 220.69 W
2026/08/19 16:41:57.035, 98 %, 87 %, 15574 MiB, 2842 MHz, 220.45 W
2026/08/19 16:41:58.036, 98 %, 87 %, 15574 MiB, 2842 MHz, 229.52 W
2026/08/19 16:41:59.038, 98 %, 87 %, 15574 MiB, 2842 MHz, 224.73 W
2026/08/19 16:42:00.039, 98 %, 86 %, 15574 MiB, 2842 MHz, 220.60 W
2026/08/19 16:42:01.040, 98 %, 87 %, 15574 MiB, 2842 MHz, 220.51 W
2026/08/19 16:42:02.041, 98 %, 87 %, 15574 MiB, 2842 MHz, 220.33 W
2026/08/19 16:42:03.042, 98 %, 86 %, 15574 MiB, 2835 MHz, 232.34 W
2026/08/19 16:42:04.043, 98 %, 86 %, 15574 MiB, 2842 MHz, 220.21 W
2026/08/19 16:42:05.045, 98 %, 87 %, 15574 MiB, 2842 MHz, 220.29 W
2026/08/19 16:42:06.046, 98 %, 87 %, 15574 MiB, 2842 MHz, 219.97 W
2026/08/19 16:42:07.047, 97 %, 52 %, 15574 MiB, 2842 MHz, 233.16 W
2026/08/19 16:42:08.048, 98 %, 86 %, 15574 MiB, 2842 MHz, 220.46 W
2026/08/19 16:42:09.050, 98 %, 87 %, 15574 MiB, 2842 MHz, 220.66 W
2026/08/19 16:42:10.051, 98 %, 87 %, 15574 MiB, 2842 MHz, 220.75 W
2026/08/19 16:42:11.054, 98 %, 87 %, 15574 MiB, 2842 MHz, 220.30 W
2026/08/19 16:42:12.055, 98 %, 86 %, 15574 MiB, 2842 MHz, 232.11 W
2026/08/19 16:42:13.056, 98 %, 87 %, 15574 MiB, 2842 MHz, 220.34 W
2026/08/19 16:42:16.273, 98 %, 87 %, 15574 MiB, 2842 MHz, 220.58 W
2026/08/19 16:42:17.275, 98 %, 87 %, 15574 MiB, 2842 MHz, 220.78 W
2026/08/19 16:42:18.276, 98 %, 86 %, 15574 MiB, 2835 MHz, 233.10 W
2026/08/19 16:42:19.277, 98 %, 87 %, 15574 MiB, 2842 MHz, 220.20 W
2026/08/19 16:42:20.279, 98 %, 86 %, 15574 MiB, 2842 MHz, 219.94 W
2026/08/19 16:42:21.280, 98 %, 87 %, 15574 MiB, 2842 MHz, 220.15 W
2026/08/19 16:42:22.282, 98 %, 86 %, 15574 MiB, 2842 MHz, 220.06 W
2026/08/19 16:42:23.283, 98 %, 86 %, 15574 MiB, 2842 MHz, 231.76 W
2026/08/19 16:42:24.284, 98 %, 86 %, 15574 MiB, 2842 MHz, 220.08 W
2026/08/19 16:42:25.286, 98 %, 86 %, 15574 MiB, 2842 MHz, 219.96 W
2026/08/19 16:42:26.287, 98 %, 87 %, 15574 MiB, 2842 MHz, 220.34 W
2026/08/19 16:42:27.288, 98 %, 86 %, 15574 MiB, 2835 MHz, 231.62 W
2026/08/19 16:42:28.289, 98 %, 86 %, 15574 MiB, 2842 MHz, 220.04 W
2026/08/19 16:42:29.291, 98 %, 86 %, 15574 MiB, 2842 MHz, 220.26 W
2026/08/19 16:42:30.292, 98 %, 86 %, 15574 MiB, 2842 MHz, 220.23 W
2026/08/19 16:42:31.293, 97 %, 52 %, 15574 MiB, 2842 MHz, 232.99 W
2026/08/19 16:42:32.294, 98 %, 86 %, 15574 MiB, 2842 MHz, 220.07 W
2026/08/19 16:42:33.296, 98 %, 86 %, 15574 MiB, 2842 MHz, 220.28 W
2026/08/19 16:42:34.297, 98 %, 87 %, 15574 MiB, 2842 MHz, 220.44 W
2026/08/19 16:42:35.298, 98 %, 87 %, 15574 MiB, 2842 MHz, 220.51 W
2026/08/19 16:42:36.300, 98 %, 86 %, 15574 MiB, 2842 MHz, 232.90 W
2026/08/19 16:42:37.301, 98 %, 86 %, 15574 MiB, 2842 MHz, 220.13 W
2026/08/19 16:42:38.302, 98 %, 87 %, 15574 MiB, 2842 MHz, 220.17 W
2026/08/19 16:42:39.304, 98 %, 86 %, 15574 MiB, 2842 MHz, 219.99 W
2026/08/19 16:42:40.305, 98 %, 86 %, 15574 MiB, 2842 MHz, 233.10 W
2026/08/19 16:42:41.306, 98 %, 87 %, 15574 MiB, 2842 MHz, 219.64 W
2026/08/19 16:42:42.307, 98 %, 87 %, 15574 MiB, 2842 MHz, 219.90 W
2026/08/19 16:42:43.309, 98 %, 87 %, 15574 MiB, 2842 MHz, 220.22 W
2026/08/19 16:42:44.310, 96 %, 84 %, 15574 MiB, 2842 MHz, 220.33 W
2026/08/19 16:42:45.311, 98 %, 86 %, 15574 MiB, 2842 MHz, 223.60 W
2026/08/19 16:42:46.313, 98 %, 86 %, 15574 MiB, 2842 MHz, 219.88 W
2026/08/19 16:42:47.314, 98 %, 87 %, 15574 MiB, 2842 MHz, 219.84 W
2026/08/19 16:42:50.521, 98 %, 87 %, 15574 MiB, 2842 MHz, 220.39 W
2026/08/19 16:42:51.523, 98 %, 86 %, 15574 MiB, 2842 MHz, 233.15 W
2026/08/19 16:42:52.524, 98 %, 86 %, 15574 MiB, 2842 MHz, 219.58 W
2026/08/19 16:42:53.525, 98 %, 87 %, 15574 MiB, 2842 MHz, 219.83 W
2026/08/19 16:42:54.526, 98 %, 87 %, 15574 MiB, 2842 MHz, 220.06 W
2026/08/19 16:42:55.528, 97 %, 52 %, 15574 MiB, 2842 MHz, 232.97 W
2026/08/19 16:42:56.529, 98 %, 86 %, 15574 MiB, 2842 MHz, 226.15 W
2026/08/19 16:42:57.530, 98 %, 86 %, 15574 MiB, 2842 MHz, 219.37 W
2026/08/19 16:42:58.532, 98 %, 86 %, 15574 MiB, 2842 MHz, 219.55 W
2026/08/19 16:42:59.533, 98 %, 87 %, 15574 MiB, 2842 MHz, 219.97 W
2026/08/19 16:43:00.534, 98 %, 86 %, 15574 MiB, 2842 MHz, 231.35 W
2026/08/19 16:43:01.536, 98 %, 87 %, 15574 MiB, 2842 MHz, 219.43 W
2026/08/19 16:43:02.537, 98 %, 87 %, 15574 MiB, 2842 MHz, 219.23 W
2026/08/19 16:43:03.538, 98 %, 87 %, 15574 MiB, 2842 MHz, 219.63 W
2026/08/19 16:43:04.539, 98 %, 86 %, 15574 MiB, 2842 MHz, 232.54 W
2026/08/19 16:43:05.541, 98 %, 86 %, 15574 MiB, 2842 MHz, 219.67 W
2026/08/19 16:43:06.542, 97 %, 86 %, 15574 MiB, 2842 MHz, 219.37 W
2026/08/19 16:43:07.543, 98 %, 86 %, 15574 MiB, 2842 MHz, 219.71 W
2026/08/19 16:43:08.544, 97 %, 84 %, 15574 MiB, 2842 MHz, 219.83 W
2026/08/19 16:43:09.546, 98 %, 86 %, 15574 MiB, 2842 MHz, 231.66 W
2026/08/19 16:43:10.547, 98 %, 86 %, 15574 MiB, 2842 MHz, 219.94 W
2026/08/19 16:43:11.549, 98 %, 86 %, 15574 MiB, 2842 MHz, 219.58 W
2026/08/19 16:43:12.550, 98 %, 86 %, 15574 MiB, 2842 MHz, 219.90 W
2026/08/19 16:43:13.551, 98 %, 87 %, 15574 MiB, 2842 MHz, 232.04 W
2026/08/19 16:43:14.553, 98 %, 86 %, 15574 MiB, 2842 MHz, 219.86 W
2026/08/19 16:43:15.554, 98 %, 86 %, 15574 MiB, 2842 MHz, 220.03 W
2026/08/19 16:43:16.555, 98 %, 86 %, 15574 MiB, 2842 MHz, 219.83 W
2026/08/19 16:43:17.556, 97 %, 52 %, 15574 MiB, 2842 MHz, 233.07 W
2026/08/19 16:43:18.557, 98 %, 86 %, 15574 MiB, 2842 MHz, 219.82 W
2026/08/19 16:43:19.558, 98 %, 86 %, 15574 MiB, 2842 MHz, 219.97 W
2026/08/19 16:43:20.560, 98 %, 86 %, 15574 MiB, 2842 MHz, 219.70 W
2026/08/19 16:43:21.561, 98 %, 87 %, 15574 MiB, 2842 MHz, 220.03 W
2026/08/19 16:43:24.841, 98 %, 86 %, 15574 MiB, 2842 MHz, 232.63 W
2026/08/19 16:43:25.843, 98 %, 86 %, 15574 MiB, 2842 MHz, 219.93 W
2026/08/19 16:43:26.844, 98 %, 86 %, 15574 MiB, 2842 MHz, 219.87 W
2026/08/19 16:43:27.845, 98 %, 87 %, 15574 MiB, 2842 MHz, 219.72 W
2026/08/19 16:43:28.846, 98 %, 86 %, 15574 MiB, 2842 MHz, 231.70 W
2026/08/19 16:43:29.848, 98 %, 86 %, 15574 MiB, 2842 MHz, 219.51 W
2026/08/19 16:43:30.849, 98 %, 86 %, 15574 MiB, 2842 MHz, 219.33 W
2026/08/19 16:43:31.850, 98 %, 87 %, 15574 MiB, 2842 MHz, 219.59 W
2026/08/19 16:43:32.851, 98 %, 86 %, 15574 MiB, 2842 MHz, 219.43 W
2026/08/19 16:43:33.852, 98 %, 86 %, 15574 MiB, 2842 MHz, 232.43 W
2026/08/19 16:43:34.853, 98 %, 86 %, 15574 MiB, 2842 MHz, 219.54 W
2026/08/19 16:43:35.854, 98 %, 86 %, 15574 MiB, 2842 MHz, 219.68 W
2026/08/19 16:43:36.855, 98 %, 86 %, 15574 MiB, 2842 MHz, 219.74 W
2026/08/19 16:43:37.856, 98 %, 86 %, 15574 MiB, 2842 MHz, 233.01 W
2026/08/19 16:43:38.857, 98 %, 87 %, 15574 MiB, 2842 MHz, 219.91 W
2026/08/19 16:43:39.859, 98 %, 87 %, 15574 MiB, 2842 MHz, 220.09 W
2026/08/19 16:43:40.860, 98 %, 87 %, 15574 MiB, 2842 MHz, 220.39 W
2026/08/19 16:43:41.861, 97 %, 52 %, 15574 MiB, 2842 MHz, 232.68 W
2026/08/19 16:43:42.862, 98 %, 86 %, 15574 MiB, 2842 MHz, 220.04 W
2026/08/19 16:43:43.863, 98 %, 87 %, 15574 MiB, 2842 MHz, 219.88 W
2026/08/19 16:43:44.865, 98 %, 87 %, 15574 MiB, 2842 MHz, 219.94 W
2026/08/19 16:43:45.866, 98 %, 87 %, 15574 MiB, 2842 MHz, 220.22 W
2026/08/19 16:43:46.867, 98 %, 86 %, 15574 MiB, 2842 MHz, 231.35 W
2026/08/19 16:43:47.868, 98 %, 87 %, 15574 MiB, 2842 MHz, 220.23 W
2026/08/19 16:43:48.870, 98 %, 87 %, 15574 MiB, 2842 MHz, 220.32 W
2026/08/19 16:43:49.871, 98 %, 87 %, 15574 MiB, 2842 MHz, 220.37 W
2026/08/19 16:43:50.872, 98 %, 86 %, 15574 MiB, 2827 MHz, 233.03 W
2026/08/19 16:43:51.873, 98 %, 86 %, 15574 MiB, 2842 MHz, 220.08 W
2026/08/19 16:43:52.875, 98 %, 87 %, 15574 MiB, 2842 MHz, 220.00 W
2026/08/19 16:43:53.876, 98 %, 87 %, 15574 MiB, 2842 MHz, 220.17 W
2026/08/19 16:43:54.877, 98 %, 87 %, 15574 MiB, 2842 MHz, 220.45 W
2026/08/19 16:43:55.878, 98 %, 86 %, 15574 MiB, 2842 MHz, 231.42 W
2026/08/19 16:43:56.880, 98 %, 86 %, 15574 MiB, 2842 MHz, 219.68 W
2026/08/19 16:44:00.103, 98 %, 86 %, 15574 MiB, 2842 MHz, 219.49 W
2026/08/19 16:44:01.104, 98 %, 87 %, 15574 MiB, 2842 MHz, 219.96 W
2026/08/19 16:44:02.105, 98 %, 86 %, 15574 MiB, 2835 MHz, 232.64 W
2026/08/19 16:44:03.106, 98 %, 86 %, 15574 MiB, 2842 MHz, 219.36 W
2026/08/19 16:44:04.108, 98 %, 87 %, 15574 MiB, 2842 MHz, 220.06 W
2026/08/19 16:44:05.109, 98 %, 87 %, 15574 MiB, 2842 MHz, 220.35 W
2026/08/19 16:44:06.111, 98 %, 87 %, 15574 MiB, 2842 MHz, 220.56 W
2026/08/19 16:44:07.112, 98 %, 86 %, 15574 MiB, 2842 MHz, 231.17 W
2026/08/19 16:44:08.113, 98 %, 86 %, 15574 MiB, 2842 MHz, 219.51 W
2026/08/19 16:44:09.114, 98 %, 87 %, 15574 MiB, 2842 MHz, 219.59 W
2026/08/19 16:44:10.115, 98 %, 86 %, 15574 MiB, 2842 MHz, 219.70 W
2026/08/19 16:44:11.117, 98 %, 86 %, 15574 MiB, 2835 MHz, 232.66 W
2026/08/19 16:44:12.118, 98 %, 86 %, 15574 MiB, 2842 MHz, 219.35 W
2026/08/19 16:44:13.119, 98 %, 86 %, 15574 MiB, 2842 MHz, 219.76 W
2026/08/19 16:44:14.120, 98 %, 87 %, 15574 MiB, 2842 MHz, 220.18 W
2026/08/19 16:44:15.121, 98 %, 86 %, 15574 MiB, 2835 MHz, 231.39 W
2026/08/19 16:44:16.122, 98 %, 87 %, 15574 MiB, 2842 MHz, 219.81 W
2026/08/19 16:44:17.123, 98 %, 87 %, 15574 MiB, 2842 MHz, 219.15 W
2026/08/19 16:44:18.124, 98 %, 87 %, 15574 MiB, 2842 MHz, 219.85 W
2026/08/19 16:44:19.125, 96 %, 78 %, 15574 MiB, 2842 MHz, 221.34 W
2026/08/19 16:44:20.130, 98 %, 86 %, 15574 MiB, 2842 MHz, 231.55 W
2026/08/19 16:44:21.131, 97 %, 86 %, 15574 MiB, 2842 MHz, 219.31 W
2026/08/19 16:44:22.132, 98 %, 86 %, 15574 MiB, 2842 MHz, 219.79 W
2026/08/19 16:44:23.133, 98 %, 87 %, 15574 MiB, 2842 MHz, 219.73 W
2026/08/19 16:44:24.134, 98 %, 86 %, 15574 MiB, 2835 MHz, 231.64 W
2026/08/19 16:44:25.135, 98 %, 87 %, 15574 MiB, 2842 MHz, 219.64 W
2026/08/19 16:44:26.136, 98 %, 87 %, 15574 MiB, 2842 MHz, 219.24 W
2026/08/19 16:44:27.138, 98 %, 86 %, 15574 MiB, 2842 MHz, 219.66 W
2026/08/19 16:44:28.139, 98 %, 87 %, 15574 MiB, 2842 MHz, 227.37 W
2026/08/19 16:44:29.140, 98 %, 86 %, 15574 MiB, 2842 MHz, 223.76 W
2026/08/19 16:44:30.141, 98 %, 86 %, 15574 MiB, 2842 MHz, 219.12 W
2026/08/19 16:44:31.143, 98 %, 86 %, 15574 MiB, 2842 MHz, 218.91 W
2026/08/19 16:44:34.426, 98 %, 86 %, 15574 MiB, 2842 MHz, 219.37 W
2026/08/19 16:44:35.427, 98 %, 86 %, 15574 MiB, 2835 MHz, 232.52 W
2026/08/19 16:44:36.428, 98 %, 86 %, 15574 MiB, 2842 MHz, 219.41 W
2026/08/19 16:44:37.429, 98 %, 86 %, 15574 MiB, 2842 MHz, 219.66 W
2026/08/19 16:44:38.431, 98 %, 87 %, 15574 MiB, 2842 MHz, 219.42 W
2026/08/19 16:44:39.432, 97 %, 52 %, 15574 MiB, 2842 MHz, 232.10 W
2026/08/19 16:44:40.435, 98 %, 86 %, 15574 MiB, 2842 MHz, 219.29 W
2026/08/19 16:44:41.436, 98 %, 86 %, 15574 MiB, 2842 MHz, 218.94 W
2026/08/19 16:44:42.437, 98 %, 87 %, 15574 MiB, 2842 MHz, 218.89 W
2026/08/19 16:44:43.439, 98 %, 87 %, 15574 MiB, 2842 MHz, 219.37 W
2026/08/19 16:44:44.440, 98 %, 87 %, 15574 MiB, 2835 MHz, 231.18 W
2026/08/19 16:44:45.441, 98 %, 86 %, 15574 MiB, 2842 MHz, 219.80 W
2026/08/19 16:44:46.442, 98 %, 87 %, 15574 MiB, 2842 MHz, 219.96 W
2026/08/19 16:44:47.443, 98 %, 86 %, 15574 MiB, 2842 MHz, 219.39 W
2026/08/19 16:44:48.445, 98 %, 86 %, 15574 MiB, 2842 MHz, 231.24 W
2026/08/19 16:44:49.446, 98 %, 86 %, 15574 MiB, 2842 MHz, 219.18 W
2026/08/19 16:44:50.447, 98 %, 86 %, 15574 MiB, 2842 MHz, 219.41 W
2026/08/19 16:44:51.449, 97 %, 86 %, 15574 MiB, 2842 MHz, 219.46 W
2026/08/19 16:44:52.450, 97 %, 52 %, 15574 MiB, 2842 MHz, 231.14 W
2026/08/19 16:44:53.451, 98 %, 86 %, 15574 MiB, 2842 MHz, 219.23 W
2026/08/19 16:44:54.452, 98 %, 86 %, 15574 MiB, 2842 MHz, 219.30 W
2026/08/19 16:44:55.453, 98 %, 86 %, 15574 MiB, 2842 MHz, 219.41 W
2026/08/19 16:44:56.455, 98 %, 86 %, 15574 MiB, 2842 MHz, 219.05 W
2026/08/19 16:44:57.456, 98 %, 86 %, 15574 MiB, 2842 MHz, 232.27 W
2026/08/19 16:44:58.457, 98 %, 87 %, 15574 MiB, 2842 MHz, 219.40 W
2026/08/19 16:44:59.458, 98 %, 86 %, 15574 MiB, 2842 MHz, 219.46 W
2026/08/19 16:45:00.459, 98 %, 87 %, 15574 MiB, 2842 MHz, 219.70 W
2026/08/19 16:45:01.460, 98 %, 86 %, 15574 MiB, 2842 MHz, 232.37 W
2026/08/19 16:45:02.461, 98 %, 86 %, 15574 MiB, 2842 MHz, 219.35 W
2026/08/19 16:45:03.462, 98 %, 86 %, 15574 MiB, 2842 MHz, 219.14 W
2026/08/19 16:45:04.464, 98 %, 87 %, 15574 MiB, 2842 MHz, 219.02 W
2026/08/19 16:45:05.465, 97 %, 85 %, 15574 MiB, 2842 MHz, 219.05 W
2026/08/19 16:45:08.757, 98 %, 86 %, 15574 MiB, 2842 MHz, 231.30 W
2026/08/19 16:45:09.758, 98 %, 86 %, 15574 MiB, 2842 MHz, 219.60 W
2026/08/19 16:45:10.759, 98 %, 87 %, 15574 MiB, 2842 MHz, 219.68 W
2026/08/19 16:45:11.760, 98 %, 86 %, 15574 MiB, 2842 MHz, 219.60 W
2026/08/19 16:45:12.762, 98 %, 81 %, 15574 MiB, 2842 MHz, 232.05 W
2026/08/19 16:45:13.763, 98 %, 86 %, 15574 MiB, 2842 MHz, 219.44 W
2026/08/19 16:45:14.764, 98 %, 86 %, 15574 MiB, 2842 MHz, 219.32 W
2026/08/19 16:45:15.765, 98 %, 86 %, 15574 MiB, 2842 MHz, 219.44 W
2026/08/19 16:45:16.767, 98 %, 87 %, 15574 MiB, 2842 MHz, 219.79 W
2026/08/19 16:45:17.768, 98 %, 86 %, 15574 MiB, 2842 MHz, 230.82 W
2026/08/19 16:45:18.769, 98 %, 86 %, 15574 MiB, 2842 MHz, 218.94 W
2026/08/19 16:45:19.770, 98 %, 86 %, 15574 MiB, 2842 MHz, 219.11 W
2026/08/19 16:45:20.772, 98 %, 86 %, 15574 MiB, 2842 MHz, 219.35 W
2026/08/19 16:45:21.773, 97 %, 85 %, 15574 MiB, 2842 MHz, 231.82 W
2026/08/19 16:45:22.774, 97 %, 86 %, 15574 MiB, 2842 MHz, 219.10 W
2026/08/19 16:45:23.775, 98 %, 86 %, 15574 MiB, 2842 MHz, 219.16 W
2026/08/19 16:45:24.776, 98 %, 86 %, 15574 MiB, 2842 MHz, 219.34 W
2026/08/19 16:45:25.777, 98 %, 86 %, 15574 MiB, 2835 MHz, 230.89 W
2026/08/19 16:45:26.778, 97 %, 86 %, 15574 MiB, 2842 MHz, 218.81 W
2026/08/19 16:45:27.779, 98 %, 86 %, 15574 MiB, 2842 MHz, 219.33 W
2026/08/19 16:45:28.780, 97 %, 86 %, 15574 MiB, 2842 MHz, 219.60 W
2026/08/19 16:45:29.782, 96 %, 83 %, 15574 MiB, 2842 MHz, 228.99 W
2026/08/19 16:45:30.783, 97 %, 86 %, 15574 MiB, 2842 MHz, 222.29 W
2026/08/19 16:45:31.784, 98 %, 86 %, 15574 MiB, 2842 MHz, 219.64 W
2026/08/19 16:45:32.785, 98 %, 86 %, 15574 MiB, 2842 MHz, 219.55 W
2026/08/19 16:45:33.786, 98 %, 87 %, 15574 MiB, 2842 MHz, 219.67 W
2026/08/19 16:45:34.788, 98 %, 86 %, 15574 MiB, 2835 MHz, 230.94 W
2026/08/19 16:45:35.789, 98 %, 86 %, 15574 MiB, 2842 MHz, 218.66 W
2026/08/19 16:45:36.790, 98 %, 86 %, 15574 MiB, 2842 MHz, 219.36 W
2026/08/19 16:45:37.791, 98 %, 86 %, 15574 MiB, 2842 MHz, 219.44 W
2026/08/19 16:45:38.792, 97 %, 52 %, 15574 MiB, 2842 MHz, 231.09 W
2026/08/19 16:45:39.793, 97 %, 86 %, 15574 MiB, 2842 MHz, 219.34 W
2026/08/19 16:45:43.268, 98 %, 87 %, 15574 MiB, 2842 MHz, 219.05 W
2026/08/19 16:45:44.270, 98 %, 86 %, 15574 MiB, 2842 MHz, 219.11 W
2026/08/19 16:45:45.271, 98 %, 86 %, 15574 MiB, 2842 MHz, 219.33 W
2026/08/19 16:45:46.272, 98 %, 86 %, 15574 MiB, 2842 MHz, 230.54 W
2026/08/19 16:45:47.273, 98 %, 86 %, 15574 MiB, 2842 MHz, 218.58 W
2026/08/19 16:45:48.274, 98 %, 86 %, 15574 MiB, 2842 MHz, 218.48 W
2026/08/19 16:45:49.276, 98 %, 86 %, 15574 MiB, 2842 MHz, 219.03 W
2026/08/19 16:45:50.277, 98 %, 86 %, 15574 MiB, 2842 MHz, 218.79 W
2026/08/19 16:45:51.278, 98 %, 86 %, 15574 MiB, 2842 MHz, 232.07 W
2026/08/19 16:45:52.279, 98 %, 87 %, 15574 MiB, 2842 MHz, 219.29 W
2026/08/19 16:45:53.280, 98 %, 87 %, 15574 MiB, 2842 MHz, 218.73 W
2026/08/19 16:45:54.281, 98 %, 86 %, 15574 MiB, 2842 MHz, 219.31 W
2026/08/19 16:45:55.283, 98 %, 86 %, 15574 MiB, 2842 MHz, 232.18 W
2026/08/19 16:45:56.284, 98 %, 86 %, 15574 MiB, 2842 MHz, 218.87 W
2026/08/19 16:45:57.285, 98 %, 87 %, 15574 MiB, 2842 MHz, 218.85 W
2026/08/19 16:45:58.286, 98 %, 86 %, 15574 MiB, 2842 MHz, 219.39 W
2026/08/19 16:45:59.287, 98 %, 86 %, 15574 MiB, 2835 MHz, 230.87 W
2026/08/19 16:46:00.288, 98 %, 86 %, 15574 MiB, 2842 MHz, 218.81 W
2026/08/19 16:46:01.289, 98 %, 86 %, 15574 MiB, 2842 MHz, 218.48 W
2026/08/19 16:46:02.290, 98 %, 86 %, 15574 MiB, 2842 MHz, 218.18 W
2026/08/19 16:46:03.291, 97 %, 53 %, 15574 MiB, 2842 MHz, 231.75 W
2026/08/19 16:46:04.293, 98 %, 86 %, 15574 MiB, 2842 MHz, 219.17 W
2026/08/19 16:46:05.294, 98 %, 86 %, 15574 MiB, 2842 MHz, 219.23 W
2026/08/19 16:46:06.295, 98 %, 87 %, 15574 MiB, 2842 MHz, 218.96 W
2026/08/19 16:46:07.296, 98 %, 86 %, 15574 MiB, 2842 MHz, 219.48 W
2026/08/19 16:46:08.297, 98 %, 86 %, 15574 MiB, 2842 MHz, 231.80 W
2026/08/19 16:46:09.299, 98 %, 86 %, 15574 MiB, 2842 MHz, 218.54 W
2026/08/19 16:46:10.300, 98 %, 86 %, 15574 MiB, 2842 MHz, 218.41 W
2026/08/19 16:46:11.301, 98 %, 86 %, 15574 MiB, 2842 MHz, 218.74 W
2026/08/19 16:46:12.303, 98 %, 86 %, 15574 MiB, 2842 MHz, 230.30 W
2026/08/19 16:46:13.304, 98 %, 86 %, 15574 MiB, 2842 MHz, 218.80 W
2026/08/19 16:46:14.305, 98 %, 87 %, 15574 MiB, 2842 MHz, 219.03 W
2026/08/19 16:46:15.306, 97 %, 86 %, 15574 MiB, 2842 MHz, 219.07 W
2026/08/19 16:46:18.708, 98 %, 87 %, 15574 MiB, 2842 MHz, 218.86 W
2026/08/19 16:46:19.709, 98 %, 86 %, 15574 MiB, 2842 MHz, 230.07 W
2026/08/19 16:46:20.710, 98 %, 86 %, 15574 MiB, 2842 MHz, 218.53 W
2026/08/19 16:46:21.712, 98 %, 86 %, 15574 MiB, 2842 MHz, 218.46 W
2026/08/19 16:46:22.713, 98 %, 86 %, 15574 MiB, 2842 MHz, 218.50 W
2026/08/19 16:46:23.714, 98 %, 86 %, 15574 MiB, 2842 MHz, 231.95 W
2026/08/19 16:46:24.716, 98 %, 86 %, 15574 MiB, 2842 MHz, 219.13 W
2026/08/19 16:46:25.717, 98 %, 86 %, 15574 MiB, 2842 MHz, 218.98 W
2026/08/19 16:46:26.718, 98 %, 86 %, 15574 MiB, 2842 MHz, 219.17 W
2026/08/19 16:46:27.719, 98 %, 86 %, 15574 MiB, 2842 MHz, 218.76 W
2026/08/19 16:46:28.720, 98 %, 86 %, 15574 MiB, 2842 MHz, 230.44 W
2026/08/19 16:46:29.721, 98 %, 86 %, 15574 MiB, 2842 MHz, 218.57 W
2026/08/19 16:46:30.722, 98 %, 87 %, 15574 MiB, 2842 MHz, 218.88 W
2026/08/19 16:46:31.724, 98 %, 87 %, 15574 MiB, 2842 MHz, 219.07 W
2026/08/19 16:46:32.725, 98 %, 86 %, 15574 MiB, 2842 MHz, 230.10 W
2026/08/19 16:46:33.726, 98 %, 86 %, 15574 MiB, 2842 MHz, 218.67 W
2026/08/19 16:46:34.727, 98 %, 86 %, 15574 MiB, 2842 MHz, 218.79 W
2026/08/19 16:46:35.728, 98 %, 86 %, 15574 MiB, 2842 MHz, 218.75 W
2026/08/19 16:46:36.730, 98 %, 86 %, 15574 MiB, 2842 MHz, 230.14 W
2026/08/19 16:46:37.731, 98 %, 86 %, 15574 MiB, 2842 MHz, 219.09 W
2026/08/19 16:46:38.732, 98 %, 86 %, 15574 MiB, 2842 MHz, 219.17 W
2026/08/19 16:46:39.733, 98 %, 86 %, 15574 MiB, 2842 MHz, 219.35 W
2026/08/19 16:46:40.734, 97 %, 54 %, 15574 MiB, 2842 MHz, 232.34 W
2026/08/19 16:46:41.736, 98 %, 86 %, 15574 MiB, 2842 MHz, 219.15 W
2026/08/19 16:46:42.737, 97 %, 86 %, 15574 MiB, 2842 MHz, 219.52 W
2026/08/19 16:46:43.738, 98 %, 87 %, 15574 MiB, 2842 MHz, 219.61 W
2026/08/19 16:46:44.740, 98 %, 87 %, 15574 MiB, 2842 MHz, 219.65 W
2026/08/19 16:46:45.741, 98 %, 85 %, 15574 MiB, 2842 MHz, 231.18 W
2026/08/19 16:46:46.742, 98 %, 87 %, 15574 MiB, 2842 MHz, 219.40 W
2026/08/19 16:46:47.743, 98 %, 87 %, 15574 MiB, 2842 MHz, 219.46 W
2026/08/19 16:46:48.745, 98 %, 87 %, 15574 MiB, 2842 MHz, 219.42 W
2026/08/19 16:46:49.746, 98 %, 72 %, 15574 MiB, 2835 MHz, 232.10 W
2026/08/19 16:46:53.229, 98 %, 86 %, 15574 MiB, 2842 MHz, 218.65 W
2026/08/19 16:46:54.231, 98 %, 86 %, 15574 MiB, 2842 MHz, 218.74 W
2026/08/19 16:46:55.232, 98 %, 86 %, 15574 MiB, 2842 MHz, 218.98 W
2026/08/19 16:46:56.233, 98 %, 86 %, 15574 MiB, 2842 MHz, 219.01 W
2026/08/19 16:46:57.235, 98 %, 86 %, 15574 MiB, 2842 MHz, 231.95 W
2026/08/19 16:46:58.236, 98 %, 86 %, 15574 MiB, 2842 MHz, 218.62 W
2026/08/19 16:46:59.237, 98 %, 86 %, 15574 MiB, 2842 MHz, 219.13 W
2026/08/19 16:47:00.238, 98 %, 86 %, 15574 MiB, 2842 MHz, 219.07 W
2026/08/19 16:47:01.239, 98 %, 59 %, 15574 MiB, 2842 MHz, 231.90 W
2026/08/19 16:47:02.241, 98 %, 87 %, 15574 MiB, 2842 MHz, 218.65 W
2026/08/19 16:47:03.242, 98 %, 86 %, 15574 MiB, 2842 MHz, 218.28 W
2026/08/19 16:47:04.243, 98 %, 86 %, 15574 MiB, 2842 MHz, 218.67 W
2026/08/19 16:47:05.244, 98 %, 86 %, 15574 MiB, 2842 MHz, 219.23 W
2026/08/19 16:47:06.245, 98 %, 86 %, 15574 MiB, 2842 MHz, 231.68 W
2026/08/19 16:47:07.247, 98 %, 87 %, 15574 MiB, 2842 MHz, 218.18 W
2026/08/19 16:47:08.248, 98 %, 86 %, 15574 MiB, 2842 MHz, 218.90 W
2026/08/19 16:47:09.249, 98 %, 87 %, 15574 MiB, 2842 MHz, 219.07 W
2026/08/19 16:47:10.250, 98 %, 86 %, 15574 MiB, 2835 MHz, 231.55 W
2026/08/19 16:47:11.252, 98 %, 86 %, 15574 MiB, 2842 MHz, 218.24 W
2026/08/19 16:47:12.253, 98 %, 86 %, 15574 MiB, 2842 MHz, 218.20 W
2026/08/19 16:47:13.254, 98 %, 86 %, 15574 MiB, 2842 MHz, 218.70 W
2026/08/19 16:47:14.256, 98 %, 60 %, 15574 MiB, 2842 MHz, 230.24 W
2026/08/19 16:47:15.257, 98 %, 86 %, 15574 MiB, 2842 MHz, 218.69 W
2026/08/19 16:47:16.258, 98 %, 87 %, 15574 MiB, 2842 MHz, 218.49 W
2026/08/19 16:47:17.259, 98 %, 86 %, 15574 MiB, 2842 MHz, 218.71 W
2026/08/19 16:47:18.261, 98 %, 86 %, 15574 MiB, 2842 MHz, 219.18 W
2026/08/19 16:47:19.262, 98 %, 86 %, 15574 MiB, 2842 MHz, 230.47 W
2026/08/19 16:47:20.264, 97 %, 86 %, 15574 MiB, 2842 MHz, 218.71 W
2026/08/19 16:47:21.265, 98 %, 86 %, 15574 MiB, 2842 MHz, 218.57 W
2026/08/19 16:47:22.266, 98 %, 86 %, 15574 MiB, 2842 MHz, 219.08 W
2026/08/19 16:47:23.267, 98 %, 86 %, 15574 MiB, 2835 MHz, 230.35 W
2026/08/19 16:47:24.269, 98 %, 86 %, 15574 MiB, 2842 MHz, 218.71 W
2026/08/19 16:47:27.563, 98 %, 86 %, 15574 MiB, 2842 MHz, 218.78 W
2026/08/19 16:47:28.564, 98 %, 86 %, 15574 MiB, 2842 MHz, 218.56 W
2026/08/19 16:47:29.565, 98 %, 86 %, 15574 MiB, 2842 MHz, 218.79 W
2026/08/19 16:47:30.567, 98 %, 86 %, 15574 MiB, 2842 MHz, 230.08 W
2026/08/19 16:47:31.568, 98 %, 86 %, 15574 MiB, 2842 MHz, 218.35 W
2026/08/19 16:47:32.569, 98 %, 86 %, 15574 MiB, 2842 MHz, 218.75 W
2026/08/19 16:47:33.572, 98 %, 86 %, 15574 MiB, 2842 MHz, 218.19 W
2026/08/19 16:47:34.573, 98 %, 86 %, 15574 MiB, 2835 MHz, 231.62 W
2026/08/19 16:47:35.575, 98 %, 86 %, 15574 MiB, 2842 MHz, 218.62 W
2026/08/19 16:47:36.576, 98 %, 87 %, 15574 MiB, 2842 MHz, 219.06 W
2026/08/19 16:47:37.578, 98 %, 86 %, 15574 MiB, 2842 MHz, 219.02 W
2026/08/19 16:47:38.579, 98 %, 87 %, 15574 MiB, 2842 MHz, 225.82 W
2026/08/19 16:47:39.580, 98 %, 86 %, 15574 MiB, 2842 MHz, 225.98 W
2026/08/19 16:47:40.581, 98 %, 86 %, 15574 MiB, 2842 MHz, 219.09 W
2026/08/19 16:47:41.582, 98 %, 86 %, 15574 MiB, 2842 MHz, 219.16 W
2026/08/19 16:47:42.584, 98 %, 86 %, 15574 MiB, 2842 MHz, 219.23 W
2026/08/19 16:47:43.585, 98 %, 86 %, 15574 MiB, 2835 MHz, 232.18 W
2026/08/19 16:47:44.586, 98 %, 86 %, 15574 MiB, 2842 MHz, 218.91 W
2026/08/19 16:47:45.587, 98 %, 86 %, 15574 MiB, 2842 MHz, 219.06 W
2026/08/19 16:47:46.588, 97 %, 86 %, 15574 MiB, 2842 MHz, 218.53 W
2026/08/19 16:47:47.589, 98 %, 86 %, 15574 MiB, 2842 MHz, 232.32 W
2026/08/19 16:47:48.590, 98 %, 86 %, 15574 MiB, 2842 MHz, 218.70 W
2026/08/19 16:47:49.591, 98 %, 86 %, 15574 MiB, 2842 MHz, 218.87 W
2026/08/19 16:47:50.592, 98 %, 86 %, 15574 MiB, 2842 MHz, 219.17 W
2026/08/19 16:47:51.593, 96 %, 84 %, 15574 MiB, 2842 MHz, 228.35 W
2026/08/19 16:47:52.594, 98 %, 86 %, 15574 MiB, 2842 MHz, 219.20 W
2026/08/19 16:47:53.595, 98 %, 87 %, 15574 MiB, 2842 MHz, 219.24 W
2026/08/19 16:47:54.596, 98 %, 87 %, 15574 MiB, 2842 MHz, 219.04 W
2026/08/19 16:47:55.597, 98 %, 87 %, 15574 MiB, 2842 MHz, 219.57 W
2026/08/19 16:47:56.598, 98 %, 87 %, 15574 MiB, 2842 MHz, 232.05 W
2026/08/19 16:47:57.599, 98 %, 87 %, 15574 MiB, 2842 MHz, 219.13 W
2026/08/19 16:47:58.600, 98 %, 86 %, 15574 MiB, 2842 MHz, 219.49 W
2026/08/19 16:48:01.881, 98 %, 86 %, 15574 MiB, 2842 MHz, 219.63 W
2026/08/19 16:48:02.882, 97 %, 51 %, 15574 MiB, 2842 MHz, 232.09 W
2026/08/19 16:48:03.884, 98 %, 86 %, 15574 MiB, 2842 MHz, 219.42 W
2026/08/19 16:48:04.885, 98 %, 86 %, 15574 MiB, 2842 MHz, 219.30 W
2026/08/19 16:48:05.886, 98 %, 87 %, 15574 MiB, 2842 MHz, 219.47 W
2026/08/19 16:48:06.887, 98 %, 87 %, 15574 MiB, 2842 MHz, 219.47 W
2026/08/19 16:48:07.889, 98 %, 86 %, 15574 MiB, 2835 MHz, 231.83 W
2026/08/19 16:48:08.891, 98 %, 86 %, 15574 MiB, 2842 MHz, 218.84 W
2026/08/19 16:48:09.892, 98 %, 87 %, 15574 MiB, 2842 MHz, 218.82 W
2026/08/19 16:48:10.893, 98 %, 87 %, 15574 MiB, 2842 MHz, 219.31 W
2026/08/19 16:48:11.893, 98 %, 86 %, 15574 MiB, 2842 MHz, 232.42 W
2026/08/19 16:48:12.895, 98 %, 86 %, 15574 MiB, 2842 MHz, 218.81 W
2026/08/19 16:48:13.896, 98 %, 86 %, 15574 MiB, 2842 MHz, 219.04 W
2026/08/19 16:48:14.897, 98 %, 86 %, 15574 MiB, 2842 MHz, 219.01 W
2026/08/19 16:48:15.898, 98 %, 87 %, 15574 MiB, 2842 MHz, 219.08 W
2026/08/19 16:48:16.899, 98 %, 85 %, 15574 MiB, 2842 MHz, 230.74 W
2026/08/19 16:48:17.900, 98 %, 86 %, 15574 MiB, 2842 MHz, 219.64 W
2026/08/19 16:48:18.901, 98 %, 87 %, 15574 MiB, 2842 MHz, 219.76 W
2026/08/19 16:48:19.903, 98 %, 87 %, 15574 MiB, 2842 MHz, 219.86 W
2026/08/19 16:48:20.904, 98 %, 86 %, 15574 MiB, 2842 MHz, 231.52 W
2026/08/19 16:48:21.905, 98 %, 86 %, 15574 MiB, 2842 MHz, 219.42 W
2026/08/19 16:48:22.906, 98 %, 87 %, 15574 MiB, 2842 MHz, 219.96 W
2026/08/19 16:48:23.907, 98 %, 87 %, 15574 MiB, 2842 MHz, 219.98 W
2026/08/19 16:48:24.908, 98 %, 86 %, 15574 MiB, 2835 MHz, 231.37 W
2026/08/19 16:48:25.909, 98 %, 86 %, 15574 MiB, 2842 MHz, 219.49 W
2026/08/19 16:48:26.910, 98 %, 86 %, 15574 MiB, 2842 MHz, 218.92 W
2026/08/19 16:48:27.912, 98 %, 86 %, 15574 MiB, 2842 MHz, 219.49 W
2026/08/19 16:48:28.913, 98 %, 87 %, 15574 MiB, 2842 MHz, 219.71 W
2026/08/19 16:48:29.914, 98 %, 86 %, 15574 MiB, 2842 MHz, 230.87 W
2026/08/19 16:48:30.916, 98 %, 86 %, 15574 MiB, 2842 MHz, 218.79 W
2026/08/19 16:48:31.917, 98 %, 87 %, 15574 MiB, 2842 MHz, 219.15 W
2026/08/19 16:48:32.918, 98 %, 87 %, 15574 MiB, 2842 MHz, 219.65 W
2026/08/19 16:48:36.252, 98 %, 86 %, 15574 MiB, 2835 MHz, 231.18 W
2026/08/19 16:48:37.253, 98 %, 86 %, 15574 MiB, 2842 MHz, 219.60 W
2026/08/19 16:48:38.254, 98 %, 87 %, 15574 MiB, 2842 MHz, 219.12 W
2026/08/19 16:48:39.255, 98 %, 87 %, 15574 MiB, 2842 MHz, 219.77 W
2026/08/19 16:48:40.257, 98 %, 87 %, 15574 MiB, 2842 MHz, 219.84 W
2026/08/19 16:48:41.258, 98 %, 86 %, 15574 MiB, 2842 MHz, 231.54 W
2026/08/19 16:48:42.259, 98 %, 87 %, 15574 MiB, 2842 MHz, 219.61 W
2026/08/19 16:48:43.260, 98 %, 86 %, 15574 MiB, 2842 MHz, 219.37 W
2026/08/19 16:48:44.261, 98 %, 87 %, 15574 MiB, 2842 MHz, 219.95 W
2026/08/19 16:48:45.262, 98 %, 86 %, 15574 MiB, 2835 MHz, 233.05 W
2026/08/19 16:48:46.263, 98 %, 87 %, 15574 MiB, 2842 MHz, 219.56 W
2026/08/19 16:48:47.264, 97 %, 86 %, 15574 MiB, 2842 MHz, 219.33 W
2026/08/19 16:48:48.265, 98 %, 87 %, 15574 MiB, 2842 MHz, 219.92 W
2026/08/19 16:48:49.266, 97 %, 52 %, 15574 MiB, 2835 MHz, 231.64 W
2026/08/19 16:48:50.267, 98 %, 86 %, 15574 MiB, 2842 MHz, 219.45 W
2026/08/19 16:48:51.268, 98 %, 86 %, 15574 MiB, 2842 MHz, 219.60 W
2026/08/19 16:48:52.269, 98 %, 86 %, 15574 MiB, 2842 MHz, 219.23 W
2026/08/19 16:48:53.270, 97 %, 74 %, 15574 MiB, 2842 MHz, 222.47 W
2026/08/19 16:48:54.271, 98 %, 86 %, 15574 MiB, 2842 MHz, 229.37 W
2026/08/19 16:48:55.272, 98 %, 87 %, 15574 MiB, 2842 MHz, 220.06 W
2026/08/19 16:48:56.273, 97 %, 85 %, 15574 MiB, 2842 MHz, 219.88 W
2026/08/19 16:48:57.275, 98 %, 87 %, 15574 MiB, 2842 MHz, 220.38 W
2026/08/19 16:48:58.276, 98 %, 86 %, 15574 MiB, 2835 MHz, 231.57 W
2026/08/19 16:48:59.277, 98 %, 86 %, 15574 MiB, 2842 MHz, 220.09 W
2026/08/19 16:49:00.278, 98 %, 87 %, 15574 MiB, 2842 MHz, 219.71 W
2026/08/19 16:49:01.279, 98 %, 86 %, 15574 MiB, 2842 MHz, 219.85 W
2026/08/19 16:49:02.280, 98 %, 54 %, 15574 MiB, 2842 MHz, 233.10 W
2026/08/19 16:49:03.282, 98 %, 86 %, 15574 MiB, 2842 MHz, 219.66 W
2026/08/19 16:49:04.283, 98 %, 87 %, 15574 MiB, 2842 MHz, 219.71 W
2026/08/19 16:49:05.284, 98 %, 87 %, 15574 MiB, 2842 MHz, 220.09 W
2026/08/19 16:49:06.285, 98 %, 87 %, 15574 MiB, 2842 MHz, 219.68 W
2026/08/19 16:49:07.287, 98 %, 86 %, 15574 MiB, 2835 MHz, 231.12 W
2026/08/19 16:49:08.288, 98 %, 86 %, 15574 MiB, 2842 MHz, 219.29 W
2026/08/19 16:49:11.699, 98 %, 86 %, 15574 MiB, 2842 MHz, 219.49 W
2026/08/19 16:49:12.701, 98 %, 86 %, 15574 MiB, 2842 MHz, 219.73 W
2026/08/19 16:49:13.702, 97 %, 53 %, 15574 MiB, 2842 MHz, 231.23 W
2026/08/19 16:49:14.703, 98 %, 86 %, 15574 MiB, 2842 MHz, 219.68 W
2026/08/19 16:49:15.704, 98 %, 87 %, 15574 MiB, 2842 MHz, 219.70 W
2026/08/19 16:49:16.705, 98 %, 87 %, 15574 MiB, 2842 MHz, 219.81 W
2026/08/19 16:49:17.707, 97 %, 86 %, 15574 MiB, 2842 MHz, 219.51 W
2026/08/19 16:49:18.708, 98 %, 86 %, 15574 MiB, 2835 MHz, 231.61 W
2026/08/19 16:49:19.709, 98 %, 87 %, 15574 MiB, 2842 MHz, 219.43 W
2026/08/19 16:49:20.710, 98 %, 87 %, 15574 MiB, 2842 MHz, 219.57 W
2026/08/19 16:49:21.711, 98 %, 86 %, 15574 MiB, 2842 MHz, 219.87 W
2026/08/19 16:49:22.712, 98 %, 86 %, 15574 MiB, 2835 MHz, 230.90 W
2026/08/19 16:49:23.713, 98 %, 86 %, 15574 MiB, 2842 MHz, 219.78 W
2026/08/19 16:49:24.714, 98 %, 86 %, 15574 MiB, 2842 MHz, 219.70 W
2026/08/19 16:49:25.715, 98 %, 87 %, 15574 MiB, 2842 MHz, 219.86 W
2026/08/19 16:49:26.716, 97 %, 56 %, 15574 MiB, 2842 MHz, 232.69 W
2026/08/19 16:49:27.717, 98 %, 87 %, 15574 MiB, 2842 MHz, 219.95 W
2026/08/19 16:49:28.718, 98 %, 86 %, 15574 MiB, 2842 MHz, 219.60 W
2026/08/19 16:49:29.719, 98 %, 87 %, 15574 MiB, 2842 MHz, 220.07 W
2026/08/19 16:49:30.720, 97 %, 59 %, 15574 MiB, 2842 MHz, 228.77 W
2026/08/19 16:49:31.721, 98 %, 86 %, 15574 MiB, 2842 MHz, 219.82 W
2026/08/19 16:49:32.722, 98 %, 87 %, 15574 MiB, 2842 MHz, 219.69 W
2026/08/19 16:49:33.723, 98 %, 86 %, 15574 MiB, 2842 MHz, 219.69 W
2026/08/19 16:49:34.724, 98 %, 87 %, 15574 MiB, 2842 MHz, 219.89 W
2026/08/19 16:49:35.725, 98 %, 86 %, 15574 MiB, 2842 MHz, 232.77 W
2026/08/19 16:49:36.727, 98 %, 86 %, 15574 MiB, 2842 MHz, 219.48 W
2026/08/19 16:49:37.728, 98 %, 86 %, 15574 MiB, 2842 MHz, 219.48 W
2026/08/19 16:49:38.729, 98 %, 87 %, 15574 MiB, 2842 MHz, 219.55 W
2026/08/19 16:49:39.730, 98 %, 68 %, 15574 MiB, 2842 MHz, 232.69 W
2026/08/19 16:49:40.731, 98 %, 87 %, 15574 MiB, 2842 MHz, 219.63 W
2026/08/19 16:49:41.732, 98 %, 87 %, 15574 MiB, 2842 MHz, 219.61 W
2026/08/19 16:49:42.734, 98 %, 87 %, 15574 MiB, 2842 MHz, 219.82 W
2026/08/19 16:49:46.166, 98 %, 87 %, 15574 MiB, 2842 MHz, 219.98 W
2026/08/19 16:49:47.167, 98 %, 86 %, 15574 MiB, 2842 MHz, 232.51 W
2026/08/19 16:49:48.169, 98 %, 87 %, 15574 MiB, 2842 MHz, 219.45 W
2026/08/19 16:49:49.170, 98 %, 87 %, 15574 MiB, 2842 MHz, 219.78 W
2026/08/19 16:49:50.171, 98 %, 86 %, 15574 MiB, 2842 MHz, 219.81 W
2026/08/19 16:49:51.172, 96 %, 79 %, 15574 MiB, 2842 MHz, 230.42 W
2026/08/19 16:49:52.173, 98 %, 86 %, 15574 MiB, 2842 MHz, 220.77 W
2026/08/19 16:49:53.174, 98 %, 87 %, 15574 MiB, 2842 MHz, 219.30 W
2026/08/19 16:49:54.175, 98 %, 87 %, 15574 MiB, 2842 MHz, 220.04 W
2026/08/19 16:49:55.176, 98 %, 87 %, 15574 MiB, 2842 MHz, 220.38 W
2026/08/19 16:49:56.177, 98 %, 86 %, 15574 MiB, 2842 MHz, 233.07 W
2026/08/19 16:49:57.178, 98 %, 86 %, 15574 MiB, 2842 MHz, 219.70 W
2026/08/19 16:49:58.179, 98 %, 86 %, 15574 MiB, 2842 MHz, 219.81 W
2026/08/19 16:49:59.180, 98 %, 87 %, 15574 MiB, 2842 MHz, 220.05 W
2026/08/19 16:50:00.181, 98 %, 86 %, 15574 MiB, 2835 MHz, 232.91 W
2026/08/19 16:50:01.182, 98 %, 87 %, 15574 MiB, 2842 MHz, 219.56 W
2026/08/19 16:50:02.183, 98 %, 86 %, 15574 MiB, 2842 MHz, 219.38 W
2026/08/19 16:50:03.184, 98 %, 87 %, 15574 MiB, 2842 MHz, 219.93 W
2026/08/19 16:50:04.185, 98 %, 71 %, 15574 MiB, 2835 MHz, 231.51 W
2026/08/19 16:50:05.187, 98 %, 87 %, 15574 MiB, 2842 MHz, 219.63 W
2026/08/19 16:50:06.188, 97 %, 85 %, 15574 MiB, 2842 MHz, 219.52 W
2026/08/19 16:50:07.189, 98 %, 87 %, 15574 MiB, 2842 MHz, 219.74 W
2026/08/19 16:50:08.190, 98 %, 87 %, 15574 MiB, 2842 MHz, 219.64 W
2026/08/19 16:50:09.191, 98 %, 86 %, 15574 MiB, 2842 MHz, 230.79 W
2026/08/19 16:50:10.192, 98 %, 86 %, 15574 MiB, 2842 MHz, 218.89 W
2026/08/19 16:50:11.193, 98 %, 86 %, 15574 MiB, 2842 MHz, 218.77 W
2026/08/19 16:50:12.194, 98 %, 86 %, 15574 MiB, 2842 MHz, 219.02 W
2026/08/19 16:50:13.196, 98 %, 86 %, 15574 MiB, 2835 MHz, 230.70 W
2026/08/19 16:50:14.197, 98 %, 87 %, 15574 MiB, 2842 MHz, 219.38 W
2026/08/19 16:50:15.198, 98 %, 87 %, 15574 MiB, 2842 MHz, 219.65 W
2026/08/19 16:50:16.199, 98 %, 87 %, 15574 MiB, 2842 MHz, 219.26 W
2026/08/19 16:50:17.200, 98 %, 87 %, 15574 MiB, 2842 MHz, 219.78 W
2026/08/19 16:50:20.615, 98 %, 86 %, 15574 MiB, 2842 MHz, 232.10 W
2026/08/19 16:50:21.616, 98 %, 86 %, 15574 MiB, 2842 MHz, 219.26 W
2026/08/19 16:50:22.617, 98 %, 87 %, 15574 MiB, 2842 MHz, 219.42 W
2026/08/19 16:50:23.618, 98 %, 87 %, 15574 MiB, 2842 MHz, 219.36 W
2026/08/19 16:50:24.619, 98 %, 86 %, 15574 MiB, 2835 MHz, 231.42 W
2026/08/19 16:50:25.620, 98 %, 86 %, 15574 MiB, 2842 MHz, 219.42 W
2026/08/19 16:50:26.621, 98 %, 86 %, 15574 MiB, 2842 MHz, 219.46 W
2026/08/19 16:50:27.622, 98 %, 87 %, 15574 MiB, 2842 MHz, 219.12 W
2026/08/19 16:50:28.623, 97 %, 69 %, 15574 MiB, 2842 MHz, 232.31 W
2026/08/19 16:50:29.625, 98 %, 87 %, 15574 MiB, 2842 MHz, 219.61 W
2026/08/19 16:50:30.626, 98 %, 87 %, 15574 MiB, 2842 MHz, 219.27 W
2026/08/19 16:50:31.627, 98 %, 86 %, 15574 MiB, 2842 MHz, 219.80 W
2026/08/19 16:50:32.628, 98 %, 86 %, 15574 MiB, 2842 MHz, 219.53 W
2026/08/19 16:50:33.629, 98 %, 86 %, 15574 MiB, 2842 MHz, 232.64 W
2026/08/19 16:50:34.630, 98 %, 86 %, 15574 MiB, 2842 MHz, 219.46 W
2026/08/19 16:50:35.632, 98 %, 86 %, 15574 MiB, 2842 MHz, 219.72 W
2026/08/19 16:50:36.633, 98 %, 87 %, 15574 MiB, 2842 MHz, 219.50 W
2026/08/19 16:50:37.634, 98 %, 86 %, 15574 MiB, 2835 MHz, 231.59 W
2026/08/19 16:50:38.635, 98 %, 87 %, 15574 MiB, 2842 MHz, 219.51 W
2026/08/19 16:50:39.636, 98 %, 87 %, 15574 MiB, 2842 MHz, 219.86 W
2026/08/19 16:50:40.637, 98 %, 87 %, 15574 MiB, 2842 MHz, 220.20 W
2026/08/19 16:50:41.638, 98 %, 83 %, 15574 MiB, 2842 MHz, 232.39 W
2026/08/19 16:50:42.640, 98 %, 86 %, 15574 MiB, 2842 MHz, 219.27 W
2026/08/19 16:50:43.641, 98 %, 86 %, 15574 MiB, 2842 MHz, 219.27 W
2026/08/19 16:50:44.642, 98 %, 87 %, 15574 MiB, 2842 MHz, 219.47 W
2026/08/19 16:50:45.643, 98 %, 87 %, 15574 MiB, 2842 MHz, 219.73 W
2026/08/19 16:50:46.645, 98 %, 86 %, 15574 MiB, 2842 MHz, 232.61 W
2026/08/19 16:50:47.646, 98 %, 86 %, 15574 MiB, 2842 MHz, 219.79 W
2026/08/19 16:50:48.647, 98 %, 87 %, 15574 MiB, 2842 MHz, 219.91 W
2026/08/19 16:50:49.649, 98 %, 87 %, 15574 MiB, 2842 MHz, 219.97 W
2026/08/19 16:50:50.650, 98 %, 85 %, 15574 MiB, 2842 MHz, 231.29 W
2026/08/19 16:50:51.651, 98 %, 86 %, 15574 MiB, 2842 MHz, 219.38 W
2026/08/19 16:50:55.082, 98 %, 86 %, 15574 MiB, 2842 MHz, 219.16 W
2026/08/19 16:50:56.084, 98 %, 86 %, 15574 MiB, 2842 MHz, 219.16 W
2026/08/19 16:50:57.085, 98 %, 83 %, 15615 MiB, 2842 MHz, 217.72 W
2026/08/19 16:50:58.086, 97 %, 83 %, 15615 MiB, 2835 MHz, 227.48 W
2026/08/19 16:50:59.087, 98 %, 85 %, 15615 MiB, 2842 MHz, 216.38 W
2026/08/19 16:51:00.088, 98 %, 86 %, 15615 MiB, 2842 MHz, 219.98 W
2026/08/19 16:51:01.089, 98 %, 87 %, 15614 MiB, 2842 MHz, 220.30 W
2026/08/19 16:51:02.090, 98 %, 87 %, 15613 MiB, 2842 MHz, 232.84 W
2026/08/19 16:51:03.091, 98 %, 85 %, 15605 MiB, 2842 MHz, 217.34 W
2026/08/19 16:51:04.092, 98 %, 84 %, 15609 MiB, 2842 MHz, 215.27 W
2026/08/19 16:51:05.094, 98 %, 87 %, 15605 MiB, 2842 MHz, 219.27 W
2026/08/19 16:51:06.095, 98 %, 87 %, 15605 MiB, 2842 MHz, 217.67 W
2026/08/19 16:51:07.096, 98 %, 87 %, 15605 MiB, 2842 MHz, 230.68 W
2026/08/19 16:51:08.097, 98 %, 87 %, 15605 MiB, 2842 MHz, 219.23 W
2026/08/19 16:51:09.098, 98 %, 87 %, 15605 MiB, 2842 MHz, 219.01 W
2026/08/19 16:51:10.099, 98 %, 85 %, 15605 MiB, 2842 MHz, 217.05 W
2026/08/19 16:51:11.100, 98 %, 86 %, 15605 MiB, 2835 MHz, 229.13 W
2026/08/19 16:51:12.101, 98 %, 86 %, 15605 MiB, 2842 MHz, 219.65 W
2026/08/19 16:51:13.102, 98 %, 87 %, 15605 MiB, 2842 MHz, 218.45 W
2026/08/19 16:51:14.103, 98 %, 86 %, 15605 MiB, 2842 MHz, 219.33 W
2026/08/19 16:51:15.104, 98 %, 86 %, 15592 MiB, 2835 MHz, 231.38 W
2026/08/19 16:51:16.105, 98 %, 86 %, 15592 MiB, 2842 MHz, 219.14 W
2026/08/19 16:51:17.106, 98 %, 85 %, 15592 MiB, 2842 MHz, 218.24 W
2026/08/19 16:51:18.107, 98 %, 85 %, 15592 MiB, 2842 MHz, 218.72 W
2026/08/19 16:51:19.108, 98 %, 85 %, 15595 MiB, 2842 MHz, 217.58 W
2026/08/19 16:51:20.110, 98 %, 85 %, 15618 MiB, 2842 MHz, 229.12 W
2026/08/19 16:51:21.112, 98 %, 85 %, 15687 MiB, 2842 MHz, 217.51 W
2026/08/19 16:51:22.113, 98 %, 87 %, 15668 MiB, 2842 MHz, 218.92 W
2026/08/19 16:51:23.114, 98 %, 87 %, 15668 MiB, 2842 MHz, 219.88 W
2026/08/19 16:51:24.115, 98 %, 86 %, 15667 MiB, 2842 MHz, 232.70 W
2026/08/19 16:51:25.117, 98 %, 84 %, 15679 MiB, 2842 MHz, 217.29 W
2026/08/19 16:51:26.118, 98 %, 86 %, 15675 MiB, 2842 MHz, 217.82 W
2026/08/19 16:51:29.545, 98 %, 86 %, 15666 MiB, 2842 MHz, 218.39 W
2026/08/19 16:51:30.546, 98 %, 86 %, 15671 MiB, 2842 MHz, 219.07 W
2026/08/19 16:51:31.547, 98 %, 86 %, 15668 MiB, 2835 MHz, 230.10 W
2026/08/19 16:51:32.548, 98 %, 86 %, 15670 MiB, 2842 MHz, 217.41 W
2026/08/19 16:51:33.550, 98 %, 86 %, 15684 MiB, 2842 MHz, 216.97 W
2026/08/19 16:51:34.551, 98 %, 86 %, 15684 MiB, 2842 MHz, 218.10 W
2026/08/19 16:51:35.552, 97 %, 52 %, 15660 MiB, 2842 MHz, 232.73 W
2026/08/19 16:51:36.553, 98 %, 86 %, 15660 MiB, 2842 MHz, 219.00 W
2026/08/19 16:51:37.554, 98 %, 87 %, 15660 MiB, 2842 MHz, 219.80 W
2026/08/19 16:51:38.555, 98 %, 86 %, 15660 MiB, 2842 MHz, 219.74 W
2026/08/19 16:51:39.556, 97 %, 80 %, 15660 MiB, 2842 MHz, 221.01 W
2026/08/19 16:51:40.557, 98 %, 86 %, 15660 MiB, 2842 MHz, 220.79 W
2026/08/19 16:51:41.558, 98 %, 86 %, 15660 MiB, 2842 MHz, 219.65 W
2026/08/19 16:51:42.559, 98 %, 83 %, 15673 MiB, 2842 MHz, 217.10 W
2026/08/19 16:51:43.560, 98 %, 84 %, 15676 MiB, 2842 MHz, 216.35 W
2026/08/19 16:51:44.561, 98 %, 85 %, 15674 MiB, 2842 MHz, 230.44 W
2026/08/19 16:51:45.562, 97 %, 84 %, 15691 MiB, 2842 MHz, 217.65 W
2026/08/19 16:51:46.564, 98 %, 86 %, 15691 MiB, 2842 MHz, 219.18 W
2026/08/19 16:51:47.565, 98 %, 87 %, 15691 MiB, 2842 MHz, 219.41 W
2026/08/19 16:51:48.566, 1 %, 0 %, 15702 MiB, 2857 MHz, 150.52 W
2026/08/19 16:51:49.567, 0 %, 0 %, 15702 MiB, 2857 MHz, 67.18 W
2026/08/19 16:51:50.569, 0 %, 0 %, 15702 MiB, 600 MHz, 44.83 W
2026/08/19 16:51:51.570, 0 %, 0 %, 15702 MiB, 375 MHz, 37.56 W
2026/08/19 16:51:52.571, 0 %, 0 %, 15702 MiB, 255 MHz, 37.12 W
2026/08/19 16:51:53.573, 0 %, 0 %, 15691 MiB, 397 MHz, 38.03 W
2026/08/19 16:51:54.574, 4 %, 1 %, 15672 MiB, 330 MHz, 38.97 W
2026/08/19 16:51:55.575, 3 %, 5 %, 15673 MiB, 345 MHz, 35.54 W
2026/08/19 16:51:56.577, 98 %, 85 %, 15684 MiB, 2857 MHz, 173.22 W
2026/08/19 16:51:57.578, 98 %, 86 %, 15669 MiB, 2842 MHz, 215.21 W
2026/08/19 16:51:58.580, 98 %, 85 %, 15668 MiB, 2842 MHz, 216.11 W
2026/08/19 16:51:59.581, 98 %, 85 %, 15666 MiB, 2842 MHz, 216.14 W
2026/08/19 16:52:00.588, 96 %, 81 %, 15670 MiB, 2842 MHz, 215.23 W
2026/08/19 16:52:01.594, 98 %, 84 %, 15662 MiB, 2842 MHz, 212.72 W
2026/08/19 16:52:05.004, 98 %, 84 %, 15657 MiB, 2842 MHz, 215.53 W
2026/08/19 16:52:06.012, 98 %, 85 %, 15656 MiB, 2842 MHz, 215.69 W
2026/08/19 16:52:07.014, 98 %, 85 %, 15654 MiB, 2842 MHz, 216.56 W
2026/08/19 16:52:08.016, 98 %, 83 %, 15655 MiB, 2842 MHz, 235.53 W
2026/08/19 16:52:09.017, 98 %, 84 %, 15651 MiB, 2842 MHz, 250.32 W
2026/08/19 16:52:10.018, 98 %, 83 %, 15645 MiB, 2842 MHz, 249.54 W
2026/08/19 16:52:11.019, 98 %, 83 %, 15645 MiB, 2842 MHz, 249.32 W
2026/08/19 16:52:12.021, 98 %, 85 %, 15642 MiB, 2835 MHz, 239.38 W
2026/08/19 16:52:13.022, 98 %, 85 %, 15642 MiB, 2842 MHz, 216.41 W
2026/08/19 16:52:14.023, 98 %, 85 %, 15642 MiB, 2842 MHz, 216.57 W
2026/08/19 16:52:15.025, 98 %, 86 %, 15642 MiB, 2842 MHz, 217.63 W
2026/08/19 16:52:16.026, 96 %, 68 %, 15642 MiB, 2842 MHz, 229.42 W
2026/08/19 16:52:17.027, 98 %, 85 %, 15631 MiB, 2842 MHz, 218.02 W
2026/08/19 16:52:18.028, 98 %, 85 %, 15631 MiB, 2842 MHz, 216.88 W
2026/08/19 16:52:19.030, 98 %, 86 %, 15632 MiB, 2842 MHz, 217.19 W
2026/08/19 16:52:20.031, 98 %, 85 %, 15632 MiB, 2842 MHz, 218.23 W
2026/08/19 16:52:21.032, 98 %, 85 %, 15632 MiB, 2842 MHz, 230.18 W
2026/08/19 16:52:22.033, 98 %, 85 %, 15632 MiB, 2842 MHz, 218.03 W
2026/08/19 16:52:23.034, 98 %, 86 %, 15632 MiB, 2842 MHz, 217.20 W
2026/08/19 16:52:24.036, 98 %, 86 %, 15632 MiB, 2842 MHz, 218.36 W
2026/08/19 16:52:25.037, 98 %, 85 %, 15632 MiB, 2842 MHz, 229.12 W
2026/08/19 16:52:26.038, 98 %, 85 %, 15632 MiB, 2842 MHz, 218.05 W
2026/08/19 16:52:27.039, 98 %, 85 %, 15632 MiB, 2842 MHz, 217.48 W
2026/08/19 16:52:28.040, 98 %, 86 %, 15632 MiB, 2842 MHz, 218.23 W
2026/08/19 16:52:29.042, 98 %, 86 %, 15632 MiB, 2842 MHz, 221.45 W
2026/08/19 16:52:30.043, 98 %, 86 %, 15632 MiB, 2842 MHz, 226.09 W
2026/08/19 16:52:31.044, 98 %, 85 %, 15632 MiB, 2842 MHz, 217.43 W
2026/08/19 16:52:32.046, 98 %, 86 %, 15632 MiB, 2842 MHz, 218.32 W
2026/08/19 16:52:33.047, 98 %, 85 %, 15634 MiB, 2842 MHz, 217.51 W
2026/08/19 16:52:34.048, 98 %, 85 %, 15637 MiB, 2842 MHz, 229.34 W
2026/08/19 16:52:35.050, 98 %, 85 %, 15637 MiB, 2842 MHz, 217.36 W
2026/08/19 16:52:36.051, 98 %, 86 %, 15637 MiB, 2842 MHz, 218.58 W
2026/08/19 16:52:39.392, 98 %, 85 %, 15637 MiB, 2842 MHz, 217.76 W
2026/08/19 16:52:40.393, 98 %, 86 %, 15637 MiB, 2842 MHz, 218.21 W
2026/08/19 16:52:41.394, 98 %, 85 %, 15635 MiB, 2842 MHz, 229.39 W
2026/08/19 16:52:42.395, 98 %, 86 %, 15635 MiB, 2842 MHz, 217.78 W
2026/08/19 16:52:43.397, 98 %, 85 %, 15635 MiB, 2842 MHz, 218.05 W
2026/08/19 16:52:44.398, 98 %, 86 %, 15634 MiB, 2842 MHz, 217.86 W
2026/08/19 16:52:45.399, 98 %, 85 %, 15633 MiB, 2835 MHz, 231.29 W
2026/08/19 16:52:46.400, 98 %, 85 %, 15634 MiB, 2842 MHz, 217.55 W
2026/08/19 16:52:47.402, 98 %, 85 %, 15635 MiB, 2842 MHz, 217.46 W
2026/08/19 16:52:48.403, 98 %, 85 %, 15635 MiB, 2842 MHz, 217.79 W
2026/08/19 16:52:49.404, 97 %, 61 %, 15635 MiB, 2842 MHz, 226.02 W
2026/08/19 16:52:50.405, 98 %, 85 %, 15635 MiB, 2842 MHz, 223.33 W
2026/08/19 16:52:51.407, 98 %, 86 %, 15635 MiB, 2842 MHz, 218.60 W
2026/08/19 16:52:52.408, 98 %, 86 %, 15634 MiB, 2842 MHz, 217.98 W
2026/08/19 16:52:53.409, 98 %, 86 %, 15634 MiB, 2842 MHz, 219.08 W
2026/08/19 16:52:54.410, 98 %, 85 %, 15634 MiB, 2835 MHz, 229.29 W
2026/08/19 16:52:55.411, 98 %, 86 %, 15634 MiB, 2842 MHz, 218.79 W
2026/08/19 16:52:56.412, 98 %, 85 %, 15634 MiB, 2842 MHz, 217.95 W
2026/08/19 16:52:57.413, 98 %, 86 %, 15634 MiB, 2842 MHz, 218.97 W
2026/08/19 16:52:58.414, 98 %, 85 %, 15634 MiB, 2842 MHz, 230.99 W
2026/08/19 16:52:59.416, 98 %, 86 %, 15634 MiB, 2842 MHz, 218.29 W
2026/08/19 16:53:00.417, 98 %, 85 %, 15634 MiB, 2842 MHz, 217.75 W
2026/08/19 16:53:01.418, 98 %, 86 %, 15634 MiB, 2842 MHz, 218.29 W
2026/08/19 16:53:02.419, 98 %, 85 %, 15634 MiB, 2842 MHz, 218.32 W
2026/08/19 16:53:03.420, 98 %, 86 %, 15634 MiB, 2842 MHz, 230.15 W
2026/08/19 16:53:04.421, 98 %, 85 %, 15634 MiB, 2842 MHz, 218.31 W
2026/08/19 16:53:05.422, 98 %, 86 %, 15634 MiB, 2842 MHz, 218.59 W
2026/08/19 16:53:06.423, 98 %, 85 %, 15634 MiB, 2842 MHz, 218.66 W
2026/08/19 16:53:07.424, 98 %, 85 %, 15634 MiB, 2842 MHz, 229.63 W
2026/08/19 16:53:08.426, 98 %, 86 %, 15634 MiB, 2842 MHz, 218.80 W
2026/08/19 16:53:09.427, 98 %, 85 %, 15634 MiB, 2842 MHz, 218.19 W
2026/08/19 16:53:10.428, 98 %, 86 %, 15634 MiB, 2842 MHz, 218.98 W
2026/08/19 16:53:13.766, 98 %, 85 %, 15634 MiB, 2842 MHz, 218.65 W
2026/08/19 16:53:14.767, 98 %, 86 %, 15634 MiB, 2842 MHz, 231.00 W
2026/08/19 16:53:15.769, 98 %, 85 %, 15634 MiB, 2842 MHz, 218.63 W
2026/08/19 16:53:16.770, 98 %, 85 %, 15634 MiB, 2842 MHz, 218.34 W
2026/08/19 16:53:17.771, 98 %, 85 %, 15634 MiB, 2842 MHz, 219.40 W
2026/08/19 16:53:18.772, 98 %, 79 %, 15634 MiB, 2842 MHz, 231.17 W
2026/08/19 16:53:19.773, 98 %, 85 %, 15634 MiB, 2842 MHz, 218.89 W
2026/08/19 16:53:20.774, 98 %, 85 %, 15634 MiB, 2842 MHz, 217.96 W
2026/08/19 16:53:21.775, 98 %, 85 %, 15634 MiB, 2842 MHz, 218.02 W
2026/08/19 16:53:22.777, 98 %, 85 %, 15636 MiB, 2842 MHz, 219.42 W
2026/08/19 16:53:23.778, 98 %, 86 %, 15639 MiB, 2842 MHz, 219.98 W
2026/08/19 16:53:24.779, 98 %, 85 %, 15639 MiB, 2842 MHz, 218.07 W
2026/08/19 16:53:25.780, 98 %, 85 %, 15648 MiB, 2842 MHz, 218.32 W
2026/08/19 16:53:26.781, 98 %, 85 %, 15652 MiB, 2842 MHz, 218.54 W
2026/08/19 16:53:27.782, 98 %, 85 %, 15656 MiB, 2842 MHz, 231.36 W
2026/08/19 16:53:28.783, 98 %, 85 %, 15655 MiB, 2842 MHz, 218.26 W
2026/08/19 16:53:29.784, 98 %, 85 %, 15653 MiB, 2842 MHz, 217.94 W
2026/08/19 16:53:30.785, 98 %, 85 %, 15648 MiB, 2842 MHz, 218.05 W
2026/08/19 16:53:31.786, 98 %, 86 %, 15645 MiB, 2835 MHz, 231.43 W
2026/08/19 16:53:32.787, 98 %, 86 %, 15641 MiB, 2842 MHz, 219.51 W
2026/08/19 16:53:33.788, 98 %, 86 %, 15641 MiB, 2842 MHz, 220.03 W
2026/08/19 16:53:34.789, 98 %, 86 %, 15643 MiB, 2842 MHz, 219.93 W
2026/08/19 16:53:35.790, 96 %, 83 %, 15646 MiB, 2842 MHz, 229.70 W
2026/08/19 16:53:36.791, 98 %, 85 %, 15646 MiB, 2842 MHz, 230.87 W
2026/08/19 16:53:37.792, 98 %, 86 %, 15646 MiB, 2842 MHz, 220.14 W
2026/08/19 16:53:38.794, 98 %, 86 %, 15645 MiB, 2842 MHz, 219.96 W
2026/08/19 16:53:39.796, 98 %, 86 %, 15645 MiB, 2842 MHz, 220.44 W
2026/08/19 16:53:40.797, 98 %, 86 %, 15644 MiB, 2835 MHz, 232.21 W
2026/08/19 16:53:41.799, 98 %, 86 %, 15643 MiB, 2842 MHz, 220.15 W
2026/08/19 16:53:42.800, 98 %, 87 %, 15642 MiB, 2842 MHz, 220.24 W
2026/08/19 16:53:43.813, 98 %, 86 %, 15635 MiB, 2842 MHz, 220.26 W
2026/08/19 16:53:44.826, 98 %, 87 %, 15626 MiB, 2842 MHz, 220.72 W
2026/08/19 16:53:48.120, 98 %, 86 %, 15626 MiB, 2842 MHz, 233.49 W
2026/08/19 16:53:49.121, 98 %, 86 %, 15626 MiB, 2842 MHz, 220.31 W
2026/08/19 16:53:50.122, 98 %, 86 %, 15626 MiB, 2842 MHz, 220.44 W
2026/08/19 16:53:51.123, 98 %, 86 %, 15626 MiB, 2842 MHz, 220.09 W
2026/08/19 16:53:52.124, 98 %, 86 %, 15626 MiB, 2827 MHz, 233.46 W
2026/08/19 16:53:53.125, 98 %, 86 %, 15626 MiB, 2842 MHz, 220.25 W
2026/08/19 16:53:54.127, 98 %, 86 %, 15626 MiB, 2842 MHz, 220.36 W
2026/08/19 16:53:55.128, 97 %, 85 %, 15626 MiB, 2842 MHz, 220.32 W
2026/08/19 16:53:56.129, 97 %, 52 %, 15626 MiB, 2842 MHz, 233.53 W
2026/08/19 16:53:57.130, 98 %, 86 %, 15626 MiB, 2842 MHz, 220.26 W
2026/08/19 16:53:58.132, 98 %, 86 %, 15626 MiB, 2842 MHz, 220.19 W
2026/08/19 16:53:59.133, 98 %, 86 %, 15626 MiB, 2842 MHz, 220.17 W
2026/08/19 16:54:00.135, 98 %, 86 %, 15626 MiB, 2842 MHz, 219.83 W
2026/08/19 16:54:01.136, 98 %, 86 %, 15626 MiB, 2842 MHz, 231.04 W
2026/08/19 16:54:02.137, 98 %, 86 %, 15626 MiB, 2842 MHz, 220.08 W
2026/08/19 16:54:03.138, 98 %, 86 %, 15626 MiB, 2842 MHz, 219.96 W
2026/08/19 16:54:04.140, 97 %, 85 %, 15626 MiB, 2842 MHz, 219.81 W
2026/08/19 16:54:05.141, 98 %, 86 %, 15626 MiB, 2842 MHz, 233.01 W
2026/08/19 16:54:06.142, 98 %, 86 %, 15626 MiB, 2842 MHz, 220.31 W
2026/08/19 16:54:07.143, 98 %, 86 %, 15626 MiB, 2842 MHz, 220.17 W
2026/08/19 16:54:08.144, 98 %, 86 %, 15626 MiB, 2842 MHz, 220.39 W
2026/08/19 16:54:09.145, 98 %, 86 %, 15626 MiB, 2842 MHz, 232.97 W
2026/08/19 16:54:10.147, 98 %, 86 %, 15626 MiB, 2842 MHz, 220.12 W
2026/08/19 16:54:11.148, 98 %, 86 %, 15626 MiB, 2842 MHz, 220.12 W
2026/08/19 16:54:12.149, 98 %, 87 %, 15626 MiB, 2842 MHz, 219.95 W
2026/08/19 16:54:13.150, 98 %, 86 %, 15626 MiB, 2842 MHz, 220.30 W
2026/08/19 16:54:14.152, 98 %, 86 %, 15626 MiB, 2842 MHz, 232.79 W
2026/08/19 16:54:15.153, 98 %, 86 %, 15626 MiB, 2842 MHz, 219.73 W
2026/08/19 16:54:16.154, 98 %, 86 %, 15626 MiB, 2842 MHz, 220.11 W
2026/08/19 16:54:17.155, 98 %, 87 %, 15626 MiB, 2842 MHz, 220.06 W
2026/08/19 16:54:18.156, 98 %, 86 %, 15626 MiB, 2842 MHz, 231.77 W
2026/08/19 16:54:19.157, 98 %, 86 %, 15626 MiB, 2842 MHz, 219.59 W
2026/08/19 16:54:22.630, 98 %, 86 %, 15626 MiB, 2842 MHz, 219.94 W
2026/08/19 16:54:23.631, 98 %, 86 %, 15626 MiB, 2842 MHz, 219.96 W
2026/08/19 16:54:24.632, 98 %, 86 %, 15626 MiB, 2842 MHz, 220.09 W
2026/08/19 16:54:25.633, 97 %, 85 %, 15626 MiB, 2842 MHz, 231.60 W
2026/08/19 16:54:26.634, 98 %, 86 %, 15626 MiB, 2842 MHz, 220.04 W
2026/08/19 16:54:27.635, 98 %, 86 %, 15626 MiB, 2842 MHz, 219.92 W
2026/08/19 16:54:28.636, 98 %, 86 %, 15626 MiB, 2842 MHz, 220.10 W
2026/08/19 16:54:29.638, 98 %, 80 %, 15626 MiB, 2842 MHz, 233.18 W
2026/08/19 16:54:30.639, 98 %, 86 %, 15626 MiB, 2842 MHz, 219.32 W
2026/08/19 16:54:31.641, 98 %, 86 %, 15626 MiB, 2842 MHz, 219.48 W
2026/08/19 16:54:32.642, 98 %, 86 %, 15626 MiB, 2842 MHz, 219.73 W
2026/08/19 16:54:33.643, 98 %, 86 %, 15626 MiB, 2842 MHz, 219.96 W
2026/08/19 16:54:34.644, 98 %, 86 %, 15626 MiB, 2842 MHz, 232.43 W
2026/08/19 16:54:35.645, 98 %, 86 %, 15626 MiB, 2842 MHz, 219.01 W
2026/08/19 16:54:36.646, 98 %, 86 %, 15626 MiB, 2842 MHz, 219.37 W
2026/08/19 16:54:37.648, 98 %, 86 %, 15626 MiB, 2842 MHz, 219.72 W
2026/08/19 16:54:38.649, 98 %, 86 %, 15626 MiB, 2842 MHz, 232.87 W
2026/08/19 16:54:39.651, 98 %, 86 %, 15626 MiB, 2842 MHz, 219.73 W
2026/08/19 16:54:40.652, 98 %, 86 %, 15626 MiB, 2842 MHz, 219.48 W
2026/08/19 16:54:41.653, 98 %, 86 %, 15626 MiB, 2842 MHz, 219.60 W
2026/08/19 16:54:42.655, 98 %, 86 %, 15626 MiB, 2842 MHz, 221.11 W
2026/08/19 16:54:43.656, 98 %, 86 %, 15626 MiB, 2842 MHz, 221.26 W
2026/08/19 16:54:44.657, 97 %, 86 %, 15626 MiB, 2842 MHz, 219.74 W
2026/08/19 16:54:45.659, 98 %, 86 %, 15626 MiB, 2842 MHz, 219.81 W
2026/08/19 16:54:46.660, 98 %, 86 %, 15626 MiB, 2842 MHz, 219.65 W
2026/08/19 16:54:47.661, 98 %, 86 %, 15626 MiB, 2842 MHz, 232.42 W
2026/08/19 16:54:48.663, 98 %, 86 %, 15626 MiB, 2842 MHz, 219.33 W
2026/08/19 16:54:49.664, 98 %, 87 %, 15626 MiB, 2842 MHz, 219.26 W
2026/08/19 16:54:50.665, 98 %, 86 %, 15626 MiB, 2842 MHz, 219.71 W
2026/08/19 16:54:51.666, 97 %, 63 %, 15626 MiB, 2842 MHz, 232.64 W
2026/08/19 16:54:52.668, 98 %, 86 %, 15626 MiB, 2842 MHz, 219.84 W
2026/08/19 16:54:53.669, 98 %, 86 %, 15626 MiB, 2842 MHz, 219.64 W
2026/08/19 16:54:54.670, 98 %, 86 %, 15626 MiB, 2842 MHz, 219.35 W
2026/08/19 16:54:57.655, 98 %, 86 %, 15626 MiB, 2842 MHz, 219.66 W
2026/08/19 16:54:58.656, 98 %, 86 %, 15626 MiB, 2842 MHz, 232.76 W
2026/08/19 16:54:59.658, 98 %, 86 %, 15626 MiB, 2842 MHz, 219.55 W
2026/08/19 16:55:00.659, 97 %, 86 %, 15626 MiB, 2842 MHz, 219.71 W
2026/08/19 16:55:01.661, 98 %, 86 %, 15626 MiB, 2842 MHz, 219.96 W
2026/08/19 16:55:02.662, 98 %, 64 %, 15626 MiB, 2842 MHz, 231.57 W
2026/08/19 16:55:03.663, 98 %, 86 %, 15626 MiB, 2842 MHz, 219.82 W
2026/08/19 16:55:04.664, 98 %, 86 %, 15626 MiB, 2842 MHz, 219.76 W
2026/08/19 16:55:05.665, 98 %, 86 %, 15626 MiB, 2842 MHz, 219.79 W
2026/08/19 16:55:06.666, 98 %, 87 %, 15626 MiB, 2842 MHz, 220.15 W
2026/08/19 16:55:07.667, 98 %, 86 %, 15626 MiB, 2842 MHz, 231.36 W
2026/08/19 16:55:08.668, 98 %, 86 %, 15626 MiB, 2842 MHz, 219.83 W
2026/08/19 16:55:09.669, 98 %, 86 %, 15626 MiB, 2842 MHz, 219.90 W
2026/08/19 16:55:10.670, 98 %, 87 %, 15626 MiB, 2842 MHz, 219.54 W
2026/08/19 16:55:11.672, 98 %, 86 %, 15626 MiB, 2842 MHz, 232.77 W
2026/08/19 16:55:12.673, 98 %, 86 %, 15626 MiB, 2842 MHz, 219.49 W
2026/08/19 16:55:13.675, 98 %, 86 %, 15626 MiB, 2842 MHz, 219.69 W
2026/08/19 16:55:14.676, 98 %, 86 %, 15626 MiB, 2842 MHz, 219.51 W
2026/08/19 16:55:15.677, 97 %, 66 %, 15626 MiB, 2842 MHz, 224.79 W
2026/08/19 16:55:16.678, 98 %, 86 %, 15626 MiB, 2842 MHz, 227.26 W
2026/08/19 16:55:17.679, 98 %, 87 %, 15626 MiB, 2842 MHz, 220.20 W
2026/08/19 16:55:18.680, 98 %, 87 %, 15626 MiB, 2842 MHz, 220.16 W
2026/08/19 16:55:19.681, 98 %, 86 %, 15626 MiB, 2842 MHz, 220.25 W
2026/08/19 16:55:20.682, 98 %, 86 %, 15626 MiB, 2842 MHz, 231.89 W
2026/08/19 16:55:21.683, 98 %, 86 %, 15626 MiB, 2842 MHz, 220.20 W
2026/08/19 16:55:22.684, 98 %, 87 %, 15626 MiB, 2842 MHz, 219.99 W
2026/08/19 16:55:23.685, 98 %, 86 %, 15626 MiB, 2842 MHz, 219.96 W
2026/08/19 16:55:24.686, 98 %, 65 %, 15626 MiB, 2842 MHz, 232.52 W
2026/08/19 16:55:25.687, 98 %, 86 %, 15626 MiB, 2842 MHz, 219.84 W
2026/08/19 16:55:26.688, 98 %, 86 %, 15626 MiB, 2842 MHz, 219.92 W
2026/08/19 16:55:27.689, 98 %, 86 %, 15626 MiB, 2842 MHz, 219.96 W
2026/08/19 16:55:28.691, 98 %, 86 %, 15626 MiB, 2842 MHz, 219.66 W
2026/08/19 16:55:31.818, 98 %, 86 %, 15626 MiB, 2842 MHz, 231.83 W
2026/08/19 16:55:32.819, 98 %, 86 %, 15626 MiB, 2842 MHz, 220.02 W
2026/08/19 16:55:33.820, 98 %, 86 %, 15626 MiB, 2842 MHz, 219.98 W
2026/08/19 16:55:34.821, 98 %, 86 %, 15626 MiB, 2842 MHz, 220.26 W
2026/08/19 16:55:35.822, 98 %, 86 %, 15626 MiB, 2842 MHz, 232.74 W
2026/08/19 16:55:36.824, 98 %, 86 %, 15626 MiB, 2842 MHz, 220.03 W
2026/08/19 16:55:37.825, 98 %, 86 %, 15626 MiB, 2842 MHz, 219.79 W
2026/08/19 16:55:38.826, 98 %, 86 %, 15626 MiB, 2842 MHz, 219.99 W
2026/08/19 16:55:39.828, 98 %, 86 %, 15626 MiB, 2842 MHz, 220.20 W
2026/08/19 16:55:40.829, 98 %, 86 %, 15626 MiB, 2842 MHz, 231.32 W
2026/08/19 16:55:41.830, 98 %, 86 %, 15626 MiB, 2842 MHz, 220.07 W
2026/08/19 16:55:42.831, 98 %, 86 %, 15626 MiB, 2842 MHz, 220.12 W
2026/08/19 16:55:43.832, 98 %, 86 %, 15626 MiB, 2842 MHz, 219.98 W
2026/08/19 16:55:44.833, 98 %, 86 %, 15626 MiB, 2842 MHz, 232.79 W
2026/08/19 16:55:45.834, 98 %, 86 %, 15626 MiB, 2842 MHz, 219.12 W
2026/08/19 16:55:46.836, 98 %, 86 %, 15626 MiB, 2842 MHz, 219.84 W
2026/08/19 16:55:47.837, 98 %, 86 %, 15626 MiB, 2842 MHz, 219.73 W
2026/08/19 16:55:48.838, 97 %, 70 %, 15626 MiB, 2842 MHz, 232.73 W
2026/08/19 16:55:49.839, 98 %, 86 %, 15626 MiB, 2842 MHz, 219.54 W
2026/08/19 16:55:50.840, 98 %, 86 %, 15626 MiB, 2842 MHz, 219.51 W
2026/08/19 16:55:51.842, 98 %, 86 %, 15626 MiB, 2842 MHz, 219.78 W
2026/08/19 16:55:52.843, 98 %, 86 %, 15626 MiB, 2842 MHz, 219.78 W
2026/08/19 16:55:53.844, 98 %, 86 %, 15626 MiB, 2842 MHz, 232.52 W
2026/08/19 16:55:54.845, 98 %, 86 %, 15626 MiB, 2842 MHz, 219.12 W
2026/08/19 16:55:55.846, 98 %, 86 %, 15626 MiB, 2842 MHz, 219.52 W
2026/08/19 16:55:56.847, 98 %, 86 %, 15626 MiB, 2842 MHz, 219.74 W
2026/08/19 16:55:57.848, 98 %, 58 %, 15626 MiB, 2842 MHz, 231.40 W
2026/08/19 16:55:58.850, 98 %, 86 %, 15626 MiB, 2842 MHz, 219.71 W
2026/08/19 16:55:59.851, 98 %, 86 %, 15626 MiB, 2842 MHz, 219.38 W
2026/08/19 16:56:00.852, 98 %, 86 %, 15626 MiB, 2842 MHz, 219.78 W
2026/08/19 16:56:01.853, 98 %, 87 %, 15626 MiB, 2842 MHz, 219.81 W
2026/08/19 16:56:02.854, 98 %, 86 %, 15626 MiB, 2842 MHz, 231.31 W
2026/08/19 16:56:05.987, 98 %, 85 %, 15626 MiB, 2842 MHz, 219.30 W
2026/08/19 16:56:06.988, 98 %, 87 %, 15626 MiB, 2842 MHz, 219.58 W
2026/08/19 16:56:07.989, 98 %, 86 %, 15626 MiB, 2842 MHz, 219.86 W
2026/08/19 16:56:08.991, 98 %, 86 %, 15626 MiB, 2842 MHz, 231.28 W
2026/08/19 16:56:09.993, 98 %, 86 %, 15626 MiB, 2842 MHz, 219.35 W
2026/08/19 16:56:10.994, 98 %, 86 %, 15626 MiB, 2842 MHz, 219.28 W
2026/08/19 16:56:11.995, 98 %, 86 %, 15626 MiB, 2842 MHz, 219.57 W
2026/08/19 16:56:12.996, 96 %, 70 %, 15626 MiB, 2842 MHz, 223.11 W
2026/08/19 16:56:13.997, 98 %, 86 %, 15626 MiB, 2842 MHz, 228.52 W
2026/08/19 16:56:14.998, 98 %, 86 %, 15626 MiB, 2842 MHz, 219.65 W
2026/08/19 16:56:15.999, 98 %, 86 %, 15626 MiB, 2842 MHz, 219.69 W
2026/08/19 16:56:17.000, 98 %, 87 %, 15626 MiB, 2842 MHz, 220.32 W
2026/08/19 16:56:18.002, 98 %, 86 %, 15626 MiB, 2842 MHz, 231.57 W
2026/08/19 16:56:19.003, 98 %, 86 %, 15626 MiB, 2842 MHz, 219.46 W
2026/08/19 16:56:20.004, 97 %, 85 %, 15626 MiB, 2842 MHz, 219.34 W
2026/08/19 16:56:21.005, 98 %, 86 %, 15626 MiB, 2842 MHz, 219.57 W
2026/08/19 16:56:22.006, 98 %, 55 %, 15626 MiB, 2842 MHz, 232.78 W
2026/08/19 16:56:23.008, 98 %, 87 %, 15614 MiB, 2842 MHz, 219.93 W
2026/08/19 16:56:24.008, 98 %, 86 %, 15606 MiB, 2842 MHz, 219.88 W
2026/08/19 16:56:25.010, 98 %, 87 %, 15606 MiB, 2842 MHz, 219.74 W
2026/08/19 16:56:26.011, 98 %, 86 %, 15606 MiB, 2842 MHz, 220.05 W
2026/08/19 16:56:27.011, 98 %, 86 %, 15606 MiB, 2842 MHz, 231.43 W
2026/08/19 16:56:28.012, 98 %, 86 %, 15606 MiB, 2842 MHz, 219.67 W
2026/08/19 16:56:29.014, 98 %, 86 %, 15606 MiB, 2842 MHz, 219.72 W
2026/08/19 16:56:30.015, 98 %, 86 %, 15606 MiB, 2842 MHz, 219.54 W
2026/08/19 16:56:31.016, 98 %, 86 %, 15606 MiB, 2842 MHz, 232.52 W
2026/08/19 16:56:32.017, 98 %, 86 %, 15606 MiB, 2842 MHz, 219.72 W
2026/08/19 16:56:33.018, 98 %, 86 %, 15606 MiB, 2842 MHz, 219.85 W
2026/08/19 16:56:34.019, 97 %, 86 %, 15606 MiB, 2842 MHz, 219.50 W
2026/08/19 16:56:35.020, 98 %, 87 %, 15606 MiB, 2842 MHz, 220.45 W
2026/08/19 16:56:36.021, 98 %, 86 %, 15606 MiB, 2842 MHz, 231.73 W
2026/08/19 16:56:37.022, 98 %, 86 %, 15606 MiB, 2842 MHz, 219.77 W
2026/08/19 16:56:40.161, 98 %, 86 %, 15606 MiB, 2842 MHz, 220.01 W
2026/08/19 16:56:41.162, 98 %, 86 %, 15606 MiB, 2842 MHz, 219.85 W
2026/08/19 16:56:42.163, 98 %, 86 %, 15606 MiB, 2835 MHz, 232.98 W
2026/08/19 16:56:43.165, 98 %, 86 %, 15606 MiB, 2842 MHz, 219.65 W
2026/08/19 16:56:44.166, 98 %, 86 %, 15606 MiB, 2842 MHz, 219.61 W
2026/08/19 16:56:45.167, 98 %, 86 %, 15606 MiB, 2842 MHz, 219.69 W
2026/08/19 16:56:46.168, 97 %, 86 %, 15606 MiB, 2842 MHz, 228.44 W
2026/08/19 16:56:47.169, 98 %, 86 %, 15606 MiB, 2842 MHz, 231.52 W
2026/08/19 16:56:48.171, 98 %, 86 %, 15606 MiB, 2842 MHz, 219.89 W
2026/08/19 16:56:49.172, 98 %, 87 %, 15606 MiB, 2842 MHz, 220.25 W
2026/08/19 16:56:50.173, 98 %, 87 %, 15606 MiB, 2842 MHz, 220.01 W
2026/08/19 16:56:51.174, 98 %, 86 %, 15606 MiB, 2835 MHz, 231.82 W
2026/08/19 16:56:52.175, 98 %, 86 %, 15606 MiB, 2842 MHz, 219.71 W
2026/08/19 16:56:53.177, 98 %, 86 %, 15606 MiB, 2842 MHz, 220.09 W
2026/08/19 16:56:54.178, 98 %, 86 %, 15606 MiB, 2842 MHz, 220.18 W
2026/08/19 16:56:55.179, 97 %, 51 %, 15606 MiB, 2842 MHz, 231.60 W
2026/08/19 16:56:56.180, 98 %, 86 %, 15606 MiB, 2842 MHz, 219.84 W
2026/08/19 16:56:57.181, 98 %, 86 %, 15606 MiB, 2842 MHz, 219.62 W
2026/08/19 16:56:58.183, 98 %, 86 %, 15606 MiB, 2842 MHz, 219.72 W
2026/08/19 16:56:59.184, 98 %, 86 %, 15606 MiB, 2842 MHz, 219.87 W
2026/08/19 16:57:00.185, 98 %, 86 %, 15606 MiB, 2842 MHz, 231.05 W
2026/08/19 16:57:01.186, 98 %, 86 %, 15606 MiB, 2842 MHz, 219.31 W
2026/08/19 16:57:02.187, 98 %, 86 %, 15606 MiB, 2842 MHz, 219.57 W
2026/08/19 16:57:03.188, 98 %, 86 %, 15606 MiB, 2842 MHz, 219.93 W
2026/08/19 16:57:04.190, 98 %, 86 %, 15606 MiB, 2835 MHz, 232.68 W
2026/08/19 16:57:05.191, 98 %, 86 %, 15606 MiB, 2842 MHz, 218.97 W
2026/08/19 16:57:06.193, 98 %, 86 %, 15606 MiB, 2842 MHz, 219.28 W
2026/08/19 16:57:07.194, 98 %, 86 %, 15606 MiB, 2842 MHz, 219.30 W
2026/08/19 16:57:08.196, 98 %, 86 %, 15606 MiB, 2842 MHz, 219.45 W
2026/08/19 16:57:09.197, 98 %, 86 %, 15606 MiB, 2842 MHz, 232.13 W
2026/08/19 16:57:10.198, 98 %, 87 %, 15606 MiB, 2842 MHz, 219.72 W
2026/08/19 16:57:11.200, 98 %, 87 %, 15606 MiB, 2842 MHz, 219.91 W
2026/08/19 16:57:12.201, 98 %, 86 %, 15606 MiB, 2842 MHz, 219.74 W
2026/08/19 16:57:15.344, 98 %, 86 %, 15606 MiB, 2835 MHz, 232.33 W
2026/08/19 16:57:16.345, 98 %, 86 %, 15606 MiB, 2842 MHz, 218.94 W
2026/08/19 16:57:17.346, 98 %, 86 %, 15606 MiB, 2842 MHz, 219.42 W
2026/08/19 16:57:18.347, 98 %, 86 %, 15606 MiB, 2842 MHz, 219.29 W
2026/08/19 16:57:19.348, 96 %, 51 %, 15606 MiB, 2842 MHz, 231.76 W
2026/08/19 16:57:20.349, 98 %, 86 %, 15606 MiB, 2842 MHz, 228.04 W
2026/08/19 16:57:21.350, 98 %, 86 %, 15606 MiB, 2842 MHz, 219.26 W
2026/08/19 16:57:22.351, 98 %, 86 %, 15606 MiB, 2842 MHz, 219.37 W
2026/08/19 16:57:23.352, 98 %, 86 %, 15606 MiB, 2842 MHz, 219.64 W
2026/08/19 16:57:24.354, 98 %, 86 %, 15606 MiB, 2835 MHz, 232.10 W
2026/08/19 16:57:25.355, 98 %, 86 %, 15606 MiB, 2842 MHz, 218.98 W
2026/08/19 16:57:26.356, 98 %, 86 %, 15606 MiB, 2842 MHz, 219.29 W
2026/08/19 16:57:27.357, 98 %, 86 %, 15606 MiB, 2842 MHz, 219.40 W
2026/08/19 16:57:28.359, 98 %, 80 %, 15606 MiB, 2842 MHz, 232.16 W
2026/08/19 16:57:29.360, 98 %, 86 %, 15606 MiB, 2842 MHz, 219.48 W
2026/08/19 16:57:30.361, 98 %, 86 %, 15606 MiB, 2842 MHz, 219.34 W
2026/08/19 16:57:31.362, 98 %, 86 %, 15606 MiB, 2842 MHz, 219.66 W
2026/08/19 16:57:32.363, 98 %, 86 %, 15606 MiB, 2842 MHz, 219.73 W
2026/08/19 16:57:33.364, 98 %, 86 %, 15606 MiB, 2835 MHz, 231.33 W
2026/08/19 16:57:34.366, 98 %, 86 %, 15606 MiB, 2842 MHz, 219.72 W
2026/08/19 16:57:35.367, 98 %, 86 %, 15606 MiB, 2842 MHz, 219.35 W
2026/08/19 16:57:36.368, 98 %, 87 %, 15606 MiB, 2842 MHz, 219.69 W
2026/08/19 16:57:37.369, 98 %, 86 %, 15606 MiB, 2835 MHz, 231.66 W
2026/08/19 16:57:38.370, 98 %, 86 %, 15606 MiB, 2842 MHz, 219.98 W
2026/08/19 16:57:39.371, 98 %, 85 %, 15606 MiB, 2842 MHz, 219.59 W
2026/08/19 16:57:40.373, 98 %, 87 %, 15606 MiB, 2842 MHz, 219.87 W
2026/08/19 16:57:41.374, 98 %, 87 %, 15606 MiB, 2842 MHz, 222.12 W
2026/08/19 16:57:42.375, 98 %, 86 %, 15606 MiB, 2842 MHz, 231.18 W
2026/08/19 16:57:43.377, 98 %, 86 %, 15606 MiB, 2842 MHz, 219.16 W
2026/08/19 16:57:44.378, 98 %, 87 %, 15606 MiB, 2842 MHz, 219.17 W
2026/08/19 16:57:45.379, 98 %, 87 %, 15606 MiB, 2842 MHz, 219.81 W
2026/08/19 16:57:46.380, 98 %, 86 %, 15606 MiB, 2835 MHz, 231.25 W
2026/08/19 16:57:49.527, 98 %, 86 %, 15606 MiB, 2842 MHz, 219.30 W
2026/08/19 16:57:50.529, 98 %, 86 %, 15606 MiB, 2842 MHz, 219.34 W
2026/08/19 16:57:51.530, 98 %, 86 %, 15606 MiB, 2842 MHz, 219.21 W
2026/08/19 16:57:52.531, 97 %, 60 %, 15606 MiB, 2842 MHz, 232.41 W
2026/08/19 16:57:53.532, 98 %, 86 %, 15606 MiB, 2842 MHz, 219.65 W
2026/08/19 16:57:54.534, 98 %, 86 %, 15606 MiB, 2842 MHz, 219.56 W
2026/08/19 16:57:55.535, 97 %, 86 %, 15606 MiB, 2842 MHz, 219.33 W
2026/08/19 16:57:56.536, 98 %, 86 %, 15606 MiB, 2842 MHz, 219.85 W
2026/08/19 16:57:57.538, 98 %, 86 %, 15606 MiB, 2835 MHz, 230.92 W
2026/08/19 16:57:58.539, 98 %, 86 %, 15606 MiB, 2842 MHz, 219.03 W
2026/08/19 16:57:59.540, 98 %, 86 %, 15606 MiB, 2842 MHz, 219.01 W
2026/08/19 16:58:00.542, 98 %, 86 %, 15606 MiB, 2842 MHz, 218.94 W
2026/08/19 16:58:01.543, 98 %, 64 %, 15606 MiB, 2842 MHz, 230.72 W
2026/08/19 16:58:02.544, 98 %, 86 %, 15606 MiB, 2842 MHz, 219.17 W
2026/08/19 16:58:03.546, 98 %, 86 %, 15606 MiB, 2842 MHz, 218.98 W
2026/08/19 16:58:04.547, 98 %, 86 %, 15606 MiB, 2842 MHz, 219.13 W
2026/08/19 16:58:05.548, 98 %, 86 %, 15606 MiB, 2842 MHz, 219.00 W
2026/08/19 16:58:06.549, 98 %, 86 %, 15606 MiB, 2835 MHz, 230.72 W
2026/08/19 16:58:07.550, 98 %, 86 %, 15606 MiB, 2842 MHz, 219.24 W
2026/08/19 16:58:08.551, 98 %, 86 %, 15606 MiB, 2842 MHz, 219.20 W
2026/08/19 16:58:09.552, 98 %, 85 %, 15606 MiB, 2842 MHz, 219.08 W
2026/08/19 16:58:10.553, 98 %, 86 %, 15606 MiB, 2842 MHz, 231.20 W
2026/08/19 16:58:11.554, 98 %, 86 %, 15606 MiB, 2842 MHz, 219.03 W
2026/08/19 16:58:12.555, 98 %, 86 %, 15606 MiB, 2842 MHz, 219.01 W
2026/08/19 16:58:13.557, 98 %, 86 %, 15606 MiB, 2842 MHz, 219.04 W
2026/08/19 16:58:14.558, 97 %, 65 %, 15606 MiB, 2842 MHz, 224.27 W
2026/08/19 16:58:15.559, 98 %, 86 %, 15606 MiB, 2842 MHz, 231.04 W
2026/08/19 16:58:16.560, 98 %, 86 %, 15606 MiB, 2842 MHz, 219.24 W
2026/08/19 16:58:17.561, 98 %, 86 %, 15606 MiB, 2842 MHz, 219.33 W
2026/08/19 16:58:18.563, 98 %, 86 %, 15606 MiB, 2842 MHz, 219.68 W
2026/08/19 16:58:19.565, 98 %, 86 %, 15606 MiB, 2835 MHz, 231.78 W
2026/08/19 16:58:20.566, 98 %, 86 %, 15606 MiB, 2842 MHz, 219.12 W
2026/08/19 16:58:23.716, 98 %, 86 %, 15606 MiB, 2842 MHz, 219.01 W
2026/08/19 16:58:24.717, 98 %, 86 %, 15606 MiB, 2842 MHz, 219.00 W
2026/08/19 16:58:25.719, 98 %, 59 %, 15606 MiB, 2842 MHz, 230.43 W
2026/08/19 16:58:26.720, 98 %, 86 %, 15606 MiB, 2842 MHz, 219.34 W
2026/08/19 16:58:27.721, 98 %, 86 %, 15606 MiB, 2842 MHz, 219.08 W
2026/08/19 16:58:28.722, 98 %, 87 %, 15606 MiB, 2842 MHz, 219.22 W
2026/08/19 16:58:29.723, 98 %, 86 %, 15606 MiB, 2842 MHz, 219.41 W
2026/08/19 16:58:30.724, 98 %, 86 %, 15606 MiB, 2835 MHz, 231.70 W
2026/08/19 16:58:31.726, 98 %, 86 %, 15606 MiB, 2842 MHz, 218.96 W
2026/08/19 16:58:32.727, 98 %, 86 %, 15606 MiB, 2842 MHz, 219.18 W
2026/08/19 16:58:33.728, 98 %, 86 %, 15606 MiB, 2842 MHz, 219.22 W
2026/08/19 16:58:34.729, 98 %, 86 %, 15606 MiB, 2842 MHz, 232.28 W
2026/08/19 16:58:35.730, 98 %, 86 %, 15606 MiB, 2842 MHz, 219.19 W
2026/08/19 16:58:36.731, 98 %, 86 %, 15606 MiB, 2842 MHz, 219.14 W
2026/08/19 16:58:37.732, 98 %, 86 %, 15606 MiB, 2842 MHz, 219.47 W
2026/08/19 16:58:38.734, 98 %, 86 %, 15606 MiB, 2842 MHz, 219.81 W
2026/08/19 16:58:39.735, 98 %, 86 %, 15606 MiB, 2842 MHz, 231.30 W
2026/08/19 16:58:40.736, 98 %, 86 %, 15606 MiB, 2842 MHz, 219.07 W
2026/08/19 16:58:41.737, 98 %, 86 %, 15606 MiB, 2842 MHz, 219.35 W
2026/08/19 16:58:42.738, 98 %, 86 %, 15606 MiB, 2842 MHz, 219.40 W
2026/08/19 16:58:43.739, 98 %, 86 %, 15606 MiB, 2835 MHz, 232.15 W
2026/08/19 16:58:44.741, 98 %, 86 %, 15606 MiB, 2842 MHz, 218.50 W
2026/08/19 16:58:45.742, 98 %, 86 %, 15606 MiB, 2842 MHz, 218.90 W
2026/08/19 16:58:46.743, 98 %, 86 %, 15606 MiB, 2842 MHz, 218.91 W
2026/08/19 16:58:47.744, 96 %, 78 %, 15606 MiB, 2842 MHz, 230.13 W
2026/08/19 16:58:48.745, 98 %, 86 %, 15606 MiB, 2842 MHz, 220.48 W
2026/08/19 16:58:49.747, 98 %, 87 %, 15606 MiB, 2842 MHz, 219.14 W
2026/08/19 16:58:50.748, 98 %, 87 %, 15606 MiB, 2842 MHz, 219.62 W
2026/08/19 16:58:51.749, 98 %, 87 %, 15606 MiB, 2842 MHz, 219.74 W
2026/08/19 16:58:52.750, 98 %, 86 %, 15606 MiB, 2835 MHz, 232.49 W
2026/08/19 16:58:53.751, 98 %, 86 %, 15606 MiB, 2842 MHz, 219.18 W
2026/08/19 16:58:54.752, 98 %, 86 %, 15606 MiB, 2842 MHz, 218.96 W
2026/08/19 16:58:57.907, 98 %, 86 %, 15606 MiB, 2842 MHz, 219.16 W
2026/08/19 16:58:58.908, 97 %, 51 %, 15606 MiB, 2835 MHz, 230.78 W
2026/08/19 16:58:59.909, 98 %, 86 %, 15606 MiB, 2842 MHz, 218.86 W
2026/08/19 16:59:00.910, 98 %, 86 %, 15606 MiB, 2842 MHz, 218.78 W
2026/08/19 16:59:01.911, 98 %, 86 %, 15606 MiB, 2842 MHz, 218.62 W
2026/08/19 16:59:02.912, 98 %, 86 %, 15606 MiB, 2842 MHz, 219.29 W
2026/08/19 16:59:03.913, 98 %, 86 %, 15606 MiB, 2842 MHz, 231.90 W
2026/08/19 16:59:04.914, 98 %, 86 %, 15606 MiB, 2842 MHz, 218.99 W
2026/08/19 16:59:05.916, 98 %, 86 %, 15606 MiB, 2842 MHz, 218.62 W
2026/08/19 16:59:06.917, 98 %, 86 %, 15606 MiB, 2842 MHz, 219.50 W
2026/08/19 16:59:07.918, 98 %, 86 %, 15606 MiB, 2835 MHz, 230.95 W
2026/08/19 16:59:08.919, 98 %, 86 %, 15606 MiB, 2842 MHz, 219.16 W
2026/08/19 16:59:09.920, 98 %, 86 %, 15606 MiB, 2842 MHz, 219.46 W
2026/08/19 16:59:10.921, 98 %, 87 %, 15606 MiB, 2842 MHz, 219.15 W
2026/08/19 16:59:11.922, 96 %, 83 %, 15606 MiB, 2842 MHz, 219.85 W
2026/08/19 16:59:12.923, 98 %, 86 %, 15606 MiB, 2842 MHz, 230.99 W
2026/08/19 16:59:13.924, 98 %, 86 %, 15606 MiB, 2842 MHz, 219.19 W
2026/08/19 16:59:14.925, 98 %, 87 %, 15606 MiB, 2842 MHz, 219.15 W
2026/08/19 16:59:15.926, 98 %, 86 %, 15606 MiB, 2842 MHz, 219.36 W
2026/08/19 16:59:16.927, 98 %, 86 %, 15606 MiB, 2835 MHz, 232.23 W
2026/08/19 16:59:17.928, 98 %, 86 %, 15606 MiB, 2842 MHz, 219.21 W
2026/08/19 16:59:18.929, 98 %, 86 %, 15606 MiB, 2842 MHz, 219.07 W
2026/08/19 16:59:19.930, 98 %, 86 %, 15606 MiB, 2842 MHz, 218.78 W
2026/08/19 16:59:20.931, 97 %, 52 %, 15606 MiB, 2842 MHz, 232.42 W
2026/08/19 16:59:21.933, 98 %, 86 %, 15606 MiB, 2842 MHz, 218.93 W
2026/08/19 16:59:22.934, 98 %, 86 %, 15606 MiB, 2842 MHz, 218.77 W
2026/08/19 16:59:23.934, 98 %, 86 %, 15606 MiB, 2842 MHz, 218.70 W
2026/08/19 16:59:24.936, 98 %, 86 %, 15606 MiB, 2842 MHz, 218.74 W
2026/08/19 16:59:25.937, 98 %, 86 %, 15606 MiB, 2842 MHz, 230.80 W
2026/08/19 16:59:26.938, 98 %, 86 %, 15606 MiB, 2842 MHz, 219.30 W
2026/08/19 16:59:27.939, 98 %, 86 %, 15606 MiB, 2842 MHz, 219.50 W
2026/08/19 16:59:28.940, 98 %, 85 %, 15606 MiB, 2842 MHz, 219.14 W
2026/08/19 16:59:32.070, 98 %, 86 %, 15606 MiB, 2842 MHz, 231.79 W
2026/08/19 16:59:33.071, 98 %, 86 %, 15606 MiB, 2842 MHz, 218.95 W
2026/08/19 16:59:34.072, 98 %, 86 %, 15606 MiB, 2842 MHz, 219.14 W
2026/08/19 16:59:35.073, 98 %, 86 %, 15606 MiB, 2842 MHz, 218.81 W
2026/08/19 16:59:36.074, 98 %, 86 %, 15606 MiB, 2842 MHz, 218.81 W
2026/08/19 16:59:37.075, 98 %, 86 %, 15606 MiB, 2842 MHz, 232.09 W
2026/08/19 16:59:38.076, 98 %, 86 %, 15606 MiB, 2842 MHz, 218.80 W
2026/08/19 16:59:39.077, 98 %, 86 %, 15606 MiB, 2842 MHz, 218.97 W
2026/08/19 16:59:40.078, 98 %, 86 %, 15606 MiB, 2842 MHz, 219.27 W
2026/08/19 16:59:41.079, 98 %, 86 %, 15606 MiB, 2835 MHz, 232.09 W
2026/08/19 16:59:42.081, 98 %, 86 %, 15606 MiB, 2842 MHz, 218.94 W
2026/08/19 16:59:43.082, 98 %, 86 %, 15606 MiB, 2842 MHz, 218.98 W
2026/08/19 16:59:44.083, 98 %, 86 %, 15606 MiB, 2842 MHz, 218.89 W
2026/08/19 16:59:45.085, 98 %, 86 %, 15606 MiB, 2842 MHz, 219.26 W
2026/08/19 16:59:46.086, 98 %, 86 %, 15606 MiB, 2842 MHz, 230.92 W
2026/08/19 16:59:47.087, 98 %, 86 %, 15606 MiB, 2842 MHz, 219.15 W
2026/08/19 16:59:48.089, 98 %, 86 %, 15606 MiB, 2842 MHz, 219.04 W
2026/08/19 16:59:49.090, 98 %, 86 %, 15606 MiB, 2842 MHz, 219.28 W
2026/08/19 16:59:50.091, 98 %, 86 %, 15606 MiB, 2835 MHz, 230.51 W
2026/08/19 16:59:51.093, 98 %, 86 %, 15606 MiB, 2842 MHz, 219.01 W
2026/08/19 16:59:52.094, 98 %, 86 %, 15606 MiB, 2842 MHz, 219.18 W
2026/08/19 16:59:53.095, 98 %, 87 %, 15606 MiB, 2842 MHz, 219.21 W
2026/08/19 16:59:54.096, 97 %, 52 %, 15606 MiB, 2842 MHz, 229.79 W
2026/08/19 16:59:55.097, 98 %, 86 %, 15606 MiB, 2842 MHz, 218.86 W
2026/08/19 16:59:56.098, 98 %, 86 %, 15606 MiB, 2842 MHz, 219.08 W
2026/08/19 16:59:57.099, 98 %, 86 %, 15606 MiB, 2842 MHz, 219.13 W
2026/08/19 16:59:58.100, 98 %, 86 %, 15606 MiB, 2842 MHz, 219.60 W
2026/08/19 16:59:59.102, 97 %, 85 %, 15606 MiB, 2842 MHz, 231.70 W
2026/08/19 17:00:00.103, 98 %, 86 %, 15606 MiB, 2842 MHz, 218.29 W
2026/08/19 17:00:01.104, 98 %, 86 %, 15606 MiB, 2842 MHz, 219.21 W
2026/08/19 17:00:02.105, 98 %, 87 %, 15606 MiB, 2842 MHz, 219.58 W
2026/08/19 17:00:03.106, 98 %, 74 %, 15606 MiB, 2842 MHz, 232.26 W
2026/08/19 17:00:04.107, 98 %, 86 %, 15606 MiB, 2842 MHz, 219.17 W
2026/08/19 17:00:07.179, 98 %, 86 %, 15606 MiB, 2842 MHz, 219.44 W
2026/08/19 17:00:08.180, 98 %, 86 %, 15606 MiB, 2842 MHz, 219.48 W
2026/08/19 17:00:09.181, 98 %, 87 %, 15606 MiB, 2842 MHz, 219.92 W
2026/08/19 17:00:10.182, 98 %, 87 %, 15606 MiB, 2842 MHz, 231.68 W
2026/08/19 17:00:11.183, 98 %, 86 %, 15606 MiB, 2842 MHz, 219.54 W
2026/08/19 17:00:12.184, 98 %, 86 %, 15606 MiB, 2842 MHz, 219.74 W
2026/08/19 17:00:13.185, 98 %, 86 %, 15606 MiB, 2842 MHz, 219.74 W
2026/08/19 17:00:14.187, 98 %, 86 %, 15606 MiB, 2842 MHz, 231.39 W
2026/08/19 17:00:15.188, 98 %, 86 %, 15606 MiB, 2842 MHz, 219.26 W
2026/08/19 17:00:16.189, 98 %, 86 %, 15606 MiB, 2842 MHz, 219.11 W
2026/08/19 17:00:17.190, 98 %, 86 %, 15606 MiB, 2842 MHz, 219.61 W
2026/08/19 17:00:18.192, 98 %, 86 %, 15606 MiB, 2842 MHz, 219.67 W
2026/08/19 17:00:19.193, 98 %, 86 %, 15606 MiB, 2842 MHz, 231.17 W
2026/08/19 17:00:20.194, 97 %, 85 %, 15606 MiB, 2842 MHz, 219.05 W
2026/08/19 17:00:21.195, 98 %, 86 %, 15606 MiB, 2842 MHz, 219.67 W
2026/08/19 17:00:22.196, 98 %, 86 %, 15606 MiB, 2842 MHz, 219.45 W
2026/08/19 17:00:23.198, 98 %, 86 %, 15606 MiB, 2835 MHz, 232.20 W
2026/08/19 17:00:24.199, 98 %, 86 %, 15606 MiB, 2842 MHz, 218.86 W
2026/08/19 17:00:25.200, 98 %, 86 %, 15606 MiB, 2842 MHz, 218.92 W
2026/08/19 17:00:26.201, 98 %, 86 %, 15606 MiB, 2842 MHz, 219.26 W
2026/08/19 17:00:27.203, 97 %, 68 %, 15606 MiB, 2842 MHz, 223.64 W
2026/08/19 17:00:28.204, 98 %, 86 %, 15606 MiB, 2842 MHz, 227.58 W
2026/08/19 17:00:29.205, 98 %, 86 %, 15606 MiB, 2842 MHz, 219.58 W
2026/08/19 17:00:30.207, 98 %, 86 %, 15606 MiB, 2842 MHz, 219.05 W
2026/08/19 17:00:31.208, 98 %, 86 %, 15606 MiB, 2842 MHz, 219.50 W
2026/08/19 17:00:32.209, 98 %, 86 %, 15606 MiB, 2842 MHz, 232.26 W
2026/08/19 17:00:33.210, 98 %, 86 %, 15606 MiB, 2842 MHz, 219.28 W
2026/08/19 17:00:34.212, 98 %, 86 %, 15606 MiB, 2842 MHz, 218.95 W
2026/08/19 17:00:35.213, 98 %, 87 %, 15606 MiB, 2842 MHz, 219.40 W
2026/08/19 17:00:36.214, 98 %, 61 %, 15606 MiB, 2842 MHz, 232.39 W
2026/08/19 17:00:37.215, 98 %, 86 %, 15606 MiB, 2842 MHz, 219.37 W
2026/08/19 17:00:38.217, 98 %, 86 %, 15606 MiB, 2842 MHz, 219.16 W
2026/08/19 17:00:41.239, 98 %, 86 %, 15606 MiB, 2842 MHz, 219.12 W
2026/08/19 17:00:42.240, 98 %, 86 %, 15606 MiB, 2842 MHz, 219.41 W
2026/08/19 17:00:43.242, 98 %, 86 %, 15606 MiB, 2842 MHz, 230.96 W
2026/08/19 17:00:44.243, 98 %, 86 %, 15606 MiB, 2842 MHz, 219.22 W
2026/08/19 17:00:45.244, 98 %, 86 %, 15606 MiB, 2842 MHz, 219.56 W
2026/08/19 17:00:46.245, 98 %, 86 %, 15606 MiB, 2842 MHz, 219.28 W
2026/08/19 17:00:47.246, 98 %, 86 %, 15606 MiB, 2842 MHz, 231.12 W
2026/08/19 17:00:48.248, 98 %, 86 %, 15606 MiB, 2842 MHz, 219.52 W
2026/08/19 17:00:49.249, 98 %, 86 %, 15606 MiB, 2842 MHz, 219.57 W
2026/08/19 17:00:50.250, 98 %, 86 %, 15606 MiB, 2842 MHz, 219.57 W
2026/08/19 17:00:51.251, 98 %, 86 %, 15606 MiB, 2842 MHz, 219.39 W
2026/08/19 17:00:52.253, 98 %, 86 %, 15606 MiB, 2842 MHz, 231.11 W
2026/08/19 17:00:53.254, 98 %, 86 %, 15606 MiB, 2842 MHz, 219.68 W
2026/08/19 17:00:54.255, 98 %, 86 %, 15606 MiB, 2842 MHz, 219.54 W
2026/08/19 17:00:55.257, 97 %, 86 %, 15606 MiB, 2842 MHz, 219.66 W
2026/08/19 17:00:56.258, 98 %, 86 %, 15606 MiB, 2842 MHz, 232.97 W
2026/08/19 17:00:57.259, 98 %, 86 %, 15606 MiB, 2842 MHz, 219.80 W
2026/08/19 17:00:58.260, 98 %, 86 %, 15606 MiB, 2842 MHz, 219.62 W
2026/08/19 17:00:59.262, 98 %, 87 %, 15606 MiB, 2842 MHz, 219.86 W
2026/08/19 17:01:00.263, 97 %, 76 %, 15606 MiB, 2842 MHz, 221.58 W
2026/08/19 17:01:01.264, 98 %, 86 %, 15606 MiB, 2842 MHz, 230.90 W
2026/08/19 17:01:02.265, 98 %, 86 %, 15606 MiB, 2842 MHz, 219.30 W
2026/08/19 17:01:03.266, 98 %, 86 %, 15606 MiB, 2842 MHz, 219.34 W
2026/08/19 17:01:04.268, 98 %, 86 %, 15606 MiB, 2842 MHz, 219.51 W
2026/08/19 17:01:05.269, 98 %, 86 %, 15606 MiB, 2835 MHz, 230.77 W
2026/08/19 17:01:06.270, 98 %, 87 %, 15606 MiB, 2842 MHz, 219.74 W
2026/08/19 17:01:07.271, 98 %, 86 %, 15606 MiB, 2842 MHz, 219.78 W
2026/08/19 17:01:08.272, 98 %, 87 %, 15606 MiB, 2842 MHz, 219.88 W
2026/08/19 17:01:09.273, 96 %, 50 %, 15606 MiB, 2842 MHz, 232.21 W
2026/08/19 17:01:10.274, 98 %, 86 %, 15606 MiB, 2842 MHz, 219.54 W
2026/08/19 17:01:11.275, 98 %, 86 %, 15606 MiB, 2842 MHz, 219.48 W
2026/08/19 17:01:12.276, 98 %, 86 %, 15606 MiB, 2842 MHz, 219.49 W
2026/08/19 17:01:15.549, 98 %, 86 %, 15606 MiB, 2842 MHz, 219.95 W
2026/08/19 17:01:16.550, 98 %, 86 %, 15606 MiB, 2842 MHz, 231.01 W
2026/08/19 17:01:17.551, 98 %, 86 %, 15606 MiB, 2842 MHz, 220.00 W
2026/08/19 17:01:18.552, 98 %, 86 %, 15606 MiB, 2842 MHz, 219.99 W
2026/08/19 17:01:19.554, 98 %, 86 %, 15606 MiB, 2842 MHz, 219.74 W
2026/08/19 17:01:20.555, 98 %, 86 %, 15606 MiB, 2842 MHz, 232.49 W
2026/08/19 17:01:21.556, 98 %, 86 %, 15606 MiB, 2842 MHz, 219.18 W
2026/08/19 17:01:22.557, 98 %, 86 %, 15606 MiB, 2842 MHz, 219.43 W
2026/08/19 17:01:23.558, 98 %, 86 %, 15606 MiB, 2842 MHz, 219.46 W
2026/08/19 17:01:24.559, 97 %, 82 %, 15606 MiB, 2842 MHz, 229.81 W
2026/08/19 17:01:25.560, 98 %, 87 %, 15606 MiB, 2842 MHz, 221.58 W
2026/08/19 17:01:26.561, 98 %, 86 %, 15606 MiB, 2842 MHz, 219.26 W
2026/08/19 17:01:27.562, 98 %, 87 %, 15606 MiB, 2842 MHz, 219.51 W
2026/08/19 17:01:28.563, 98 %, 86 %, 15606 MiB, 2842 MHz, 219.50 W
2026/08/19 17:01:29.565, 98 %, 86 %, 15606 MiB, 2842 MHz, 232.65 W
2026/08/19 17:01:30.566, 98 %, 86 %, 15606 MiB, 2842 MHz, 219.10 W
2026/08/19 17:01:31.567, 98 %, 87 %, 15606 MiB, 2842 MHz, 219.88 W
2026/08/19 17:01:32.568, 98 %, 87 %, 15606 MiB, 2842 MHz, 219.83 W
2026/08/19 17:01:33.570, 98 %, 86 %, 15606 MiB, 2835 MHz, 232.69 W
2026/08/19 17:01:34.570, 98 %, 87 %, 15606 MiB, 2842 MHz, 219.46 W
2026/08/19 17:01:35.571, 98 %, 86 %, 15606 MiB, 2842 MHz, 218.68 W
2026/08/19 17:01:36.573, 98 %, 86 %, 15606 MiB, 2842 MHz, 219.60 W
2026/08/19 17:01:37.574, 98 %, 86 %, 15606 MiB, 2842 MHz, 219.98 W
2026/08/19 17:01:38.575, 98 %, 86 %, 15606 MiB, 2842 MHz, 232.50 W
2026/08/19 17:01:39.576, 98 %, 86 %, 15606 MiB, 2842 MHz, 219.34 W
2026/08/19 17:01:40.577, 98 %, 86 %, 15606 MiB, 2842 MHz, 219.56 W
2026/08/19 17:01:41.578, 98 %, 86 %, 15606 MiB, 2842 MHz, 219.31 W
2026/08/19 17:01:42.579, 98 %, 86 %, 15606 MiB, 2842 MHz, 232.23 W
2026/08/19 17:01:43.580, 98 %, 86 %, 15606 MiB, 2842 MHz, 219.38 W
2026/08/19 17:01:44.581, 98 %, 86 %, 15606 MiB, 2842 MHz, 218.92 W
2026/08/19 17:01:45.582, 98 %, 86 %, 15606 MiB, 2842 MHz, 219.72 W
2026/08/19 17:01:46.583, 96 %, 79 %, 15606 MiB, 2842 MHz, 220.73 W
2026/08/19 17:01:49.792, 98 %, 86 %, 15606 MiB, 2842 MHz, 230.10 W
2026/08/19 17:01:50.793, 98 %, 86 %, 15606 MiB, 2842 MHz, 218.94 W
2026/08/19 17:01:51.794, 98 %, 86 %, 15606 MiB, 2842 MHz, 219.03 W
2026/08/19 17:01:52.795, 98 %, 86 %, 15606 MiB, 2842 MHz, 219.30 W
2026/08/19 17:01:53.796, 98 %, 86 %, 15606 MiB, 2842 MHz, 232.71 W
2026/08/19 17:01:54.797, 98 %, 86 %, 15606 MiB, 2842 MHz, 219.70 W
2026/08/19 17:01:55.799, 98 %, 85 %, 15606 MiB, 2842 MHz, 219.49 W
2026/08/19 17:01:56.800, 98 %, 86 %, 15606 MiB, 2842 MHz, 219.80 W
2026/08/19 17:01:57.801, 97 %, 51 %, 15606 MiB, 2835 MHz, 232.34 W
2026/08/19 17:01:58.802, 98 %, 86 %, 15606 MiB, 2842 MHz, 219.34 W
2026/08/19 17:01:59.803, 98 %, 86 %, 15606 MiB, 2842 MHz, 219.06 W
2026/08/19 17:02:00.805, 98 %, 86 %, 15606 MiB, 2842 MHz, 219.26 W
2026/08/19 17:02:01.806, 98 %, 86 %, 15606 MiB, 2842 MHz, 219.62 W
2026/08/19 17:02:02.807, 98 %, 86 %, 15606 MiB, 2842 MHz, 232.73 W
2026/08/19 17:02:03.808, 98 %, 86 %, 15606 MiB, 2842 MHz, 219.57 W
2026/08/19 17:02:04.809, 98 %, 86 %, 15606 MiB, 2842 MHz, 219.59 W
2026/08/19 17:02:05.810, 98 %, 87 %, 15606 MiB, 2842 MHz, 219.75 W
2026/08/19 17:02:06.812, 98 %, 86 %, 15606 MiB, 2835 MHz, 231.85 W
2026/08/19 17:02:07.813, 98 %, 86 %, 15606 MiB, 2842 MHz, 219.71 W
2026/08/19 17:02:08.814, 98 %, 86 %, 15606 MiB, 2842 MHz, 219.76 W
2026/08/19 17:02:09.816, 97 %, 85 %, 15606 MiB, 2842 MHz, 219.42 W
2026/08/19 17:02:10.817, 97 %, 80 %, 15606 MiB, 2842 MHz, 220.41 W
2026/08/19 17:02:11.819, 98 %, 86 %, 15606 MiB, 2842 MHz, 231.42 W
2026/08/19 17:02:12.820, 98 %, 86 %, 15606 MiB, 2842 MHz, 220.07 W
2026/08/19 17:02:13.821, 98 %, 87 %, 15606 MiB, 2842 MHz, 220.07 W
2026/08/19 17:02:14.822, 98 %, 86 %, 15606 MiB, 2842 MHz, 219.82 W
2026/08/19 17:02:15.824, 98 %, 86 %, 15606 MiB, 2835 MHz, 232.96 W
2026/08/19 17:02:16.825, 98 %, 86 %, 15606 MiB, 2842 MHz, 219.74 W
2026/08/19 17:02:17.826, 98 %, 86 %, 15606 MiB, 2842 MHz, 219.84 W
2026/08/19 17:02:18.827, 98 %, 87 %, 15606 MiB, 2842 MHz, 219.88 W
2026/08/19 17:02:19.828, 97 %, 51 %, 15606 MiB, 2835 MHz, 232.51 W
2026/08/19 17:02:20.830, 98 %, 86 %, 15606 MiB, 2842 MHz, 224.68 W
2026/08/19 17:02:24.000, 98 %, 86 %, 15606 MiB, 2842 MHz, 219.45 W
2026/08/19 17:02:25.001, 98 %, 86 %, 15606 MiB, 2842 MHz, 219.53 W
2026/08/19 17:02:26.003, 98 %, 86 %, 15606 MiB, 2842 MHz, 219.29 W
2026/08/19 17:02:27.004, 98 %, 86 %, 15606 MiB, 2842 MHz, 232.48 W
2026/08/19 17:02:28.005, 98 %, 86 %, 15606 MiB, 2842 MHz, 219.57 W
2026/08/19 17:02:29.007, 98 %, 86 %, 15606 MiB, 2842 MHz, 219.30 W
2026/08/19 17:02:30.008, 98 %, 86 %, 15606 MiB, 2842 MHz, 219.46 W
2026/08/19 17:02:31.009, 98 %, 86 %, 15606 MiB, 2835 MHz, 232.16 W
2026/08/19 17:02:32.011, 98 %, 86 %, 15606 MiB, 2842 MHz, 219.10 W
2026/08/19 17:02:33.012, 98 %, 86 %, 15606 MiB, 2842 MHz, 219.26 W
2026/08/19 17:02:34.013, 98 %, 86 %, 15606 MiB, 2842 MHz, 219.04 W
2026/08/19 17:02:35.014, 98 %, 86 %, 15606 MiB, 2842 MHz, 219.14 W
2026/08/19 17:02:36.016, 98 %, 86 %, 15606 MiB, 2842 MHz, 230.52 W
2026/08/19 17:02:37.017, 98 %, 86 %, 15606 MiB, 2842 MHz, 219.21 W
2026/08/19 17:02:38.018, 98 %, 86 %, 15606 MiB, 2842 MHz, 219.16 W
2026/08/19 17:02:39.019, 98 %, 86 %, 15606 MiB, 2842 MHz, 219.73 W
2026/08/19 17:02:40.020, 97 %, 86 %, 15606 MiB, 2835 MHz, 232.20 W
2026/08/19 17:02:41.022, 98 %, 86 %, 15606 MiB, 2842 MHz, 219.26 W
2026/08/19 17:02:42.023, 98 %, 86 %, 15606 MiB, 2842 MHz, 219.33 W
2026/08/19 17:02:43.024, 98 %, 86 %, 15606 MiB, 2842 MHz, 219.30 W
2026/08/19 17:02:44.025, 98 %, 87 %, 15606 MiB, 2842 MHz, 227.69 W
2026/08/19 17:02:45.026, 98 %, 86 %, 15606 MiB, 2842 MHz, 223.72 W
2026/08/19 17:02:46.028, 98 %, 86 %, 15606 MiB, 2842 MHz, 219.24 W
2026/08/19 17:02:47.029, 98 %, 86 %, 15606 MiB, 2842 MHz, 219.47 W
2026/08/19 17:02:48.031, 98 %, 86 %, 15606 MiB, 2842 MHz, 219.71 W
2026/08/19 17:02:49.032, 98 %, 86 %, 15606 MiB, 2835 MHz, 232.54 W
2026/08/19 17:02:50.033, 98 %, 86 %, 15606 MiB, 2842 MHz, 219.14 W
2026/08/19 17:02:51.034, 98 %, 86 %, 15606 MiB, 2842 MHz, 219.77 W
2026/08/19 17:02:52.036, 98 %, 86 %, 15606 MiB, 2842 MHz, 219.72 W
2026/08/19 17:02:53.037, 97 %, 51 %, 15606 MiB, 2842 MHz, 232.48 W
2026/08/19 17:02:54.038, 98 %, 85 %, 15606 MiB, 2842 MHz, 219.18 W
2026/08/19 17:02:55.040, 98 %, 86 %, 15606 MiB, 2842 MHz, 219.50 W
2026/08/19 17:02:56.041, 98 %, 86 %, 15606 MiB, 2842 MHz, 219.46 W
2026/08/19 17:02:59.217, 98 %, 86 %, 15606 MiB, 2842 MHz, 219.81 W
2026/08/19 17:03:00.219, 98 %, 86 %, 15606 MiB, 2842 MHz, 231.32 W
2026/08/19 17:03:01.220, 98 %, 86 %, 15606 MiB, 2842 MHz, 219.36 W
2026/08/19 17:03:02.221, 98 %, 86 %, 15606 MiB, 2842 MHz, 219.36 W
2026/08/19 17:03:03.222, 98 %, 86 %, 15606 MiB, 2842 MHz, 219.93 W
2026/08/19 17:03:04.223, 98 %, 86 %, 15606 MiB, 2835 MHz, 231.37 W
2026/08/19 17:03:05.225, 98 %, 86 %, 15606 MiB, 2842 MHz, 219.43 W
2026/08/19 17:03:06.226, 98 %, 86 %, 15606 MiB, 2842 MHz, 219.05 W
2026/08/19 17:03:07.227, 98 %, 86 %, 15606 MiB, 2842 MHz, 219.26 W
2026/08/19 17:03:08.228, 98 %, 86 %, 15606 MiB, 2842 MHz, 219.37 W
2026/08/19 17:03:09.230, 98 %, 86 %, 15606 MiB, 2842 MHz, 231.34 W
2026/08/19 17:03:10.231, 98 %, 86 %, 15606 MiB, 2842 MHz, 219.60 W
2026/08/19 17:03:11.232, 98 %, 86 %, 15606 MiB, 2842 MHz, 219.42 W
2026/08/19 17:03:12.233, 98 %, 86 %, 15606 MiB, 2842 MHz, 219.78 W
2026/08/19 17:03:13.235, 98 %, 86 %, 15606 MiB, 2835 MHz, 232.60 W
2026/08/19 17:03:14.236, 98 %, 86 %, 15606 MiB, 2842 MHz, 219.53 W
2026/08/19 17:03:15.237, 98 %, 86 %, 15606 MiB, 2842 MHz, 219.21 W
2026/08/19 17:03:16.238, 98 %, 86 %, 15606 MiB, 2842 MHz, 219.82 W
2026/08/19 17:03:17.239, 97 %, 51 %, 15606 MiB, 2842 MHz, 232.28 W
2026/08/19 17:03:18.241, 98 %, 86 %, 15606 MiB, 2842 MHz, 219.48 W
2026/08/19 17:03:19.242, 98 %, 86 %, 15606 MiB, 2842 MHz, 219.47 W
2026/08/19 17:03:20.243, 98 %, 86 %, 15606 MiB, 2842 MHz, 219.36 W
2026/08/19 17:03:21.244, 98 %, 87 %, 15606 MiB, 2842 MHz, 219.99 W
2026/08/19 17:03:22.245, 98 %, 86 %, 15606 MiB, 2842 MHz, 232.45 W
2026/08/19 17:03:23.247, 98 %, 86 %, 15606 MiB, 2842 MHz, 219.55 W
2026/08/19 17:03:24.248, 98 %, 87 %, 15606 MiB, 2842 MHz, 219.48 W
2026/08/19 17:03:25.249, 98 %, 86 %, 15606 MiB, 2842 MHz, 219.76 W
2026/08/19 17:03:26.250, 98 %, 82 %, 15613 MiB, 2842 MHz, 231.78 W
2026/08/19 17:03:27.252, 98 %, 86 %, 15612 MiB, 2842 MHz, 218.93 W
2026/08/19 17:03:28.253, 98 %, 86 %, 15747 MiB, 2842 MHz, 218.60 W
2026/08/19 17:03:29.254, 98 %, 86 %, 15767 MiB, 2842 MHz, 217.26 W
2026/08/19 17:03:30.255, 98 %, 86 %, 15776 MiB, 2842 MHz, 219.51 W
2026/08/19 17:03:33.438, 98 %, 86 %, 15776 MiB, 2842 MHz, 229.76 W
2026/08/19 17:03:34.439, 98 %, 86 %, 15776 MiB, 2842 MHz, 219.22 W
2026/08/19 17:03:35.440, 98 %, 85 %, 15800 MiB, 2842 MHz, 217.87 W
2026/08/19 17:03:36.441, 98 %, 84 %, 15812 MiB, 2842 MHz, 217.33 W
2026/08/19 17:03:37.442, 98 %, 86 %, 15808 MiB, 2842 MHz, 230.83 W
2026/08/19 17:03:38.443, 98 %, 86 %, 15841 MiB, 2842 MHz, 217.96 W
2026/08/19 17:03:39.444, 98 %, 86 %, 15836 MiB, 2842 MHz, 218.60 W
2026/08/19 17:03:40.445, 98 %, 86 %, 15797 MiB, 2842 MHz, 219.37 W
2026/08/19 17:03:41.447, 98 %, 86 %, 15797 MiB, 2842 MHz, 219.80 W
2026/08/19 17:03:42.448, 98 %, 86 %, 15797 MiB, 2842 MHz, 230.76 W
2026/08/19 17:03:43.449, 98 %, 86 %, 15789 MiB, 2842 MHz, 219.76 W
2026/08/19 17:03:44.450, 98 %, 86 %, 15761 MiB, 2842 MHz, 219.15 W
2026/08/19 17:03:45.451, 98 %, 86 %, 15761 MiB, 2842 MHz, 218.61 W
2026/08/19 17:03:46.452, 98 %, 86 %, 15760 MiB, 2842 MHz, 232.73 W
2026/08/19 17:03:47.453, 98 %, 86 %, 15760 MiB, 2842 MHz, 219.34 W
2026/08/19 17:03:48.454, 98 %, 86 %, 15756 MiB, 2842 MHz, 219.00 W
2026/08/19 17:03:49.455, 98 %, 86 %, 15756 MiB, 2842 MHz, 219.35 W
2026/08/19 17:03:50.456, 97 %, 51 %, 15749 MiB, 2842 MHz, 232.08 W
2026/08/19 17:03:51.457, 98 %, 85 %, 15777 MiB, 2842 MHz, 218.91 W
2026/08/19 17:03:52.458, 98 %, 86 %, 15803 MiB, 2842 MHz, 216.95 W
2026/08/19 17:03:53.459, 98 %, 86 %, 15803 MiB, 2842 MHz, 218.99 W
2026/08/19 17:03:54.461, 98 %, 86 %, 15803 MiB, 2842 MHz, 219.40 W
2026/08/19 17:03:55.462, 98 %, 86 %, 15804 MiB, 2842 MHz, 232.65 W
2026/08/19 17:03:56.463, 98 %, 86 %, 15804 MiB, 2842 MHz, 219.50 W
2026/08/19 17:03:57.464, 98 %, 85 %, 15815 MiB, 2842 MHz, 219.23 W
2026/08/19 17:03:58.465, 98 %, 86 %, 15815 MiB, 2842 MHz, 219.26 W
2026/08/19 17:03:59.466, 0 %, 0 %, 15815 MiB, 2857 MHz, 167.12 W
2026/08/19 17:04:00.467, 1 %, 0 %, 15815 MiB, 2857 MHz, 66.40 W
2026/08/19 17:04:01.469, 0 %, 0 %, 15815 MiB, 562 MHz, 49.93 W
2026/08/19 17:04:02.470, 0 %, 0 %, 15810 MiB, 360 MHz, 36.01 W
2026/08/19 17:04:03.472, 0 %, 0 %, 15810 MiB, 217 MHz, 35.50 W
2026/08/19 17:04:04.473, 0 %, 0 %, 15810 MiB, 180 MHz, 35.37 W
2026/08/19 17:04:07.704, 0 %, 6 %, 15810 MiB, 180 MHz, 35.36 W
2026/08/19 17:04:08.706, 0 %, 6 %, 15810 MiB, 180 MHz, 27.16 W
2026/08/19 17:04:09.708, 98 %, 87 %, 15808 MiB, 2857 MHz, 93.94 W
2026/08/19 17:04:10.709, 98 %, 87 %, 15808 MiB, 2857 MHz, 217.45 W
2026/08/19 17:04:11.710, 98 %, 87 %, 15808 MiB, 2842 MHz, 217.60 W
2026/08/19 17:04:12.711, 98 %, 86 %, 15798 MiB, 2842 MHz, 217.46 W
2026/08/19 17:04:13.713, 98 %, 86 %, 15798 MiB, 2842 MHz, 217.69 W
2026/08/19 17:04:14.714, 98 %, 87 %, 15796 MiB, 2842 MHz, 217.11 W
2026/08/19 17:04:15.715, 98 %, 87 %, 15797 MiB, 2842 MHz, 217.44 W
2026/08/19 17:04:16.716, 98 %, 87 %, 15773 MiB, 2842 MHz, 217.04 W
2026/08/19 17:04:17.717, 98 %, 88 %, 15772 MiB, 2842 MHz, 218.65 W
2026/08/19 17:04:18.718, 98 %, 86 %, 15772 MiB, 2842 MHz, 253.12 W
2026/08/19 17:04:19.719, 98 %, 86 %, 15805 MiB, 2842 MHz, 252.19 W
2026/08/19 17:04:20.720, 98 %, 86 %, 15807 MiB, 2842 MHz, 254.72 W
2026/08/19 17:04:21.721, 91 %, 59 %, 15825 MiB, 2842 MHz, 252.20 W
2026/08/19 17:04:22.724, 98 %, 84 %, 15822 MiB, 2842 MHz, 219.04 W
2026/08/19 17:04:23.725, 98 %, 87 %, 15816 MiB, 2842 MHz, 216.54 W
2026/08/19 17:04:24.727, 98 %, 88 %, 15801 MiB, 2842 MHz, 218.39 W
2026/08/19 17:04:25.728, 98 %, 88 %, 15801 MiB, 2842 MHz, 219.60 W
2026/08/19 17:04:26.729, 98 %, 87 %, 15788 MiB, 2835 MHz, 231.82 W
2026/08/19 17:04:27.730, 98 %, 88 %, 15787 MiB, 2842 MHz, 219.58 W
2026/08/19 17:04:28.731, 98 %, 88 %, 15787 MiB, 2842 MHz, 219.47 W
2026/08/19 17:04:29.732, 98 %, 88 %, 15787 MiB, 2842 MHz, 219.93 W
2026/08/19 17:04:30.733, 96 %, 54 %, 15786 MiB, 2835 MHz, 231.84 W
2026/08/19 17:04:31.734, 98 %, 88 %, 15786 MiB, 2842 MHz, 220.43 W
2026/08/19 17:04:32.735, 98 %, 88 %, 15786 MiB, 2842 MHz, 220.01 W
2026/08/19 17:04:33.736, 98 %, 86 %, 15765 MiB, 2842 MHz, 219.77 W
2026/08/19 17:04:34.737, 98 %, 88 %, 15770 MiB, 2842 MHz, 218.74 W
2026/08/19 17:04:35.738, 98 %, 88 %, 15762 MiB, 2842 MHz, 232.29 W
2026/08/19 17:04:36.739, 98 %, 88 %, 15761 MiB, 2842 MHz, 220.59 W
2026/08/19 17:04:37.740, 98 %, 88 %, 15761 MiB, 2842 MHz, 220.48 W
2026/08/19 17:04:38.741, 98 %, 88 %, 15761 MiB, 2842 MHz, 220.96 W
2026/08/19 17:04:41.980, 98 %, 87 %, 15789 MiB, 2835 MHz, 230.93 W
2026/08/19 17:04:42.981, 98 %, 88 %, 15790 MiB, 2842 MHz, 219.96 W
2026/08/19 17:04:43.982, 98 %, 88 %, 15790 MiB, 2842 MHz, 220.70 W
2026/08/19 17:04:44.983, 98 %, 88 %, 15791 MiB, 2842 MHz, 220.39 W
2026/08/19 17:04:45.984, 98 %, 88 %, 15791 MiB, 2842 MHz, 219.18 W
2026/08/19 17:04:46.986, 98 %, 88 %, 15828 MiB, 2842 MHz, 231.40 W
2026/08/19 17:04:47.987, 98 %, 85 %, 15822 MiB, 2842 MHz, 218.69 W
2026/08/19 17:04:48.989, 98 %, 85 %, 15828 MiB, 2842 MHz, 217.38 W
2026/08/19 17:04:49.990, 98 %, 87 %, 15828 MiB, 2842 MHz, 220.01 W
2026/08/19 17:04:50.991, 98 %, 87 %, 15830 MiB, 2842 MHz, 232.85 W
2026/08/19 17:04:51.993, 98 %, 86 %, 15820 MiB, 2842 MHz, 219.78 W
2026/08/19 17:04:52.994, 98 %, 88 %, 15821 MiB, 2842 MHz, 220.84 W
2026/08/19 17:04:53.995, 98 %, 88 %, 15816 MiB, 2842 MHz, 221.66 W
2026/08/19 17:04:54.996, 98 %, 68 %, 15815 MiB, 2835 MHz, 234.63 W
2026/08/19 17:04:55.997, 98 %, 88 %, 15815 MiB, 2842 MHz, 221.51 W
2026/08/19 17:04:56.998, 98 %, 86 %, 15774 MiB, 2842 MHz, 220.42 W
2026/08/19 17:04:58.000, 98 %, 86 %, 15801 MiB, 2842 MHz, 218.98 W
2026/08/19 17:04:59.001, 98 %, 88 %, 15801 MiB, 2842 MHz, 221.26 W
2026/08/19 17:05:00.003, 98 %, 88 %, 15803 MiB, 2842 MHz, 232.99 W
2026/08/19 17:05:01.004, 98 %, 88 %, 15802 MiB, 2842 MHz, 221.58 W
2026/08/19 17:05:02.005, 98 %, 88 %, 15802 MiB, 2842 MHz, 221.72 W
2026/08/19 17:05:03.006, 98 %, 87 %, 15802 MiB, 2842 MHz, 221.26 W
2026/08/19 17:05:04.007, 98 %, 88 %, 15802 MiB, 2835 MHz, 233.20 W
2026/08/19 17:05:05.008, 98 %, 88 %, 15801 MiB, 2842 MHz, 221.51 W
2026/08/19 17:05:06.009, 98 %, 88 %, 15811 MiB, 2842 MHz, 220.11 W
2026/08/19 17:05:07.010, 98 %, 88 %, 15811 MiB, 2842 MHz, 221.83 W
2026/08/19 17:05:08.011, 98 %, 58 %, 15796 MiB, 2835 MHz, 233.07 W
2026/08/19 17:05:09.013, 98 %, 88 %, 15796 MiB, 2842 MHz, 221.67 W
2026/08/19 17:05:10.014, 98 %, 88 %, 15796 MiB, 2842 MHz, 221.65 W
2026/08/19 17:05:11.015, 98 %, 87 %, 15798 MiB, 2842 MHz, 221.63 W
2026/08/19 17:05:12.016, 97 %, 87 %, 15770 MiB, 2842 MHz, 220.45 W
2026/08/19 17:05:13.017, 98 %, 85 %, 15786 MiB, 2842 MHz, 230.48 W
2026/08/19 17:05:16.244, 98 %, 87 %, 15858 MiB, 2842 MHz, 218.49 W
2026/08/19 17:05:17.245, 98 %, 85 %, 15844 MiB, 2842 MHz, 217.79 W
2026/08/19 17:05:18.247, 98 %, 86 %, 15835 MiB, 2842 MHz, 219.16 W
2026/08/19 17:05:19.248, 97 %, 52 %, 15833 MiB, 2835 MHz, 231.57 W
2026/08/19 17:05:20.249, 98 %, 86 %, 15832 MiB, 2842 MHz, 218.82 W
2026/08/19 17:05:21.250, 98 %, 86 %, 15817 MiB, 2842 MHz, 219.05 W
2026/08/19 17:05:22.252, 98 %, 88 %, 15793 MiB, 2842 MHz, 220.44 W
2026/08/19 17:05:23.253, 98 %, 88 %, 15793 MiB, 2842 MHz, 221.90 W
2026/08/19 17:05:24.254, 98 %, 85 %, 15792 MiB, 2842 MHz, 232.93 W
2026/08/19 17:05:25.256, 98 %, 87 %, 15813 MiB, 2842 MHz, 218.90 W
2026/08/19 17:05:26.257, 98 %, 88 %, 15819 MiB, 2842 MHz, 221.65 W
2026/08/19 17:05:27.258, 98 %, 84 %, 15819 MiB, 2842 MHz, 216.34 W
2026/08/19 17:05:28.260, 98 %, 85 %, 15819 MiB, 2835 MHz, 229.23 W
2026/08/19 17:05:29.261, 97 %, 86 %, 15825 MiB, 2842 MHz, 218.27 W
2026/08/19 17:05:30.262, 98 %, 85 %, 15815 MiB, 2842 MHz, 217.46 W
2026/08/19 17:05:31.263, 98 %, 87 %, 15815 MiB, 2842 MHz, 218.68 W
2026/08/19 17:05:32.264, 97 %, 68 %, 15804 MiB, 2842 MHz, 223.13 W
2026/08/19 17:05:33.265, 98 %, 87 %, 15804 MiB, 2842 MHz, 229.96 W
2026/08/19 17:05:34.266, 98 %, 87 %, 15792 MiB, 2842 MHz, 220.24 W
2026/08/19 17:05:35.267, 98 %, 88 %, 15792 MiB, 2842 MHz, 221.52 W
2026/08/19 17:05:36.268, 98 %, 87 %, 15792 MiB, 2842 MHz, 221.49 W
2026/08/19 17:05:37.270, 98 %, 88 %, 15791 MiB, 2835 MHz, 233.20 W
2026/08/19 17:05:38.271, 98 %, 88 %, 15791 MiB, 2842 MHz, 221.48 W
2026/08/19 17:05:39.272, 98 %, 88 %, 15787 MiB, 2842 MHz, 221.80 W
2026/08/19 17:05:40.273, 98 %, 87 %, 15815 MiB, 2842 MHz, 219.91 W
2026/08/19 17:05:41.274, 98 %, 86 %, 15815 MiB, 2842 MHz, 234.92 W
2026/08/19 17:05:42.279, 98 %, 88 %, 15815 MiB, 2842 MHz, 222.15 W
2026/08/19 17:05:43.280, 98 %, 88 %, 15815 MiB, 2842 MHz, 221.85 W
2026/08/19 17:05:44.281, 98 %, 88 %, 15815 MiB, 2842 MHz, 222.22 W
2026/08/19 17:05:45.282, 98 %, 88 %, 15815 MiB, 2842 MHz, 222.05 W
2026/08/19 17:05:46.283, 98 %, 84 %, 15821 MiB, 2842 MHz, 233.15 W
2026/08/19 17:05:47.285, 98 %, 87 %, 15814 MiB, 2842 MHz, 220.21 W
2026/08/19 17:05:48.286, 98 %, 88 %, 15813 MiB, 2842 MHz, 221.40 W
2026/08/19 17:05:51.505, 98 %, 88 %, 15807 MiB, 2842 MHz, 221.84 W
2026/08/19 17:05:52.506, 98 %, 87 %, 15802 MiB, 2835 MHz, 234.53 W
2026/08/19 17:05:53.507, 98 %, 88 %, 15798 MiB, 2842 MHz, 221.51 W
2026/08/19 17:05:54.508, 98 %, 86 %, 15793 MiB, 2842 MHz, 221.56 W
2026/08/19 17:05:55.509, 98 %, 88 %, 15789 MiB, 2842 MHz, 221.72 W
2026/08/19 17:05:56.510, 98 %, 88 %, 15781 MiB, 2842 MHz, 222.91 W
2026/08/19 17:05:57.511, 98 %, 88 %, 15769 MiB, 2842 MHz, 232.63 W
2026/08/19 17:05:58.512, 98 %, 87 %, 15787 MiB, 2842 MHz, 220.83 W
2026/08/19 17:05:59.514, 98 %, 87 %, 15787 MiB, 2842 MHz, 220.82 W
2026/08/19 17:06:00.515, 98 %, 88 %, 15783 MiB, 2842 MHz, 221.80 W
2026/08/19 17:06:01.516, 98 %, 87 %, 15814 MiB, 2842 MHz, 231.15 W
2026/08/19 17:06:02.517, 98 %, 88 %, 15814 MiB, 2842 MHz, 221.20 W
2026/08/19 17:06:03.518, 98 %, 88 %, 15810 MiB, 2842 MHz, 221.73 W
2026/08/19 17:06:04.519, 98 %, 88 %, 15810 MiB, 2842 MHz, 221.72 W
2026/08/19 17:06:05.521, 98 %, 87 %, 15814 MiB, 2835 MHz, 234.30 W
2026/08/19 17:06:06.522, 98 %, 87 %, 15811 MiB, 2842 MHz, 218.65 W
2026/08/19 17:06:07.523, 98 %, 87 %, 15811 MiB, 2842 MHz, 221.18 W
2026/08/19 17:06:08.524, 98 %, 88 %, 15811 MiB, 2842 MHz, 220.89 W
2026/08/19 17:06:09.525, 97 %, 70 %, 15806 MiB, 2842 MHz, 233.86 W
2026/08/19 17:06:10.527, 98 %, 87 %, 15806 MiB, 2842 MHz, 229.24 W
2026/08/19 17:06:11.528, 98 %, 87 %, 15806 MiB, 2842 MHz, 221.23 W
2026/08/19 17:06:12.529, 98 %, 87 %, 15804 MiB, 2842 MHz, 221.09 W
2026/08/19 17:06:13.530, 98 %, 87 %, 15781 MiB, 2842 MHz, 220.85 W
2026/08/19 17:06:14.531, 98 %, 88 %, 15780 MiB, 2835 MHz, 234.35 W
2026/08/19 17:06:15.533, 98 %, 88 %, 15784 MiB, 2842 MHz, 221.14 W
2026/08/19 17:06:16.534, 98 %, 88 %, 15784 MiB, 2842 MHz, 220.65 W
2026/08/19 17:06:17.535, 98 %, 87 %, 15784 MiB, 2842 MHz, 220.97 W
2026/08/19 17:06:18.536, 98 %, 85 %, 15783 MiB, 2835 MHz, 233.80 W
2026/08/19 17:06:19.537, 98 %, 87 %, 15783 MiB, 2842 MHz, 220.97 W
2026/08/19 17:06:20.538, 98 %, 87 %, 15780 MiB, 2842 MHz, 220.53 W
2026/08/19 17:06:21.539, 98 %, 88 %, 15780 MiB, 2842 MHz, 220.62 W
2026/08/19 17:06:22.540, 98 %, 87 %, 15808 MiB, 2842 MHz, 219.60 W
2026/08/19 17:06:25.813, 98 %, 88 %, 15808 MiB, 2842 MHz, 234.16 W
2026/08/19 17:06:26.814, 98 %, 88 %, 15808 MiB, 2842 MHz, 220.97 W
2026/08/19 17:06:27.815, 98 %, 88 %, 15808 MiB, 2842 MHz, 221.22 W
2026/08/19 17:06:28.816, 98 %, 88 %, 15808 MiB, 2842 MHz, 221.28 W
2026/08/19 17:06:29.817, 98 %, 88 %, 15806 MiB, 2835 MHz, 233.40 W
2026/08/19 17:06:30.819, 98 %, 88 %, 15806 MiB, 2842 MHz, 221.23 W
2026/08/19 17:06:31.820, 98 %, 88 %, 15806 MiB, 2842 MHz, 221.14 W
2026/08/19 17:06:32.821, 98 %, 88 %, 15815 MiB, 2842 MHz, 219.59 W
2026/08/19 17:06:33.822, 98 %, 88 %, 15808 MiB, 2842 MHz, 221.26 W
2026/08/19 17:06:34.824, 98 %, 87 %, 15807 MiB, 2842 MHz, 232.21 W
2026/08/19 17:06:35.825, 98 %, 87 %, 15807 MiB, 2842 MHz, 220.86 W
2026/08/19 17:06:36.826, 98 %, 87 %, 15807 MiB, 2842 MHz, 220.64 W
2026/08/19 17:06:37.827, 98 %, 88 %, 15806 MiB, 2842 MHz, 220.85 W
2026/08/19 17:06:38.828, 98 %, 86 %, 15790 MiB, 2842 MHz, 232.41 W
2026/08/19 17:06:39.829, 98 %, 87 %, 15790 MiB, 2842 MHz, 220.35 W
2026/08/19 17:06:40.831, 98 %, 88 %, 15790 MiB, 2842 MHz, 220.90 W
2026/08/19 17:06:41.832, 98 %, 87 %, 15790 MiB, 2842 MHz, 221.47 W
2026/08/19 17:06:42.833, 98 %, 87 %, 15790 MiB, 2835 MHz, 234.21 W
2026/08/19 17:06:43.834, 98 %, 88 %, 15790 MiB, 2842 MHz, 220.60 W
2026/08/19 17:06:44.835, 98 %, 87 %, 15790 MiB, 2842 MHz, 220.42 W
2026/08/19 17:06:45.837, 98 %, 87 %, 15798 MiB, 2842 MHz, 220.29 W
2026/08/19 17:06:46.838, 97 %, 70 %, 15791 MiB, 2842 MHz, 233.66 W
2026/08/19 17:06:47.839, 98 %, 88 %, 15786 MiB, 2842 MHz, 221.32 W
2026/08/19 17:06:48.840, 98 %, 88 %, 15786 MiB, 2842 MHz, 220.88 W
2026/08/19 17:06:49.841, 98 %, 88 %, 15782 MiB, 2842 MHz, 221.31 W
2026/08/19 17:06:50.842, 98 %, 88 %, 15781 MiB, 2842 MHz, 221.73 W
2026/08/19 17:06:51.843, 98 %, 87 %, 15777 MiB, 2842 MHz, 234.38 W
2026/08/19 17:06:52.845, 98 %, 84 %, 15773 MiB, 2842 MHz, 218.90 W
2026/08/19 17:06:53.846, 98 %, 87 %, 15773 MiB, 2842 MHz, 217.61 W
2026/08/19 17:06:54.847, 98 %, 86 %, 15773 MiB, 2842 MHz, 216.82 W
2026/08/19 17:06:55.848, 98 %, 65 %, 15772 MiB, 2835 MHz, 234.19 W
2026/08/19 17:06:56.850, 98 %, 85 %, 15772 MiB, 2842 MHz, 218.68 W
2026/08/19 17:07:00.088, 98 %, 88 %, 15772 MiB, 2842 MHz, 219.69 W
2026/08/19 17:07:01.089, 98 %, 88 %, 15772 MiB, 2842 MHz, 220.51 W
2026/08/19 17:07:02.090, 98 %, 88 %, 15771 MiB, 2842 MHz, 221.39 W
2026/08/19 17:07:03.091, 98 %, 87 %, 15765 MiB, 2842 MHz, 233.59 W
2026/08/19 17:07:04.092, 98 %, 87 %, 15765 MiB, 2842 MHz, 220.79 W
2026/08/19 17:07:05.093, 98 %, 86 %, 15765 MiB, 2842 MHz, 220.56 W
2026/08/19 17:07:06.094, 98 %, 85 %, 15765 MiB, 2842 MHz, 217.61 W
2026/08/19 17:07:07.095, 98 %, 55 %, 15765 MiB, 2835 MHz, 230.76 W
2026/08/19 17:07:08.096, 98 %, 86 %, 15765 MiB, 2842 MHz, 219.33 W
2026/08/19 17:07:09.097, 98 %, 88 %, 15765 MiB, 2842 MHz, 218.99 W
2026/08/19 17:07:10.098, 98 %, 86 %, 15765 MiB, 2842 MHz, 220.58 W
2026/08/19 17:07:11.099, 97 %, 59 %, 15765 MiB, 2842 MHz, 230.55 W
2026/08/19 17:07:12.103, 98 %, 87 %, 15765 MiB, 2842 MHz, 220.98 W
2026/08/19 17:07:13.104, 98 %, 87 %, 15765 MiB, 2842 MHz, 220.98 W
2026/08/19 17:07:14.105, 98 %, 88 %, 15765 MiB, 2842 MHz, 221.00 W
2026/08/19 17:07:15.106, 98 %, 85 %, 15765 MiB, 2842 MHz, 219.88 W
2026/08/19 17:07:16.107, 98 %, 85 %, 15765 MiB, 2835 MHz, 230.58 W
2026/08/19 17:07:17.108, 98 %, 86 %, 15765 MiB, 2842 MHz, 219.00 W
2026/08/19 17:07:18.109, 98 %, 86 %, 15765 MiB, 2842 MHz, 218.07 W
2026/08/19 17:07:19.110, 98 %, 86 %, 15792 MiB, 2842 MHz, 217.71 W
2026/08/19 17:07:20.112, 98 %, 60 %, 15814 MiB, 2842 MHz, 228.73 W
2026/08/19 17:07:21.113, 98 %, 88 %, 15814 MiB, 2842 MHz, 219.50 W
2026/08/19 17:07:22.114, 98 %, 84 %, 15815 MiB, 2842 MHz, 218.92 W
2026/08/19 17:07:23.115, 98 %, 86 %, 15815 MiB, 2842 MHz, 216.69 W
2026/08/19 17:07:24.116, 98 %, 87 %, 15806 MiB, 2842 MHz, 219.16 W
2026/08/19 17:07:25.117, 98 %, 86 %, 15805 MiB, 2842 MHz, 230.90 W
2026/08/19 17:07:26.118, 98 %, 88 %, 15805 MiB, 2842 MHz, 220.75 W
2026/08/19 17:07:27.119, 98 %, 86 %, 15788 MiB, 2842 MHz, 220.31 W
2026/08/19 17:07:28.120, 98 %, 88 %, 15788 MiB, 2842 MHz, 220.24 W
2026/08/19 17:07:29.121, 98 %, 88 %, 15788 MiB, 2835 MHz, 232.89 W
2026/08/19 17:07:30.122, 98 %, 87 %, 15792 MiB, 2842 MHz, 220.94 W
2026/08/19 17:07:31.123, 98 %, 88 %, 15792 MiB, 2842 MHz, 221.05 W
2026/08/19 17:07:34.307, 98 %, 87 %, 15792 MiB, 2842 MHz, 221.03 W
2026/08/19 17:07:35.308, 98 %, 87 %, 15792 MiB, 2842 MHz, 221.37 W
2026/08/19 17:07:36.309, 98 %, 88 %, 15815 MiB, 2842 MHz, 231.15 W
2026/08/19 17:07:37.310, 98 %, 88 %, 15814 MiB, 2842 MHz, 221.27 W
2026/08/19 17:07:38.311, 98 %, 88 %, 15814 MiB, 2842 MHz, 221.35 W
2026/08/19 17:07:39.312, 98 %, 85 %, 15815 MiB, 2842 MHz, 220.30 W
2026/08/19 17:07:40.313, 98 %, 87 %, 15815 MiB, 2835 MHz, 232.66 W
2026/08/19 17:07:41.314, 98 %, 87 %, 15815 MiB, 2842 MHz, 220.96 W
2026/08/19 17:07:42.315, 98 %, 87 %, 15814 MiB, 2842 MHz, 219.81 W
2026/08/19 17:07:43.316, 98 %, 88 %, 15814 MiB, 2842 MHz, 221.17 W
2026/08/19 17:07:44.317, 97 %, 52 %, 15814 MiB, 2842 MHz, 233.75 W
2026/08/19 17:07:45.318, 98 %, 88 %, 15813 MiB, 2842 MHz, 221.43 W
2026/08/19 17:07:46.319, 98 %, 88 %, 15813 MiB, 2842 MHz, 221.09 W
2026/08/19 17:07:47.320, 98 %, 88 %, 15813 MiB, 2842 MHz, 220.98 W
2026/08/19 17:07:48.321, 98 %, 88 %, 15813 MiB, 2842 MHz, 221.28 W
2026/08/19 17:07:49.322, 98 %, 88 %, 15822 MiB, 2842 MHz, 224.46 W
2026/08/19 17:07:50.324, 98 %, 88 %, 15819 MiB, 2842 MHz, 220.84 W
2026/08/19 17:07:51.325, 98 %, 84 %, 15814 MiB, 2842 MHz, 216.13 W
2026/08/19 17:07:52.326, 98 %, 85 %, 15814 MiB, 2842 MHz, 216.61 W
2026/08/19 17:07:53.327, 98 %, 85 %, 15814 MiB, 2842 MHz, 230.94 W
2026/08/19 17:07:54.328, 98 %, 88 %, 15813 MiB, 2842 MHz, 219.57 W
2026/08/19 17:07:55.329, 98 %, 88 %, 15797 MiB, 2842 MHz, 220.54 W
2026/08/19 17:07:56.330, 98 %, 88 %, 15797 MiB, 2842 MHz, 220.46 W
2026/08/19 17:07:57.331, 98 %, 88 %, 15792 MiB, 2842 MHz, 232.44 W
2026/08/19 17:07:58.332, 98 %, 87 %, 15792 MiB, 2842 MHz, 220.01 W
2026/08/19 17:07:59.333, 98 %, 88 %, 15792 MiB, 2842 MHz, 220.44 W
2026/08/19 17:08:00.334, 98 %, 88 %, 15792 MiB, 2842 MHz, 220.70 W
2026/08/19 17:08:01.335, 98 %, 87 %, 15788 MiB, 2842 MHz, 225.26 W
2026/08/19 17:08:02.336, 98 %, 87 %, 15780 MiB, 2842 MHz, 228.22 W
2026/08/19 17:08:03.337, 98 %, 88 %, 15780 MiB, 2842 MHz, 220.05 W
2026/08/19 17:08:04.338, 98 %, 86 %, 15780 MiB, 2842 MHz, 219.99 W
2026/08/19 17:08:05.339, 98 %, 87 %, 15780 MiB, 2842 MHz, 217.88 W
2026/08/19 17:08:06.342, 98 %, 87 %, 15780 MiB, 2842 MHz, 233.11 W
2026/08/19 17:08:09.849, 98 %, 87 %, 15819 MiB, 2842 MHz, 218.33 W
2026/08/19 17:08:10.865, 98 %, 86 %, 15824 MiB, 2842 MHz, 216.43 W
2026/08/19 17:08:11.867, 98 %, 88 %, 15824 MiB, 2842 MHz, 220.56 W
2026/08/19 17:08:12.868, 98 %, 87 %, 15829 MiB, 2842 MHz, 218.63 W
2026/08/19 17:08:13.869, 98 %, 88 %, 15829 MiB, 2842 MHz, 231.96 W
2026/08/19 17:08:14.870, 98 %, 86 %, 15816 MiB, 2842 MHz, 219.08 W
2026/08/19 17:08:15.871, 98 %, 85 %, 15830 MiB, 2842 MHz, 217.86 W
2026/08/19 17:08:16.872, 98 %, 87 %, 15830 MiB, 2842 MHz, 217.11 W
2026/08/19 17:08:17.873, 98 %, 85 %, 15859 MiB, 2842 MHz, 229.01 W
2026/08/19 17:08:18.874, 98 %, 88 %, 15861 MiB, 2842 MHz, 219.54 W
2026/08/19 17:08:19.875, 98 %, 88 %, 15860 MiB, 2842 MHz, 220.57 W
2026/08/19 17:08:20.877, 98 %, 88 %, 15857 MiB, 2842 MHz, 220.89 W
2026/08/19 17:08:21.878, 98 %, 67 %, 15857 MiB, 2842 MHz, 233.85 W
2026/08/19 17:08:22.878, 98 %, 88 %, 15856 MiB, 2842 MHz, 220.92 W
2026/08/19 17:08:23.880, 98 %, 86 %, 15864 MiB, 2842 MHz, 218.15 W
2026/08/19 17:08:24.881, 98 %, 88 %, 15864 MiB, 2842 MHz, 220.98 W
2026/08/19 17:08:25.882, 98 %, 88 %, 15864 MiB, 2842 MHz, 225.36 W
2026/08/19 17:08:26.883, 98 %, 88 %, 15864 MiB, 2842 MHz, 229.04 W
2026/08/19 17:08:27.884, 98 %, 88 %, 15866 MiB, 2842 MHz, 219.45 W
2026/08/19 17:08:28.885, 98 %, 88 %, 15865 MiB, 2842 MHz, 220.99 W
2026/08/19 17:08:29.886, 98 %, 88 %, 15865 MiB, 2842 MHz, 221.34 W
2026/08/19 17:08:30.887, 98 %, 88 %, 15865 MiB, 2842 MHz, 234.26 W
2026/08/19 17:08:31.888, 98 %, 85 %, 15848 MiB, 2842 MHz, 218.58 W
2026/08/19 17:08:32.890, 98 %, 88 %, 15848 MiB, 2842 MHz, 220.31 W
2026/08/19 17:08:33.891, 98 %, 88 %, 15846 MiB, 2842 MHz, 220.95 W
2026/08/19 17:08:34.892, 98 %, 88 %, 15846 MiB, 2835 MHz, 234.28 W
2026/08/19 17:08:35.893, 98 %, 88 %, 15845 MiB, 2842 MHz, 221.18 W
2026/08/19 17:08:36.894, 98 %, 88 %, 15843 MiB, 2842 MHz, 220.96 W
2026/08/19 17:08:37.895, 98 %, 87 %, 15843 MiB, 2842 MHz, 221.39 W
2026/08/19 17:08:38.896, 98 %, 88 %, 15837 MiB, 2842 MHz, 224.91 W
2026/08/19 17:08:39.897, 98 %, 88 %, 15836 MiB, 2842 MHz, 230.00 W
2026/08/19 17:08:40.898, 98 %, 88 %, 15836 MiB, 2842 MHz, 221.33 W
2026/08/19 17:08:44.308, 98 %, 85 %, 15815 MiB, 2842 MHz, 220.16 W
2026/08/19 17:08:45.321, 98 %, 88 %, 15815 MiB, 2842 MHz, 220.26 W
2026/08/19 17:08:46.333, 98 %, 88 %, 15802 MiB, 2842 MHz, 234.04 W
2026/08/19 17:08:47.334, 98 %, 88 %, 15797 MiB, 2842 MHz, 221.04 W
2026/08/19 17:08:48.335, 98 %, 88 %, 15790 MiB, 2842 MHz, 220.86 W
2026/08/19 17:08:49.337, 98 %, 88 %, 15790 MiB, 2842 MHz, 221.18 W
2026/08/19 17:08:50.338, 96 %, 82 %, 15785 MiB, 2842 MHz, 221.30 W
2026/08/19 17:08:51.339, 98 %, 87 %, 15785 MiB, 2842 MHz, 232.04 W
2026/08/19 17:08:52.340, 98 %, 88 %, 15785 MiB, 2842 MHz, 220.79 W
2026/08/19 17:08:53.342, 98 %, 88 %, 15785 MiB, 2842 MHz, 220.90 W
2026/08/19 17:08:54.343, 98 %, 88 %, 15785 MiB, 2842 MHz, 220.87 W
2026/08/19 17:08:55.344, 98 %, 88 %, 15783 MiB, 2842 MHz, 232.48 W
2026/08/19 17:08:56.346, 98 %, 88 %, 15783 MiB, 2842 MHz, 221.27 W
2026/08/19 17:08:57.347, 98 %, 87 %, 15798 MiB, 2842 MHz, 219.78 W
2026/08/19 17:08:58.348, 98 %, 85 %, 15800 MiB, 2842 MHz, 217.90 W
2026/08/19 17:08:59.349, 98 %, 85 %, 15794 MiB, 2842 MHz, 230.14 W
2026/08/19 17:09:00.351, 98 %, 88 %, 15803 MiB, 2842 MHz, 218.39 W
2026/08/19 17:09:01.352, 98 %, 88 %, 15804 MiB, 2842 MHz, 221.06 W
2026/08/19 17:09:02.353, 98 %, 88 %, 15804 MiB, 2842 MHz, 221.17 W
2026/08/19 17:09:03.354, 98 %, 88 %, 15803 MiB, 2835 MHz, 234.08 W
2026/08/19 17:09:04.355, 98 %, 88 %, 15802 MiB, 2842 MHz, 221.13 W
2026/08/19 17:09:05.356, 98 %, 88 %, 15802 MiB, 2842 MHz, 221.26 W
2026/08/19 17:09:06.357, 98 %, 88 %, 15802 MiB, 2842 MHz, 221.32 W
2026/08/19 17:09:07.358, 97 %, 63 %, 15802 MiB, 2842 MHz, 228.25 W
2026/08/19 17:09:08.359, 98 %, 87 %, 15786 MiB, 2842 MHz, 225.96 W
2026/08/19 17:09:09.360, 98 %, 88 %, 15782 MiB, 2842 MHz, 221.02 W
2026/08/19 17:09:10.361, 98 %, 84 %, 15795 MiB, 2842 MHz, 216.93 W
2026/08/19 17:09:11.362, 98 %, 85 %, 15848 MiB, 2842 MHz, 216.08 W
2026/08/19 17:09:12.363, 98 %, 87 %, 15841 MiB, 2835 MHz, 231.08 W
2026/08/19 17:09:13.364, 98 %, 85 %, 15818 MiB, 2842 MHz, 218.67 W
2026/08/19 17:09:14.365, 98 %, 87 %, 15818 MiB, 2842 MHz, 218.99 W
2026/08/19 17:09:15.367, 98 %, 86 %, 15818 MiB, 2842 MHz, 220.03 W
2026/08/19 17:09:18.737, 97 %, 83 %, 15818 MiB, 2842 MHz, 221.49 W
2026/08/19 17:09:19.747, 98 %, 88 %, 15797 MiB, 2842 MHz, 233.16 W
2026/08/19 17:09:20.748, 98 %, 88 %, 15786 MiB, 2842 MHz, 220.63 W
2026/08/19 17:09:21.749, 98 %, 88 %, 15780 MiB, 2842 MHz, 221.19 W
2026/08/19 17:09:22.750, 98 %, 88 %, 15776 MiB, 2842 MHz, 221.12 W
2026/08/19 17:09:23.752, 98 %, 88 %, 15776 MiB, 2842 MHz, 232.85 W
2026/08/19 17:09:24.753, 98 %, 88 %, 15776 MiB, 2842 MHz, 220.75 W
2026/08/19 17:09:25.754, 98 %, 88 %, 15771 MiB, 2842 MHz, 220.53 W
2026/08/19 17:09:26.756, 98 %, 88 %, 15767 MiB, 2842 MHz, 221.07 W
2026/08/19 17:09:27.757, 98 %, 78 %, 15765 MiB, 2842 MHz, 232.94 W
2026/08/19 17:09:28.758, 98 %, 85 %, 15899 MiB, 2842 MHz, 216.77 W
2026/08/19 17:09:29.759, 98 %, 86 %, 15898 MiB, 2842 MHz, 216.95 W
2026/08/19 17:09:30.760, 98 %, 87 %, 15783 MiB, 2842 MHz, 219.34 W
2026/08/19 17:09:31.761, 98 %, 87 %, 15829 MiB, 2842 MHz, 219.60 W
2026/08/19 17:09:32.763, 98 %, 86 %, 15870 MiB, 2842 MHz, 229.35 W
2026/08/19 17:09:33.764, 98 %, 86 %, 15853 MiB, 2842 MHz, 218.32 W
2026/08/19 17:09:34.766, 98 %, 87 %, 15789 MiB, 2842 MHz, 219.05 W
2026/08/19 17:09:35.767, 98 %, 88 %, 15789 MiB, 2842 MHz, 221.62 W
2026/08/19 17:09:36.768, 98 %, 85 %, 15801 MiB, 2835 MHz, 232.01 W
2026/08/19 17:09:37.769, 98 %, 87 %, 15797 MiB, 2842 MHz, 220.67 W
2026/08/19 17:09:38.771, 98 %, 87 %, 15785 MiB, 2842 MHz, 220.43 W
2026/08/19 17:09:39.772, 98 %, 88 %, 15779 MiB, 2842 MHz, 220.45 W
2026/08/19 17:09:40.773, 98 %, 87 %, 15751 MiB, 2835 MHz, 233.25 W
2026/08/19 17:09:41.775, 98 %, 88 %, 15731 MiB, 2842 MHz, 220.54 W
2026/08/19 17:09:42.776, 98 %, 87 %, 15715 MiB, 2842 MHz, 219.99 W
2026/08/19 17:09:43.777, 98 %, 87 %, 15698 MiB, 2842 MHz, 221.03 W
2026/08/19 17:09:44.778, 97 %, 79 %, 15689 MiB, 2842 MHz, 222.36 W
2026/08/19 17:09:45.779, 98 %, 87 %, 15686 MiB, 2842 MHz, 231.31 W
2026/08/19 17:09:46.781, 98 %, 88 %, 15684 MiB, 2842 MHz, 221.15 W
2026/08/19 17:09:47.782, 98 %, 88 %, 15684 MiB, 2842 MHz, 221.41 W
2026/08/19 17:09:48.783, 98 %, 88 %, 15684 MiB, 2842 MHz, 221.34 W
2026/08/19 17:09:49.784, 98 %, 88 %, 15683 MiB, 2835 MHz, 233.33 W
2026/08/19 17:09:53.308, 98 %, 88 %, 15683 MiB, 2842 MHz, 221.08 W
2026/08/19 17:09:54.310, 98 %, 88 %, 15669 MiB, 2842 MHz, 221.42 W
2026/08/19 17:09:55.311, 98 %, 83 %, 15684 MiB, 2842 MHz, 217.36 W
2026/08/19 17:09:56.312, 98 %, 65 %, 15683 MiB, 2842 MHz, 230.99 W
2026/08/19 17:09:57.313, 98 %, 85 %, 15683 MiB, 2842 MHz, 217.31 W
2026/08/19 17:09:58.314, 98 %, 86 %, 15683 MiB, 2842 MHz, 218.00 W
2026/08/19 17:09:59.316, 98 %, 86 %, 15683 MiB, 2842 MHz, 220.00 W
2026/08/19 17:10:00.317, 98 %, 88 %, 15688 MiB, 2842 MHz, 220.29 W
2026/08/19 17:10:01.318, 98 %, 87 %, 15688 MiB, 2842 MHz, 233.89 W
2026/08/19 17:10:02.319, 98 %, 88 %, 15688 MiB, 2842 MHz, 221.33 W
2026/08/19 17:10:03.320, 98 %, 88 %, 15687 MiB, 2842 MHz, 220.70 W
2026/08/19 17:10:04.321, 98 %, 88 %, 15683 MiB, 2842 MHz, 221.35 W
2026/08/19 17:10:05.322, 98 %, 88 %, 15683 MiB, 2835 MHz, 233.21 W
2026/08/19 17:10:06.324, 98 %, 84 %, 15683 MiB, 2842 MHz, 218.65 W
2026/08/19 17:10:07.325, 98 %, 87 %, 15683 MiB, 2842 MHz, 217.17 W
2026/08/19 17:10:08.326, 98 %, 88 %, 15683 MiB, 2842 MHz, 218.91 W
2026/08/19 17:10:09.327, 98 %, 76 %, 15683 MiB, 2842 MHz, 232.12 W
2026/08/19 17:10:10.328, 98 %, 87 %, 15683 MiB, 2842 MHz, 220.87 W
2026/08/19 17:10:11.330, 98 %, 85 %, 15683 MiB, 2842 MHz, 220.31 W
2026/08/19 17:10:12.331, 98 %, 87 %, 15683 MiB, 2842 MHz, 217.73 W
2026/08/19 17:10:13.332, 98 %, 86 %, 15683 MiB, 2842 MHz, 218.45 W
2026/08/19 17:10:14.333, 98 %, 84 %, 15732 MiB, 2842 MHz, 232.17 W
2026/08/19 17:10:15.335, 98 %, 85 %, 15737 MiB, 2842 MHz, 218.21 W
2026/08/19 17:10:16.336, 98 %, 88 %, 15747 MiB, 2842 MHz, 220.58 W
2026/08/19 17:10:17.337, 98 %, 86 %, 15742 MiB, 2842 MHz, 218.56 W
2026/08/19 17:10:18.338, 98 %, 85 %, 15751 MiB, 2842 MHz, 231.13 W
2026/08/19 17:10:19.340, 98 %, 86 %, 15752 MiB, 2842 MHz, 218.62 W
2026/08/19 17:10:20.341, 98 %, 88 %, 15753 MiB, 2842 MHz, 220.31 W
2026/08/19 17:10:21.343, 98 %, 88 %, 15752 MiB, 2842 MHz, 220.85 W
2026/08/19 17:10:22.344, 98 %, 88 %, 15751 MiB, 2842 MHz, 221.13 W
2026/08/19 17:10:23.345, 98 %, 85 %, 15730 MiB, 2842 MHz, 230.69 W
2026/08/19 17:10:24.346, 98 %, 85 %, 15754 MiB, 2842 MHz, 216.52 W
2026/08/19 17:10:27.786, 98 %, 86 %, 15754 MiB, 2842 MHz, 216.71 W
2026/08/19 17:10:28.787, 98 %, 87 %, 15745 MiB, 2842 MHz, 219.06 W
2026/08/19 17:10:29.788, 98 %, 87 %, 15745 MiB, 2842 MHz, 232.56 W
2026/08/19 17:10:30.789, 98 %, 87 %, 15744 MiB, 2842 MHz, 220.39 W
2026/08/19 17:10:31.790, 98 %, 88 %, 15744 MiB, 2842 MHz, 220.77 W
2026/08/19 17:10:32.791, 98 %, 88 %, 15743 MiB, 2842 MHz, 220.82 W
2026/08/19 17:10:33.792, 97 %, 68 %, 15742 MiB, 2842 MHz, 225.12 W
2026/08/19 17:10:34.793, 98 %, 87 %, 15742 MiB, 2842 MHz, 227.10 W
2026/08/19 17:10:35.794, 98 %, 88 %, 15736 MiB, 2842 MHz, 219.03 W
2026/08/19 17:10:36.795, 98 %, 88 %, 15736 MiB, 2842 MHz, 220.59 W
2026/08/19 17:10:37.796, 98 %, 88 %, 15736 MiB, 2842 MHz, 221.11 W
2026/08/19 17:10:38.797, 98 %, 87 %, 15735 MiB, 2842 MHz, 232.53 W
2026/08/19 17:10:39.798, 98 %, 87 %, 15735 MiB, 2842 MHz, 220.81 W
2026/08/19 17:10:40.799, 98 %, 88 %, 15735 MiB, 2842 MHz, 220.41 W
2026/08/19 17:10:41.800, 98 %, 88 %, 15723 MiB, 2842 MHz, 220.90 W
2026/08/19 17:10:42.801, 98 %, 88 %, 15727 MiB, 2842 MHz, 233.75 W
2026/08/19 17:10:43.802, 98 %, 88 %, 15713 MiB, 2842 MHz, 220.85 W
2026/08/19 17:10:44.804, 98 %, 87 %, 15713 MiB, 2842 MHz, 220.49 W
2026/08/19 17:10:45.805, 98 %, 88 %, 15708 MiB, 2842 MHz, 220.31 W
2026/08/19 17:10:46.806, 98 %, 64 %, 15705 MiB, 2835 MHz, 233.87 W
2026/08/19 17:10:47.807, 98 %, 88 %, 15704 MiB, 2842 MHz, 220.76 W
2026/08/19 17:10:48.808, 98 %, 88 %, 15697 MiB, 2842 MHz, 219.91 W
2026/08/19 17:10:49.809, 98 %, 88 %, 15697 MiB, 2842 MHz, 220.44 W
2026/08/19 17:10:50.810, 98 %, 88 %, 15696 MiB, 2842 MHz, 225.13 W
2026/08/19 17:10:51.811, 98 %, 87 %, 15688 MiB, 2842 MHz, 232.27 W
2026/08/19 17:10:52.812, 98 %, 88 %, 15688 MiB, 2842 MHz, 220.55 W
2026/08/19 17:10:53.813, 98 %, 88 %, 15688 MiB, 2842 MHz, 220.56 W
2026/08/19 17:10:54.814, 98 %, 88 %, 15688 MiB, 2842 MHz, 220.49 W
2026/08/19 17:10:55.815, 98 %, 88 %, 15688 MiB, 2842 MHz, 232.72 W
2026/08/19 17:10:56.816, 98 %, 88 %, 15687 MiB, 2842 MHz, 221.07 W
2026/08/19 17:10:57.817, 98 %, 88 %, 15683 MiB, 2842 MHz, 221.42 W
2026/08/19 17:10:58.818, 98 %, 87 %, 15677 MiB, 2842 MHz, 220.87 W
2026/08/19 17:10:59.820, 98 %, 63 %, 15676 MiB, 2842 MHz, 232.60 W
2026/08/19 17:11:03.300, 98 %, 88 %, 15676 MiB, 2842 MHz, 221.10 W
2026/08/19 17:11:04.300, 98 %, 88 %, 15676 MiB, 2842 MHz, 221.08 W
2026/08/19 17:11:05.301, 98 %, 88 %, 15676 MiB, 2842 MHz, 220.90 W
2026/08/19 17:11:06.302, 98 %, 87 %, 15676 MiB, 2842 MHz, 220.89 W
2026/08/19 17:11:07.303, 98 %, 88 %, 15675 MiB, 2842 MHz, 233.90 W
2026/08/19 17:11:08.304, 98 %, 87 %, 15675 MiB, 2842 MHz, 220.93 W
2026/08/19 17:11:09.305, 98 %, 88 %, 15675 MiB, 2842 MHz, 221.11 W
2026/08/19 17:11:10.307, 98 %, 88 %, 15675 MiB, 2842 MHz, 221.27 W
2026/08/19 17:11:11.307, 98 %, 86 %, 15693 MiB, 2842 MHz, 232.32 W
2026/08/19 17:11:12.309, 98 %, 87 %, 15685 MiB, 2842 MHz, 217.04 W
2026/08/19 17:11:13.310, 98 %, 87 %, 15685 MiB, 2842 MHz, 220.54 W
2026/08/19 17:11:14.311, 98 %, 88 %, 15685 MiB, 2842 MHz, 221.01 W
2026/08/19 17:11:15.312, 96 %, 51 %, 15685 MiB, 2842 MHz, 230.02 W
2026/08/19 17:11:16.312, 98 %, 87 %, 15685 MiB, 2842 MHz, 219.82 W
2026/08/19 17:11:17.313, 98 %, 88 %, 15685 MiB, 2842 MHz, 220.75 W
2026/08/19 17:11:18.314, 98 %, 85 %, 15685 MiB, 2842 MHz, 216.65 W
2026/08/19 17:11:19.321, 98 %, 85 %, 15685 MiB, 2842 MHz, 217.67 W
2026/08/19 17:11:20.323, 98 %, 85 %, 15685 MiB, 2842 MHz, 229.54 W
2026/08/19 17:11:21.324, 98 %, 85 %, 15685 MiB, 2842 MHz, 217.31 W
2026/08/19 17:11:22.325, 98 %, 88 %, 15698 MiB, 2842 MHz, 219.18 W
2026/08/19 17:11:23.326, 98 %, 88 %, 15698 MiB, 2842 MHz, 220.18 W
2026/08/19 17:11:24.327, 98 %, 86 %, 15698 MiB, 2835 MHz, 233.84 W
2026/08/19 17:11:25.328, 98 %, 88 %, 15698 MiB, 2842 MHz, 220.84 W
2026/08/19 17:11:26.329, 98 %, 86 %, 15698 MiB, 2842 MHz, 219.13 W
2026/08/19 17:11:27.330, 98 %, 88 %, 15685 MiB, 2842 MHz, 218.66 W
2026/08/19 17:11:28.331, 97 %, 52 %, 15698 MiB, 2842 MHz, 232.24 W
2026/08/19 17:11:29.332, 98 %, 87 %, 15698 MiB, 2842 MHz, 219.87 W
2026/08/19 17:11:30.333, 98 %, 85 %, 15698 MiB, 2842 MHz, 217.22 W
2026/08/19 17:11:31.335, 98 %, 85 %, 15698 MiB, 2842 MHz, 218.20 W
2026/08/19 17:11:32.336, 98 %, 88 %, 15698 MiB, 2842 MHz, 220.43 W
2026/08/19 17:11:33.337, 98 %, 88 %, 15685 MiB, 2835 MHz, 232.40 W
2026/08/19 17:11:34.338, 98 %, 88 %, 15685 MiB, 2842 MHz, 219.75 W
2026/08/19 17:11:37.839, 98 %, 88 %, 15685 MiB, 2842 MHz, 220.72 W
2026/08/19 17:11:38.840, 98 %, 85 %, 15685 MiB, 2842 MHz, 220.46 W
2026/08/19 17:11:39.841, 97 %, 52 %, 15685 MiB, 2842 MHz, 232.64 W
2026/08/19 17:11:40.843, 98 %, 87 %, 15685 MiB, 2842 MHz, 229.84 W
2026/08/19 17:11:41.844, 98 %, 88 %, 15685 MiB, 2842 MHz, 220.42 W
2026/08/19 17:11:42.845, 98 %, 88 %, 15685 MiB, 2842 MHz, 220.84 W
2026/08/19 17:11:43.846, 98 %, 88 %, 15684 MiB, 2842 MHz, 221.19 W
2026/08/19 17:11:44.847, 98 %, 88 %, 15680 MiB, 2842 MHz, 232.58 W
2026/08/19 17:11:45.848, 98 %, 86 %, 15667 MiB, 2842 MHz, 220.15 W
2026/08/19 17:11:46.849, 98 %, 88 %, 15667 MiB, 2842 MHz, 220.49 W
2026/08/19 17:11:47.850, 98 %, 87 %, 15685 MiB, 2842 MHz, 220.38 W
2026/08/19 17:11:48.851, 98 %, 87 %, 15689 MiB, 2835 MHz, 233.34 W
2026/08/19 17:11:49.852, 98 %, 87 %, 15689 MiB, 2842 MHz, 220.40 W
2026/08/19 17:11:50.854, 98 %, 87 %, 15689 MiB, 2842 MHz, 220.32 W
2026/08/19 17:11:51.855, 98 %, 86 %, 15685 MiB, 2842 MHz, 217.32 W
2026/08/19 17:11:52.856, 97 %, 65 %, 15685 MiB, 2842 MHz, 229.28 W
2026/08/19 17:11:53.857, 98 %, 88 %, 15685 MiB, 2842 MHz, 220.31 W
2026/08/19 17:11:54.858, 98 %, 88 %, 15685 MiB, 2842 MHz, 219.15 W
2026/08/19 17:11:55.859, 98 %, 88 %, 15685 MiB, 2842 MHz, 219.44 W
2026/08/19 17:11:56.860, 98 %, 88 %, 15685 MiB, 2842 MHz, 221.23 W
2026/08/19 17:11:57.861, 98 %, 88 %, 15685 MiB, 2842 MHz, 226.88 W
2026/08/19 17:11:58.863, 98 %, 88 %, 15685 MiB, 2842 MHz, 220.55 W
2026/08/19 17:11:59.864, 98 %, 88 %, 15685 MiB, 2842 MHz, 219.89 W
2026/08/19 17:12:00.865, 98 %, 88 %, 15685 MiB, 2842 MHz, 220.70 W
2026/08/19 17:12:01.866, 98 %, 87 %, 15685 MiB, 2835 MHz, 233.35 W
2026/08/19 17:12:02.867, 98 %, 87 %, 15685 MiB, 2842 MHz, 220.14 W
2026/08/19 17:12:03.868, 98 %, 87 %, 15684 MiB, 2842 MHz, 220.02 W
2026/08/19 17:12:04.869, 98 %, 87 %, 15685 MiB, 2842 MHz, 219.80 W
2026/08/19 17:12:05.870, 98 %, 62 %, 15685 MiB, 2842 MHz, 233.19 W
2026/08/19 17:12:06.871, 98 %, 87 %, 15685 MiB, 2842 MHz, 220.46 W
2026/08/19 17:12:07.872, 98 %, 88 %, 15685 MiB, 2842 MHz, 220.88 W
2026/08/19 17:12:08.873, 98 %, 87 %, 15685 MiB, 2842 MHz, 220.61 W
2026/08/19 17:12:12.354, 98 %, 85 %, 15685 MiB, 2842 MHz, 219.26 W
2026/08/19 17:12:13.355, 98 %, 85 %, 15685 MiB, 2842 MHz, 230.23 W
2026/08/19 17:12:14.356, 98 %, 88 %, 15685 MiB, 2842 MHz, 220.34 W
2026/08/19 17:12:15.357, 98 %, 88 %, 15689 MiB, 2842 MHz, 220.99 W
2026/08/19 17:12:16.358, 98 %, 88 %, 15689 MiB, 2842 MHz, 220.78 W
2026/08/19 17:12:17.360, 98 %, 88 %, 15685 MiB, 2842 MHz, 233.74 W
2026/08/19 17:12:18.361, 98 %, 87 %, 15685 MiB, 2842 MHz, 220.59 W
2026/08/19 17:12:19.362, 98 %, 87 %, 15681 MiB, 2842 MHz, 220.34 W
2026/08/19 17:12:20.363, 98 %, 87 %, 15729 MiB, 2842 MHz, 220.65 W
2026/08/19 17:12:21.364, 98 %, 85 %, 15730 MiB, 2842 MHz, 221.11 W
2026/08/19 17:12:22.365, 98 %, 86 %, 15735 MiB, 2842 MHz, 225.85 W
2026/08/19 17:12:23.367, 98 %, 87 %, 15751 MiB, 2842 MHz, 219.81 W
2026/08/19 17:12:24.368, 98 %, 87 %, 15752 MiB, 2842 MHz, 218.63 W
2026/08/19 17:12:25.369, 98 %, 86 %, 15750 MiB, 2842 MHz, 216.57 W
2026/08/19 17:12:26.370, 98 %, 85 %, 15753 MiB, 2842 MHz, 231.84 W
2026/08/19 17:12:27.371, 98 %, 86 %, 15752 MiB, 2842 MHz, 217.50 W
2026/08/19 17:12:28.373, 98 %, 87 %, 15794 MiB, 2842 MHz, 218.63 W
2026/08/19 17:12:29.374, 98 %, 88 %, 15842 MiB, 2842 MHz, 219.28 W
2026/08/19 17:12:30.375, 98 %, 56 %, 15822 MiB, 2842 MHz, 230.14 W
2026/08/19 17:12:31.376, 98 %, 87 %, 15823 MiB, 2842 MHz, 219.54 W
2026/08/19 17:12:32.378, 98 %, 88 %, 15829 MiB, 2842 MHz, 219.66 W
2026/08/19 17:12:33.379, 98 %, 87 %, 15824 MiB, 2842 MHz, 217.52 W
2026/08/19 17:12:34.380, 98 %, 86 %, 15762 MiB, 2842 MHz, 219.68 W
2026/08/19 17:12:35.381, 98 %, 84 %, 15739 MiB, 2842 MHz, 229.00 W
2026/08/19 17:12:36.383, 98 %, 88 %, 15758 MiB, 2842 MHz, 218.79 W
2026/08/19 17:12:37.384, 98 %, 85 %, 15815 MiB, 2842 MHz, 218.09 W
2026/08/19 17:12:38.385, 98 %, 86 %, 15803 MiB, 2842 MHz, 217.83 W
2026/08/19 17:12:39.386, 98 %, 86 %, 15802 MiB, 2835 MHz, 232.23 W
2026/08/19 17:12:40.387, 98 %, 88 %, 15797 MiB, 2842 MHz, 220.42 W
2026/08/19 17:12:41.388, 98 %, 86 %, 15788 MiB, 2842 MHz, 219.59 W
2026/08/19 17:12:42.389, 98 %, 85 %, 15756 MiB, 2842 MHz, 217.77 W
2026/08/19 17:12:43.391, 98 %, 88 %, 15755 MiB, 2842 MHz, 219.34 W
2026/08/19 17:12:46.742, 98 %, 87 %, 15754 MiB, 2842 MHz, 232.12 W
2026/08/19 17:12:47.743, 98 %, 87 %, 15754 MiB, 2842 MHz, 220.46 W
2026/08/19 17:12:48.744, 98 %, 88 %, 15752 MiB, 2842 MHz, 220.96 W
2026/08/19 17:12:49.745, 98 %, 88 %, 15752 MiB, 2842 MHz, 220.88 W
2026/08/19 17:12:50.746, 98 %, 88 %, 15751 MiB, 2842 MHz, 233.81 W
2026/08/19 17:12:51.747, 98 %, 88 %, 15747 MiB, 2842 MHz, 220.31 W
2026/08/19 17:12:52.748, 98 %, 88 %, 15743 MiB, 2842 MHz, 221.00 W
2026/08/19 17:12:53.749, 98 %, 87 %, 15739 MiB, 2842 MHz, 220.65 W
2026/08/19 17:12:54.750, 98 %, 68 %, 15734 MiB, 2842 MHz, 233.24 W
2026/08/19 17:12:55.751, 98 %, 87 %, 15734 MiB, 2842 MHz, 220.53 W
2026/08/19 17:12:56.752, 98 %, 87 %, 15734 MiB, 2842 MHz, 220.30 W
2026/08/19 17:12:57.753, 98 %, 87 %, 15734 MiB, 2842 MHz, 220.65 W
2026/08/19 17:12:58.754, 98 %, 87 %, 15734 MiB, 2842 MHz, 220.81 W
2026/08/19 17:12:59.755, 98 %, 85 %, 15730 MiB, 2842 MHz, 231.16 W
2026/08/19 17:13:00.757, 98 %, 86 %, 15730 MiB, 2842 MHz, 217.25 W
2026/08/19 17:13:01.758, 98 %, 88 %, 15730 MiB, 2842 MHz, 220.29 W
2026/08/19 17:13:02.759, 98 %, 86 %, 15730 MiB, 2842 MHz, 220.33 W
2026/08/19 17:13:03.760, 98 %, 85 %, 15729 MiB, 2835 MHz, 229.73 W
2026/08/19 17:13:04.761, 98 %, 87 %, 15729 MiB, 2842 MHz, 217.30 W
2026/08/19 17:13:05.762, 98 %, 86 %, 15729 MiB, 2842 MHz, 218.29 W
2026/08/19 17:13:06.763, 98 %, 88 %, 15729 MiB, 2842 MHz, 219.56 W
2026/08/19 17:13:07.765, 97 %, 63 %, 15721 MiB, 2842 MHz, 227.73 W
2026/08/19 17:13:08.768, 98 %, 87 %, 15721 MiB, 2842 MHz, 225.61 W
2026/08/19 17:13:09.769, 98 %, 88 %, 15721 MiB, 2842 MHz, 220.44 W
2026/08/19 17:13:10.770, 98 %, 88 %, 15721 MiB, 2842 MHz, 220.54 W
2026/08/19 17:13:11.771, 98 %, 88 %, 15721 MiB, 2842 MHz, 221.04 W
2026/08/19 17:13:12.773, 98 %, 88 %, 15717 MiB, 2842 MHz, 232.76 W
2026/08/19 17:13:13.774, 98 %, 88 %, 15716 MiB, 2842 MHz, 221.23 W
2026/08/19 17:13:14.775, 98 %, 85 %, 15716 MiB, 2842 MHz, 219.39 W
2026/08/19 17:13:15.776, 98 %, 86 %, 15729 MiB, 2842 MHz, 217.55 W
2026/08/19 17:13:16.777, 98 %, 84 %, 15729 MiB, 2835 MHz, 233.15 W
2026/08/19 17:13:17.779, 98 %, 85 %, 15728 MiB, 2842 MHz, 218.92 W
2026/08/19 17:13:21.150, 98 %, 87 %, 15728 MiB, 2842 MHz, 219.45 W
2026/08/19 17:13:22.151, 98 %, 87 %, 15728 MiB, 2842 MHz, 220.16 W
2026/08/19 17:13:23.152, 98 %, 88 %, 15715 MiB, 2842 MHz, 221.15 W
2026/08/19 17:13:24.153, 98 %, 87 %, 15715 MiB, 2842 MHz, 232.31 W
2026/08/19 17:13:25.154, 98 %, 87 %, 15715 MiB, 2842 MHz, 221.03 W
2026/08/19 17:13:26.156, 98 %, 88 %, 15715 MiB, 2842 MHz, 221.44 W
2026/08/19 17:13:27.157, 98 %, 88 %, 15714 MiB, 2842 MHz, 221.26 W
2026/08/19 17:13:28.159, 98 %, 88 %, 15714 MiB, 2842 MHz, 233.30 W
2026/08/19 17:13:29.160, 98 %, 88 %, 15708 MiB, 2842 MHz, 221.13 W
2026/08/19 17:13:30.161, 98 %, 87 %, 15701 MiB, 2842 MHz, 221.08 W
2026/08/19 17:13:31.162, 98 %, 88 %, 15691 MiB, 2842 MHz, 220.74 W
2026/08/19 17:13:32.164, 98 %, 73 %, 15684 MiB, 2835 MHz, 234.19 W
2026/08/19 17:13:33.165, 98 %, 87 %, 15684 MiB, 2842 MHz, 221.38 W
2026/08/19 17:13:34.166, 98 %, 88 %, 15684 MiB, 2842 MHz, 221.34 W
2026/08/19 17:13:35.167, 98 %, 88 %, 15684 MiB, 2842 MHz, 221.40 W
2026/08/19 17:13:36.168, 97 %, 83 %, 15702 MiB, 2842 MHz, 221.17 W
2026/08/19 17:13:37.169, 98 %, 87 %, 15702 MiB, 2842 MHz, 233.29 W
2026/08/19 17:13:38.170, 98 %, 87 %, 15702 MiB, 2842 MHz, 220.65 W
2026/08/19 17:13:39.171, 98 %, 87 %, 15702 MiB, 2842 MHz, 220.89 W
2026/08/19 17:13:40.173, 98 %, 88 %, 15702 MiB, 2842 MHz, 220.30 W
2026/08/19 17:13:41.174, 98 %, 87 %, 15702 MiB, 2835 MHz, 231.46 W
2026/08/19 17:13:42.175, 98 %, 87 %, 15702 MiB, 2842 MHz, 220.03 W
2026/08/19 17:13:43.176, 98 %, 87 %, 15702 MiB, 2842 MHz, 220.41 W
2026/08/19 17:13:44.177, 98 %, 88 %, 15702 MiB, 2842 MHz, 220.85 W
2026/08/19 17:13:45.178, 98 %, 66 %, 15702 MiB, 2835 MHz, 232.78 W
2026/08/19 17:13:46.179, 98 %, 88 %, 15702 MiB, 2842 MHz, 220.87 W
2026/08/19 17:13:47.180, 98 %, 88 %, 15702 MiB, 2842 MHz, 220.90 W
2026/08/19 17:13:48.181, 98 %, 88 %, 15701 MiB, 2842 MHz, 221.11 W
2026/08/19 17:13:49.182, 98 %, 88 %, 15701 MiB, 2842 MHz, 221.36 W
2026/08/19 17:13:50.183, 98 %, 88 %, 15684 MiB, 2842 MHz, 233.53 W
2026/08/19 17:13:51.184, 98 %, 88 %, 15684 MiB, 2842 MHz, 220.96 W
2026/08/19 17:13:52.186, 98 %, 88 %, 15684 MiB, 2842 MHz, 221.08 W
2026/08/19 17:13:53.187, 98 %, 88 %, 15684 MiB, 2842 MHz, 221.56 W
2026/08/19 17:13:56.559, 98 %, 88 %, 15684 MiB, 2835 MHz, 232.77 W
2026/08/19 17:13:57.560, 98 %, 87 %, 15684 MiB, 2842 MHz, 220.24 W
2026/08/19 17:13:58.561, 98 %, 87 %, 15684 MiB, 2842 MHz, 220.80 W
2026/08/19 17:13:59.562, 98 %, 88 %, 15684 MiB, 2842 MHz, 220.93 W
2026/08/19 17:14:00.563, 98 %, 71 %, 15684 MiB, 2835 MHz, 232.52 W
2026/08/19 17:14:01.564, 98 %, 87 %, 15684 MiB, 2842 MHz, 220.56 W
2026/08/19 17:14:02.565, 98 %, 87 %, 15684 MiB, 2842 MHz, 220.78 W
2026/08/19 17:14:03.566, 98 %, 84 %, 15715 MiB, 2842 MHz, 217.55 W
2026/08/19 17:14:04.567, 98 %, 84 %, 15715 MiB, 2842 MHz, 217.15 W
2026/08/19 17:14:05.569, 98 %, 84 %, 15715 MiB, 2842 MHz, 231.55 W
2026/08/19 17:14:06.570, 98 %, 88 %, 15715 MiB, 2842 MHz, 219.88 W
2026/08/19 17:14:07.571, 98 %, 88 %, 15715 MiB, 2842 MHz, 220.90 W
2026/08/19 17:14:08.572, 98 %, 88 %, 15715 MiB, 2842 MHz, 220.89 W
2026/08/19 17:14:09.574, 98 %, 87 %, 15702 MiB, 2835 MHz, 233.27 W
2026/08/19 17:14:10.575, 98 %, 87 %, 15702 MiB, 2842 MHz, 220.11 W
2026/08/19 17:14:11.576, 98 %, 88 %, 15702 MiB, 2842 MHz, 220.25 W
2026/08/19 17:14:12.577, 98 %, 88 %, 15702 MiB, 2842 MHz, 220.38 W
2026/08/19 17:14:13.578, 97 %, 53 %, 15702 MiB, 2842 MHz, 233.28 W
2026/08/19 17:14:14.580, 98 %, 87 %, 15702 MiB, 2842 MHz, 220.53 W
2026/08/19 17:14:15.581, 98 %, 87 %, 15702 MiB, 2842 MHz, 220.38 W
2026/08/19 17:14:16.582, 98 %, 86 %, 15702 MiB, 2842 MHz, 218.40 W
2026/08/19 17:14:17.583, 98 %, 87 %, 15702 MiB, 2842 MHz, 218.46 W
2026/08/19 17:14:18.585, 98 %, 85 %, 15702 MiB, 2842 MHz, 230.46 W
2026/08/19 17:14:19.586, 98 %, 88 %, 15702 MiB, 2842 MHz, 220.20 W
2026/08/19 17:14:20.587, 98 %, 88 %, 15702 MiB, 2842 MHz, 220.29 W
2026/08/19 17:14:21.588, 98 %, 88 %, 15702 MiB, 2842 MHz, 220.67 W
2026/08/19 17:14:22.589, 98 %, 88 %, 15702 MiB, 2835 MHz, 233.95 W
2026/08/19 17:14:23.590, 98 %, 87 %, 15702 MiB, 2842 MHz, 221.06 W
2026/08/19 17:14:24.591, 98 %, 87 %, 15702 MiB, 2842 MHz, 220.79 W
2026/08/19 17:14:25.592, 98 %, 85 %, 15702 MiB, 2842 MHz, 219.65 W
2026/08/19 17:14:26.594, 97 %, 69 %, 15702 MiB, 2842 MHz, 223.16 W
2026/08/19 17:14:27.595, 98 %, 86 %, 15702 MiB, 2842 MHz, 230.97 W
2026/08/19 17:14:30.970, 98 %, 86 %, 15702 MiB, 2842 MHz, 218.64 W
2026/08/19 17:14:31.971, 98 %, 87 %, 15702 MiB, 2842 MHz, 218.61 W
2026/08/19 17:14:32.972, 98 %, 88 %, 15702 MiB, 2842 MHz, 219.83 W
2026/08/19 17:14:33.973, 98 %, 88 %, 15702 MiB, 2835 MHz, 233.24 W
2026/08/19 17:14:34.974, 98 %, 88 %, 15702 MiB, 2842 MHz, 221.01 W
2026/08/19 17:14:35.975, 98 %, 88 %, 15702 MiB, 2842 MHz, 221.16 W
2026/08/19 17:14:36.976, 98 %, 86 %, 15702 MiB, 2842 MHz, 217.69 W
2026/08/19 17:14:37.977, 98 %, 59 %, 15702 MiB, 2842 MHz, 232.21 W
2026/08/19 17:14:38.978, 98 %, 86 %, 15702 MiB, 2842 MHz, 219.40 W
2026/08/19 17:14:39.979, 98 %, 87 %, 15702 MiB, 2842 MHz, 217.91 W
2026/08/19 17:14:40.980, 98 %, 88 %, 15702 MiB, 2842 MHz, 220.87 W
2026/08/19 17:14:41.981, 98 %, 88 %, 15702 MiB, 2842 MHz, 220.54 W
2026/08/19 17:14:42.984, 98 %, 88 %, 15702 MiB, 2842 MHz, 231.22 W
2026/08/19 17:14:43.985, 98 %, 88 %, 15702 MiB, 2842 MHz, 220.95 W
2026/08/19 17:14:44.986, 98 %, 88 %, 15702 MiB, 2842 MHz, 221.08 W
2026/08/19 17:14:45.987, 98 %, 88 %, 15702 MiB, 2842 MHz, 220.96 W
2026/08/19 17:14:46.988, 98 %, 88 %, 15702 MiB, 2835 MHz, 233.84 W
2026/08/19 17:14:47.989, 98 %, 88 %, 15702 MiB, 2842 MHz, 220.94 W
2026/08/19 17:14:48.990, 98 %, 87 %, 15702 MiB, 2842 MHz, 220.50 W
2026/08/19 17:14:49.991, 98 %, 88 %, 15702 MiB, 2842 MHz, 221.40 W
2026/08/19 17:14:50.992, 97 %, 53 %, 15702 MiB, 2842 MHz, 233.80 W
2026/08/19 17:14:51.993, 98 %, 87 %, 15702 MiB, 2842 MHz, 221.31 W
2026/08/19 17:14:52.994, 98 %, 88 %, 15702 MiB, 2842 MHz, 221.06 W
2026/08/19 17:14:53.995, 98 %, 88 %, 15701 MiB, 2842 MHz, 221.38 W
2026/08/19 17:14:54.996, 98 %, 88 %, 15697 MiB, 2842 MHz, 221.54 W
2026/08/19 17:14:55.997, 98 %, 84 %, 15702 MiB, 2835 MHz, 230.75 W
2026/08/19 17:14:56.998, 98 %, 84 %, 15710 MiB, 2842 MHz, 216.46 W
2026/08/19 17:14:57.999, 98 %, 85 %, 15751 MiB, 2842 MHz, 218.08 W
2026/08/19 17:14:59.000, 98 %, 86 %, 15754 MiB, 2842 MHz, 218.78 W
2026/08/19 17:15:00.001, 98 %, 79 %, 15777 MiB, 2842 MHz, 228.82 W
2026/08/19 17:15:01.002, 98 %, 87 %, 15775 MiB, 2842 MHz, 218.04 W
2026/08/19 17:15:02.003, 97 %, 84 %, 15773 MiB, 2842 MHz, 218.43 W
2026/08/19 17:15:05.378, 98 %, 85 %, 15768 MiB, 2842 MHz, 218.03 W
2026/08/19 17:15:06.379, 98 %, 88 %, 15772 MiB, 2842 MHz, 219.93 W
2026/08/19 17:15:07.380, 97 %, 84 %, 15772 MiB, 2842 MHz, 229.69 W
2026/08/19 17:15:08.381, 98 %, 87 %, 15782 MiB, 2842 MHz, 217.70 W
2026/08/19 17:15:09.382, 98 %, 86 %, 15764 MiB, 2842 MHz, 215.72 W
2026/08/19 17:15:10.383, 98 %, 87 %, 15764 MiB, 2842 MHz, 219.41 W
2026/08/19 17:15:11.384, 98 %, 87 %, 15754 MiB, 2842 MHz, 232.55 W
2026/08/19 17:15:12.387, 98 %, 87 %, 15753 MiB, 2842 MHz, 217.70 W
2026/08/19 17:15:13.388, 98 %, 88 %, 15753 MiB, 2842 MHz, 220.48 W
2026/08/19 17:15:14.389, 98 %, 85 %, 15736 MiB, 2842 MHz, 219.13 W
2026/08/19 17:15:15.390, 97 %, 87 %, 15736 MiB, 2842 MHz, 219.07 W
2026/08/19 17:15:16.391, 98 %, 88 %, 15735 MiB, 2842 MHz, 231.50 W
2026/08/19 17:15:17.393, 98 %, 86 %, 15735 MiB, 2842 MHz, 218.93 W
2026/08/19 17:15:18.394, 98 %, 87 %, 15735 MiB, 2842 MHz, 219.61 W
2026/08/19 17:15:19.395, 98 %, 86 %, 15735 MiB, 2842 MHz, 218.69 W
2026/08/19 17:15:20.396, 98 %, 88 %, 15735 MiB, 2842 MHz, 231.24 W
2026/08/19 17:15:21.397, 98 %, 85 %, 15734 MiB, 2842 MHz, 218.44 W
2026/08/19 17:15:22.398, 98 %, 88 %, 15734 MiB, 2842 MHz, 219.46 W
2026/08/19 17:15:23.399, 98 %, 86 %, 15734 MiB, 2842 MHz, 220.90 W
2026/08/19 17:15:24.400, 97 %, 54 %, 15734 MiB, 2842 MHz, 232.02 W
2026/08/19 17:15:25.401, 98 %, 88 %, 15726 MiB, 2842 MHz, 220.97 W
2026/08/19 17:15:26.402, 98 %, 86 %, 15726 MiB, 2842 MHz, 220.02 W
2026/08/19 17:15:27.403, 98 %, 86 %, 15739 MiB, 2842 MHz, 218.88 W
2026/08/19 17:15:28.404, 98 %, 88 %, 15739 MiB, 2842 MHz, 220.18 W
2026/08/19 17:15:29.405, 98 %, 87 %, 15727 MiB, 2842 MHz, 231.87 W
2026/08/19 17:15:30.406, 98 %, 87 %, 15727 MiB, 2842 MHz, 220.72 W
2026/08/19 17:15:31.407, 98 %, 86 %, 15727 MiB, 2842 MHz, 218.77 W
2026/08/19 17:15:32.408, 98 %, 88 %, 15714 MiB, 2842 MHz, 221.51 W
2026/08/19 17:15:33.409, 98 %, 87 %, 15714 MiB, 2835 MHz, 233.78 W
2026/08/19 17:15:34.410, 98 %, 88 %, 15714 MiB, 2842 MHz, 218.81 W
2026/08/19 17:15:35.412, 98 %, 87 %, 15714 MiB, 2842 MHz, 219.91 W
2026/08/19 17:15:36.413, 98 %, 87 %, 15714 MiB, 2842 MHz, 220.25 W
2026/08/19 17:15:39.793, 97 %, 80 %, 15714 MiB, 2842 MHz, 233.39 W
2026/08/19 17:15:40.795, 98 %, 87 %, 15714 MiB, 2842 MHz, 219.47 W
2026/08/19 17:15:41.796, 98 %, 87 %, 15714 MiB, 2842 MHz, 221.05 W
2026/08/19 17:15:42.797, 98 %, 88 %, 15714 MiB, 2842 MHz, 221.27 W
2026/08/19 17:15:43.798, 98 %, 87 %, 15714 MiB, 2842 MHz, 220.62 W
2026/08/19 17:15:44.799, 98 %, 86 %, 15714 MiB, 2842 MHz, 230.66 W
2026/08/19 17:15:45.800, 98 %, 86 %, 15714 MiB, 2842 MHz, 218.20 W
2026/08/19 17:15:46.801, 98 %, 85 %, 15714 MiB, 2842 MHz, 218.38 W
2026/08/19 17:15:47.802, 98 %, 84 %, 15726 MiB, 2842 MHz, 218.59 W
2026/08/19 17:15:48.803, 98 %, 88 %, 15726 MiB, 2835 MHz, 233.51 W
2026/08/19 17:15:49.805, 98 %, 86 %, 15726 MiB, 2842 MHz, 220.36 W
2026/08/19 17:15:50.806, 98 %, 86 %, 15726 MiB, 2842 MHz, 218.27 W
2026/08/19 17:15:51.807, 98 %, 85 %, 15726 MiB, 2842 MHz, 219.74 W
2026/08/19 17:15:52.808, 98 %, 88 %, 15712 MiB, 2842 MHz, 220.25 W
2026/08/19 17:15:53.809, 98 %, 86 %, 15712 MiB, 2842 MHz, 230.47 W
2026/08/19 17:15:54.810, 98 %, 86 %, 15712 MiB, 2842 MHz, 219.78 W
2026/08/19 17:15:55.811, 98 %, 87 %, 15712 MiB, 2842 MHz, 218.71 W
2026/08/19 17:15:56.812, 98 %, 85 %, 15712 MiB, 2842 MHz, 217.88 W
2026/08/19 17:15:57.813, 98 %, 87 %, 15711 MiB, 2835 MHz, 231.68 W
2026/08/19 17:15:58.814, 98 %, 85 %, 15704 MiB, 2842 MHz, 218.42 W
2026/08/19 17:15:59.815, 98 %, 88 %, 15704 MiB, 2842 MHz, 219.13 W
2026/08/19 17:16:00.817, 98 %, 88 %, 15704 MiB, 2842 MHz, 218.41 W
2026/08/19 17:16:01.818, 98 %, 84 %, 15704 MiB, 2842 MHz, 222.79 W
2026/08/19 17:16:02.819, 98 %, 87 %, 15704 MiB, 2842 MHz, 227.80 W
2026/08/19 17:16:03.820, 98 %, 88 %, 15704 MiB, 2842 MHz, 220.65 W
2026/08/19 17:16:04.821, 98 %, 88 %, 15704 MiB, 2842 MHz, 220.62 W
2026/08/19 17:16:05.822, 98 %, 88 %, 15704 MiB, 2842 MHz, 220.89 W
2026/08/19 17:16:06.823, 0 %, 0 %, 15714 MiB, 2857 MHz, 98.88 W
2026/08/19 17:16:07.824, 1 %, 0 %, 15714 MiB, 2857 MHz, 66.07 W
2026/08/19 17:16:08.826, 1 %, 0 %, 15714 MiB, 705 MHz, 41.44 W
2026/08/19 17:16:09.827, 1 %, 3 %, 15714 MiB, 720 MHz, 35.44 W
2026/08/19 17:16:10.829, 0 %, 6 %, 15714 MiB, 240 MHz, 28.60 W
2026/08/19 17:16:14.204, 0 %, 7 %, 15714 MiB, 232 MHz, 24.27 W
2026/08/19 17:16:15.206, 0 %, 7 %, 15714 MiB, 217 MHz, 24.14 W
2026/08/19 17:16:16.208, 90 %, 83 %, 15717 MiB, 195 MHz, 55.91 W
2026/08/19 17:16:17.210, 98 %, 88 %, 15717 MiB, 2842 MHz, 222.92 W
2026/08/19 17:16:18.211, 98 %, 88 %, 15714 MiB, 2842 MHz, 222.89 W
2026/08/19 17:16:19.212, 98 %, 87 %, 15714 MiB, 2842 MHz, 221.73 W
2026/08/19 17:16:20.213, 98 %, 83 %, 15714 MiB, 2842 MHz, 218.54 W
2026/08/19 17:16:21.214, 98 %, 83 %, 15713 MiB, 2842 MHz, 234.46 W
2026/08/19 17:16:22.216, 98 %, 83 %, 15713 MiB, 2842 MHz, 248.75 W
2026/08/19 17:16:23.217, 98 %, 83 %, 15713 MiB, 2842 MHz, 249.50 W
2026/08/19 17:16:24.218, 98 %, 86 %, 15713 MiB, 2842 MHz, 252.71 W
2026/08/19 17:16:25.219, 98 %, 87 %, 15713 MiB, 2835 MHz, 247.65 W
2026/08/19 17:16:26.220, 98 %, 89 %, 15713 MiB, 2842 MHz, 221.61 W
2026/08/19 17:16:27.221, 98 %, 86 %, 15709 MiB, 2842 MHz, 223.67 W
2026/08/19 17:16:28.222, 98 %, 86 %, 15709 MiB, 2842 MHz, 221.93 W
2026/08/19 17:16:29.223, 98 %, 76 %, 15705 MiB, 2842 MHz, 226.28 W
2026/08/19 17:16:30.224, 98 %, 87 %, 15702 MiB, 2842 MHz, 241.53 W
2026/08/19 17:16:31.225, 98 %, 89 %, 15702 MiB, 2842 MHz, 224.83 W
2026/08/19 17:16:32.226, 98 %, 87 %, 15702 MiB, 2842 MHz, 223.59 W
2026/08/19 17:16:33.227, 98 %, 87 %, 15702 MiB, 2842 MHz, 222.52 W
2026/08/19 17:16:34.228, 98 %, 86 %, 15702 MiB, 2827 MHz, 250.96 W
2026/08/19 17:16:35.229, 97 %, 85 %, 15702 MiB, 2842 MHz, 222.82 W
2026/08/19 17:16:36.231, 98 %, 87 %, 15702 MiB, 2842 MHz, 222.92 W
2026/08/19 17:16:37.232, 98 %, 85 %, 15702 MiB, 2842 MHz, 220.59 W
2026/08/19 17:16:38.233, 98 %, 86 %, 15702 MiB, 2842 MHz, 222.22 W
2026/08/19 17:16:39.234, 98 %, 87 %, 15702 MiB, 2842 MHz, 254.55 W
2026/08/19 17:16:40.235, 98 %, 89 %, 15702 MiB, 2842 MHz, 224.45 W
2026/08/19 17:16:41.236, 98 %, 86 %, 15702 MiB, 2842 MHz, 223.59 W
2026/08/19 17:16:42.237, 98 %, 86 %, 15702 MiB, 2842 MHz, 223.08 W
2026/08/19 17:16:43.238, 99 %, 36 %, 15702 MiB, 2842 MHz, 252.81 W
2026/08/19 17:16:44.239, 98 %, 86 %, 15702 MiB, 2842 MHz, 223.75 W
2026/08/19 17:16:45.240, 98 %, 86 %, 15702 MiB, 2842 MHz, 222.65 W
2026/08/19 17:16:46.242, 98 %, 87 %, 15702 MiB, 2842 MHz, 223.03 W
2026/08/19 17:16:49.620, 98 %, 86 %, 15719 MiB, 2842 MHz, 222.00 W
2026/08/19 17:16:50.621, 98 %, 88 %, 15730 MiB, 2812 MHz, 255.77 W
2026/08/19 17:16:51.622, 98 %, 88 %, 15730 MiB, 2842 MHz, 225.16 W
2026/08/19 17:16:52.625, 98 %, 88 %, 15743 MiB, 2842 MHz, 225.00 W
2026/08/19 17:16:53.626, 98 %, 88 %, 15743 MiB, 2842 MHz, 225.07 W
2026/08/19 17:16:54.627, 98 %, 69 %, 15743 MiB, 2842 MHz, 247.06 W
2026/08/19 17:16:55.628, 98 %, 89 %, 15743 MiB, 2842 MHz, 236.56 W
2026/08/19 17:16:56.629, 98 %, 89 %, 15743 MiB, 2842 MHz, 226.91 W
2026/08/19 17:16:57.630, 98 %, 88 %, 15726 MiB, 2842 MHz, 225.43 W
2026/08/19 17:16:58.631, 98 %, 87 %, 15722 MiB, 2842 MHz, 225.42 W
2026/08/19 17:16:59.632, 98 %, 89 %, 15722 MiB, 2827 MHz, 257.75 W
2026/08/19 17:17:00.633, 98 %, 87 %, 15722 MiB, 2842 MHz, 226.45 W
2026/08/19 17:17:01.634, 98 %, 88 %, 15729 MiB, 2842 MHz, 226.07 W
2026/08/19 17:17:02.636, 98 %, 88 %, 15729 MiB, 2842 MHz, 225.86 W
2026/08/19 17:17:03.638, 99 %, 33 %, 15729 MiB, 2842 MHz, 252.50 W
2026/08/19 17:17:04.639, 98 %, 89 %, 15729 MiB, 2842 MHz, 231.56 W
2026/08/19 17:17:05.640, 98 %, 89 %, 15729 MiB, 2842 MHz, 226.90 W
2026/08/19 17:17:06.641, 98 %, 88 %, 15729 MiB, 2842 MHz, 226.32 W
2026/08/19 17:17:07.642, 98 %, 88 %, 15733 MiB, 2842 MHz, 226.40 W
2026/08/19 17:17:08.643, 98 %, 88 %, 15759 MiB, 2835 MHz, 256.80 W
2026/08/19 17:17:09.644, 98 %, 87 %, 15759 MiB, 2842 MHz, 223.03 W
2026/08/19 17:17:10.645, 98 %, 87 %, 15755 MiB, 2842 MHz, 222.76 W
2026/08/19 17:17:11.647, 98 %, 88 %, 15755 MiB, 2842 MHz, 225.59 W
2026/08/19 17:17:12.648, 98 %, 62 %, 15745 MiB, 2842 MHz, 247.09 W
2026/08/19 17:17:13.649, 98 %, 87 %, 15707 MiB, 2842 MHz, 231.07 W
2026/08/19 17:17:14.650, 98 %, 88 %, 15707 MiB, 2842 MHz, 225.31 W
2026/08/19 17:17:15.651, 98 %, 87 %, 15703 MiB, 2842 MHz, 224.33 W
2026/08/19 17:17:16.652, 98 %, 88 %, 15708 MiB, 2842 MHz, 226.55 W
2026/08/19 17:17:17.653, 98 %, 89 %, 15708 MiB, 2827 MHz, 257.56 W
2026/08/19 17:17:18.654, 98 %, 88 %, 15708 MiB, 2842 MHz, 227.52 W
2026/08/19 17:17:19.655, 97 %, 85 %, 15704 MiB, 2842 MHz, 225.58 W
2026/08/19 17:17:20.656, 98 %, 88 %, 15704 MiB, 2842 MHz, 225.60 W
2026/08/19 17:17:24.033, 99 %, 42 %, 15708 MiB, 2842 MHz, 247.21 W
2026/08/19 17:17:25.034, 98 %, 87 %, 15708 MiB, 2842 MHz, 247.88 W
2026/08/19 17:17:26.035, 97 %, 85 %, 15720 MiB, 2842 MHz, 223.04 W
2026/08/19 17:17:27.037, 98 %, 88 %, 15720 MiB, 2842 MHz, 225.06 W
2026/08/19 17:17:28.038, 98 %, 88 %, 15720 MiB, 2842 MHz, 226.49 W
2026/08/19 17:17:29.039, 98 %, 88 %, 15720 MiB, 2835 MHz, 257.39 W
2026/08/19 17:17:30.041, 98 %, 88 %, 15720 MiB, 2842 MHz, 227.29 W
2026/08/19 17:17:31.042, 98 %, 88 %, 15717 MiB, 2842 MHz, 227.49 W
2026/08/19 17:17:32.043, 98 %, 88 %, 15707 MiB, 2842 MHz, 226.22 W
2026/08/19 17:17:33.044, 98 %, 69 %, 15707 MiB, 2842 MHz, 247.51 W
2026/08/19 17:17:34.045, 98 %, 88 %, 15707 MiB, 2842 MHz, 248.62 W
2026/08/19 17:17:35.046, 98 %, 89 %, 15707 MiB, 2842 MHz, 227.11 W
2026/08/19 17:17:36.047, 98 %, 87 %, 15707 MiB, 2842 MHz, 226.37 W
2026/08/19 17:17:37.048, 98 %, 88 %, 15707 MiB, 2842 MHz, 226.57 W
2026/08/19 17:17:38.049, 98 %, 88 %, 15707 MiB, 2820 MHz, 257.72 W
2026/08/19 17:17:39.050, 98 %, 89 %, 15707 MiB, 2842 MHz, 227.23 W
2026/08/19 17:17:40.051, 98 %, 88 %, 15707 MiB, 2842 MHz, 226.70 W
2026/08/19 17:17:41.052, 98 %, 85 %, 15707 MiB, 2842 MHz, 223.07 W
2026/08/19 17:17:42.053, 99 %, 44 %, 15707 MiB, 2842 MHz, 241.24 W
2026/08/19 17:17:43.054, 98 %, 89 %, 15703 MiB, 2842 MHz, 237.52 W
2026/08/19 17:17:44.055, 98 %, 89 %, 15708 MiB, 2842 MHz, 226.92 W
2026/08/19 17:17:45.056, 98 %, 88 %, 15708 MiB, 2842 MHz, 226.40 W
2026/08/19 17:17:46.057, 98 %, 88 %, 15708 MiB, 2842 MHz, 225.77 W
2026/08/19 17:17:47.058, 98 %, 88 %, 15708 MiB, 2842 MHz, 254.71 W
2026/08/19 17:17:48.059, 98 %, 89 %, 15708 MiB, 2842 MHz, 227.57 W
2026/08/19 17:17:49.061, 98 %, 88 %, 15708 MiB, 2842 MHz, 227.27 W
2026/08/19 17:17:50.061, 98 %, 87 %, 15707 MiB, 2842 MHz, 225.68 W
2026/08/19 17:17:51.063, 98 %, 59 %, 15707 MiB, 2842 MHz, 251.62 W
2026/08/19 17:17:52.064, 98 %, 88 %, 15707 MiB, 2842 MHz, 232.32 W
2026/08/19 17:17:53.065, 98 %, 88 %, 15707 MiB, 2842 MHz, 227.21 W
2026/08/19 17:17:54.066, 98 %, 88 %, 15707 MiB, 2842 MHz, 226.24 W
2026/08/19 17:17:55.067, 98 %, 88 %, 15707 MiB, 2842 MHz, 225.99 W
2026/08/19 17:17:56.068, 98 %, 89 %, 15707 MiB, 2835 MHz, 254.38 W
2026/08/19 17:17:57.069, 98 %, 84 %, 15707 MiB, 2842 MHz, 224.85 W
2026/08/19 17:17:58.070, 98 %, 86 %, 15718 MiB, 2842 MHz, 223.02 W
2026/08/19 17:17:59.071, 98 %, 87 %, 15745 MiB, 2842 MHz, 223.98 W
2026/08/19 17:18:00.072, 98 %, 87 %, 15737 MiB, 2842 MHz, 230.94 W
2026/08/19 17:18:01.073, 98 %, 89 %, 15737 MiB, 2842 MHz, 249.05 W
2026/08/19 17:18:02.074, 98 %, 89 %, 15740 MiB, 2842 MHz, 227.50 W
2026/08/19 17:18:03.075, 98 %, 86 %, 15759 MiB, 2842 MHz, 224.42 W
2026/08/19 17:18:04.076, 98 %, 86 %, 15754 MiB, 2842 MHz, 222.70 W
2026/08/19 17:18:05.077, 98 %, 87 %, 15743 MiB, 2827 MHz, 254.50 W
2026/08/19 17:18:06.078, 98 %, 88 %, 15765 MiB, 2842 MHz, 225.62 W
2026/08/19 17:18:07.079, 98 %, 88 %, 15801 MiB, 2842 MHz, 225.34 W
2026/08/19 17:18:08.080, 98 %, 88 %, 15801 MiB, 2842 MHz, 225.32 W
2026/08/19 17:18:09.081, 98 %, 88 %, 15800 MiB, 2842 MHz, 237.18 W
2026/08/19 17:18:10.082, 98 %, 88 %, 15786 MiB, 2842 MHz, 245.41 W
2026/08/19 17:18:14.778, 98 %, 89 %, 15786 MiB, 2842 MHz, 227.37 W
2026/08/19 17:18:15.779, 98 %, 88 %, 15786 MiB, 2842 MHz, 226.11 W
2026/08/19 17:18:16.780, 98 %, 88 %, 15774 MiB, 2842 MHz, 225.45 W
2026/08/19 17:18:17.781, 98 %, 89 %, 15769 MiB, 2835 MHz, 254.37 W
2026/08/19 17:18:18.782, 98 %, 89 %, 15777 MiB, 2842 MHz, 227.00 W
2026/08/19 17:18:19.783, 98 %, 88 %, 15778 MiB, 2842 MHz, 227.00 W
2026/08/19 17:18:20.784, 98 %, 88 %, 15768 MiB, 2842 MHz, 226.23 W
2026/08/19 17:18:21.785, 99 %, 56 %, 15768 MiB, 2842 MHz, 251.84 W
2026/08/19 17:18:22.786, 98 %, 88 %, 15764 MiB, 2842 MHz, 243.16 W
2026/08/19 17:18:23.787, 98 %, 89 %, 15767 MiB, 2842 MHz, 226.62 W
2026/08/19 17:18:24.788, 98 %, 88 %, 15767 MiB, 2842 MHz, 226.79 W
2026/08/19 17:18:25.789, 98 %, 88 %, 15746 MiB, 2842 MHz, 226.39 W
2026/08/19 17:18:26.790, 98 %, 89 %, 15734 MiB, 2820 MHz, 257.46 W
2026/08/19 17:18:27.791, 98 %, 89 %, 15734 MiB, 2842 MHz, 227.56 W
2026/08/19 17:18:28.793, 98 %, 88 %, 15734 MiB, 2842 MHz, 227.05 W
2026/08/19 17:18:29.794, 98 %, 88 %, 15734 MiB, 2842 MHz, 226.39 W
2026/08/19 17:18:30.795, 98 %, 74 %, 15748 MiB, 2842 MHz, 226.85 W
2026/08/19 17:18:31.796, 97 %, 85 %, 15791 MiB, 2842 MHz, 250.38 W
2026/08/19 17:18:32.797, 98 %, 87 %, 15789 MiB, 2842 MHz, 224.36 W
2026/08/19 17:18:33.798, 98 %, 87 %, 15778 MiB, 2842 MHz, 225.39 W
2026/08/19 17:18:34.799, 98 %, 88 %, 15777 MiB, 2842 MHz, 226.53 W
2026/08/19 17:18:35.800, 98 %, 53 %, 15766 MiB, 2842 MHz, 256.23 W
2026/08/19 17:18:36.801, 98 %, 87 %, 15759 MiB, 2842 MHz, 224.16 W
2026/08/19 17:18:37.803, 98 %, 86 %, 15728 MiB, 2842 MHz, 226.12 W
2026/08/19 17:18:38.804, 98 %, 87 %, 15728 MiB, 2842 MHz, 222.79 W
2026/08/19 17:18:39.805, 98 %, 88 %, 15728 MiB, 2842 MHz, 223.92 W
2026/08/19 17:18:40.806, 98 %, 86 %, 15728 MiB, 2842 MHz, 253.15 W
2026/08/19 17:18:41.807, 98 %, 86 %, 15728 MiB, 2842 MHz, 224.40 W
2026/08/19 17:18:42.808, 98 %, 88 %, 15728 MiB, 2842 MHz, 224.70 W
2026/08/19 17:18:43.810, 98 %, 88 %, 15728 MiB, 2842 MHz, 225.18 W
2026/08/19 17:18:44.811, 98 %, 54 %, 15741 MiB, 2842 MHz, 248.75 W
2026/08/19 17:18:45.812, 98 %, 89 %, 15741 MiB, 2842 MHz, 230.77 W
2026/08/19 17:18:46.813, 98 %, 86 %, 15736 MiB, 2842 MHz, 223.17 W
2026/08/19 17:18:49.962, 98 %, 87 %, 15764 MiB, 2842 MHz, 224.59 W
2026/08/19 17:18:50.963, 98 %, 87 %, 15764 MiB, 2842 MHz, 225.15 W
2026/08/19 17:18:51.964, 98 %, 89 %, 15764 MiB, 2812 MHz, 254.33 W
2026/08/19 17:18:52.965, 98 %, 89 %, 15753 MiB, 2842 MHz, 226.62 W
2026/08/19 17:18:53.967, 98 %, 88 %, 15753 MiB, 2842 MHz, 226.95 W
2026/08/19 17:18:54.968, 98 %, 88 %, 15753 MiB, 2842 MHz, 226.33 W
2026/08/19 17:18:55.969, 99 %, 33 %, 15753 MiB, 2842 MHz, 251.31 W
2026/08/19 17:18:56.970, 98 %, 89 %, 15747 MiB, 2842 MHz, 230.76 W
2026/08/19 17:18:57.971, 98 %, 89 %, 15754 MiB, 2842 MHz, 226.78 W
2026/08/19 17:18:58.973, 98 %, 88 %, 15752 MiB, 2842 MHz, 226.12 W
2026/08/19 17:18:59.974, 98 %, 85 %, 15778 MiB, 2842 MHz, 221.82 W
2026/08/19 17:19:00.975, 98 %, 88 %, 15778 MiB, 2835 MHz, 255.81 W
2026/08/19 17:19:01.976, 98 %, 86 %, 15770 MiB, 2842 MHz, 224.30 W
2026/08/19 17:19:02.977, 98 %, 88 %, 15760 MiB, 2842 MHz, 225.98 W
2026/08/19 17:19:03.979, 98 %, 86 %, 15719 MiB, 2842 MHz, 222.77 W
2026/08/19 17:19:04.980, 98 %, 82 %, 15719 MiB, 2842 MHz, 240.32 W
2026/08/19 17:19:05.981, 98 %, 89 %, 15719 MiB, 2842 MHz, 230.62 W
2026/08/19 17:19:06.982, 98 %, 86 %, 15719 MiB, 2842 MHz, 223.22 W
2026/08/19 17:19:07.983, 98 %, 87 %, 15719 MiB, 2842 MHz, 222.97 W
2026/08/19 17:19:08.984, 98 %, 88 %, 15719 MiB, 2842 MHz, 224.65 W
2026/08/19 17:19:09.986, 98 %, 87 %, 15719 MiB, 2827 MHz, 252.73 W
2026/08/19 17:19:10.987, 98 %, 86 %, 15720 MiB, 2842 MHz, 224.99 W
2026/08/19 17:19:11.988, 98 %, 88 %, 15720 MiB, 2842 MHz, 225.86 W
2026/08/19 17:19:12.988, 98 %, 86 %, 15723 MiB, 2842 MHz, 223.57 W
2026/08/19 17:19:13.989, 98 %, 88 %, 15723 MiB, 2842 MHz, 223.95 W
2026/08/19 17:19:14.991, 98 %, 88 %, 15723 MiB, 2835 MHz, 253.48 W
2026/08/19 17:19:15.992, 98 %, 89 %, 15723 MiB, 2842 MHz, 224.32 W
2026/08/19 17:19:16.993, 98 %, 88 %, 15727 MiB, 2842 MHz, 226.04 W
2026/08/19 17:19:17.994, 98 %, 88 %, 15727 MiB, 2842 MHz, 223.42 W
2026/08/19 17:19:18.995, 99 %, 56 %, 15723 MiB, 2842 MHz, 255.00 W
2026/08/19 17:19:19.996, 98 %, 87 %, 15727 MiB, 2842 MHz, 225.77 W
2026/08/19 17:19:20.997, 98 %, 86 %, 15727 MiB, 2842 MHz, 224.54 W
2026/08/19 17:19:24.303, 98 %, 87 %, 15727 MiB, 2842 MHz, 222.06 W
2026/08/19 17:19:25.304, 98 %, 87 %, 15738 MiB, 2842 MHz, 223.72 W
2026/08/19 17:19:26.305, 98 %, 89 %, 15763 MiB, 2842 MHz, 254.37 W
2026/08/19 17:19:27.306, 98 %, 89 %, 15758 MiB, 2842 MHz, 226.23 W
2026/08/19 17:19:28.307, 98 %, 88 %, 15758 MiB, 2842 MHz, 225.96 W
2026/08/19 17:19:29.309, 98 %, 88 %, 15758 MiB, 2842 MHz, 226.29 W
2026/08/19 17:19:30.310, 99 %, 33 %, 15758 MiB, 2842 MHz, 248.70 W
2026/08/19 17:19:31.311, 98 %, 89 %, 15758 MiB, 2842 MHz, 232.99 W
2026/08/19 17:19:32.312, 98 %, 88 %, 15758 MiB, 2842 MHz, 227.13 W
2026/08/19 17:19:33.313, 98 %, 88 %, 15758 MiB, 2842 MHz, 226.02 W
2026/08/19 17:19:34.314, 98 %, 88 %, 15758 MiB, 2842 MHz, 226.19 W
2026/08/19 17:19:35.316, 98 %, 89 %, 15758 MiB, 2842 MHz, 255.18 W
2026/08/19 17:19:36.317, 98 %, 89 %, 15758 MiB, 2842 MHz, 226.56 W
2026/08/19 17:19:37.318, 98 %, 87 %, 15758 MiB, 2842 MHz, 226.08 W
2026/08/19 17:19:38.319, 98 %, 88 %, 15758 MiB, 2842 MHz, 225.82 W
2026/08/19 17:19:39.320, 99 %, 47 %, 15758 MiB, 2842 MHz, 253.65 W
2026/08/19 17:19:40.321, 98 %, 89 %, 15758 MiB, 2842 MHz, 227.72 W
2026/08/19 17:19:41.322, 98 %, 89 %, 15758 MiB, 2842 MHz, 226.79 W
2026/08/19 17:19:42.323, 98 %, 88 %, 15758 MiB, 2842 MHz, 225.35 W
2026/08/19 17:19:43.324, 98 %, 88 %, 15758 MiB, 2842 MHz, 225.82 W
2026/08/19 17:19:44.325, 98 %, 89 %, 15758 MiB, 2827 MHz, 257.57 W
2026/08/19 17:19:45.326, 98 %, 89 %, 15758 MiB, 2842 MHz, 227.16 W
2026/08/19 17:19:46.327, 98 %, 88 %, 15761 MiB, 2842 MHz, 226.64 W
2026/08/19 17:19:47.328, 98 %, 88 %, 15761 MiB, 2842 MHz, 225.42 W
2026/08/19 17:19:48.329, 98 %, 59 %, 15762 MiB, 2842 MHz, 238.70 W
2026/08/19 17:19:49.331, 98 %, 89 %, 15762 MiB, 2842 MHz, 243.99 W
2026/08/19 17:19:50.332, 98 %, 88 %, 15761 MiB, 2842 MHz, 226.67 W
2026/08/19 17:19:51.333, 98 %, 87 %, 15761 MiB, 2842 MHz, 225.47 W
2026/08/19 17:19:52.334, 98 %, 88 %, 15761 MiB, 2842 MHz, 225.57 W
2026/08/19 17:19:53.336, 98 %, 89 %, 15757 MiB, 2827 MHz, 256.97 W
2026/08/19 17:19:54.337, 98 %, 88 %, 15758 MiB, 2842 MHz, 225.56 W
2026/08/19 17:19:55.338, 98 %, 88 %, 15758 MiB, 2842 MHz, 226.61 W
2026/08/19 17:19:58.362, 98 %, 87 %, 15761 MiB, 2842 MHz, 224.76 W
2026/08/19 17:19:59.363, 98 %, 85 %, 15783 MiB, 2842 MHz, 223.77 W
2026/08/19 17:20:00.364, 98 %, 88 %, 15783 MiB, 2842 MHz, 252.75 W
2026/08/19 17:20:01.366, 98 %, 87 %, 15782 MiB, 2842 MHz, 223.95 W
2026/08/19 17:20:02.367, 98 %, 86 %, 15762 MiB, 2842 MHz, 222.82 W
2026/08/19 17:20:03.368, 98 %, 88 %, 15762 MiB, 2842 MHz, 223.20 W
2026/08/19 17:20:04.369, 99 %, 32 %, 15736 MiB, 2842 MHz, 252.97 W
2026/08/19 17:20:05.370, 98 %, 88 %, 15737 MiB, 2842 MHz, 226.26 W
2026/08/19 17:20:06.371, 98 %, 87 %, 15737 MiB, 2842 MHz, 224.10 W
2026/08/19 17:20:07.373, 98 %, 88 %, 15737 MiB, 2842 MHz, 224.86 W
2026/08/19 17:20:08.374, 98 %, 88 %, 15742 MiB, 2842 MHz, 225.51 W
2026/08/19 17:20:09.375, 98 %, 89 %, 15742 MiB, 2835 MHz, 257.34 W
2026/08/19 17:20:10.376, 98 %, 89 %, 15741 MiB, 2842 MHz, 226.88 W
2026/08/19 17:20:11.378, 98 %, 88 %, 15741 MiB, 2842 MHz, 226.38 W
2026/08/19 17:20:12.379, 98 %, 86 %, 15726 MiB, 2842 MHz, 223.90 W
2026/08/19 17:20:13.380, 99 %, 45 %, 15726 MiB, 2835 MHz, 255.79 W
2026/08/19 17:20:14.381, 98 %, 87 %, 15722 MiB, 2842 MHz, 226.35 W
2026/08/19 17:20:15.383, 98 %, 89 %, 15722 MiB, 2842 MHz, 226.31 W
2026/08/19 17:20:16.384, 98 %, 88 %, 15719 MiB, 2842 MHz, 226.05 W
2026/08/19 17:20:17.385, 98 %, 88 %, 15719 MiB, 2842 MHz, 225.63 W
2026/08/19 17:20:18.386, 98 %, 89 %, 15719 MiB, 2812 MHz, 258.28 W
2026/08/19 17:20:19.387, 98 %, 89 %, 15719 MiB, 2842 MHz, 227.15 W
2026/08/19 17:20:20.388, 98 %, 88 %, 15719 MiB, 2842 MHz, 227.03 W
2026/08/19 17:20:21.389, 98 %, 88 %, 15719 MiB, 2842 MHz, 226.22 W
2026/08/19 17:20:22.390, 99 %, 33 %, 15719 MiB, 2842 MHz, 257.43 W
2026/08/19 17:20:23.391, 98 %, 89 %, 15719 MiB, 2842 MHz, 228.65 W
2026/08/19 17:20:24.392, 98 %, 89 %, 15719 MiB, 2842 MHz, 227.13 W
2026/08/19 17:20:25.394, 98 %, 88 %, 15720 MiB, 2842 MHz, 225.74 W
2026/08/19 17:20:26.395, 98 %, 87 %, 15706 MiB, 2842 MHz, 225.41 W
2026/08/19 17:20:27.398, 98 %, 88 %, 15693 MiB, 2842 MHz, 254.80 W
2026/08/19 17:20:28.399, 98 %, 89 %, 15693 MiB, 2842 MHz, 227.10 W
2026/08/19 17:20:29.400, 98 %, 88 %, 15693 MiB, 2842 MHz, 226.66 W
2026/08/19 17:20:32.707, 98 %, 88 %, 15693 MiB, 2842 MHz, 225.82 W
2026/08/19 17:20:33.708, 99 %, 35 %, 15693 MiB, 2842 MHz, 256.37 W
2026/08/19 17:20:34.710, 98 %, 88 %, 15693 MiB, 2842 MHz, 226.82 W
2026/08/19 17:20:35.711, 98 %, 89 %, 15693 MiB, 2842 MHz, 226.66 W
2026/08/19 17:20:36.712, 98 %, 88 %, 15693 MiB, 2842 MHz, 226.02 W
2026/08/19 17:20:37.713, 98 %, 88 %, 15693 MiB, 2842 MHz, 225.96 W
2026/08/19 17:20:38.714, 98 %, 88 %, 15693 MiB, 2835 MHz, 254.54 W
2026/08/19 17:20:39.715, 98 %, 89 %, 15693 MiB, 2842 MHz, 226.94 W
2026/08/19 17:20:40.717, 98 %, 88 %, 15693 MiB, 2842 MHz, 226.55 W
2026/08/19 17:20:41.718, 98 %, 87 %, 15693 MiB, 2842 MHz, 225.62 W
2026/08/19 17:20:42.719, 98 %, 56 %, 15693 MiB, 2835 MHz, 251.10 W
2026/08/19 17:20:43.720, 98 %, 89 %, 15693 MiB, 2842 MHz, 231.87 W
2026/08/19 17:20:44.722, 98 %, 89 %, 15693 MiB, 2842 MHz, 226.93 W
2026/08/19 17:20:45.723, 98 %, 88 %, 15697 MiB, 2842 MHz, 225.64 W
2026/08/19 17:20:46.724, 98 %, 88 %, 15697 MiB, 2842 MHz, 225.23 W
2026/08/19 17:20:47.725, 98 %, 89 %, 15697 MiB, 2820 MHz, 254.02 W
2026/08/19 17:20:48.727, 98 %, 89 %, 15697 MiB, 2842 MHz, 226.74 W
2026/08/19 17:20:49.728, 98 %, 86 %, 15697 MiB, 2842 MHz, 222.51 W
2026/08/19 17:20:50.729, 98 %, 85 %, 15710 MiB, 2842 MHz, 221.50 W
2026/08/19 17:20:51.730, 99 %, 40 %, 15710 MiB, 2842 MHz, 256.01 W
2026/08/19 17:20:52.731, 98 %, 89 %, 15710 MiB, 2842 MHz, 227.31 W
2026/08/19 17:20:53.733, 98 %, 89 %, 15710 MiB, 2842 MHz, 226.85 W
2026/08/19 17:20:54.734, 98 %, 88 %, 15710 MiB, 2842 MHz, 226.46 W
2026/08/19 17:20:55.735, 98 %, 88 %, 15710 MiB, 2842 MHz, 225.93 W
2026/08/19 17:20:56.737, 98 %, 89 %, 15697 MiB, 2842 MHz, 257.08 W
2026/08/19 17:20:57.738, 98 %, 88 %, 15697 MiB, 2842 MHz, 226.30 W
2026/08/19 17:20:58.739, 98 %, 87 %, 15697 MiB, 2842 MHz, 226.24 W
2026/08/19 17:20:59.740, 98 %, 88 %, 15697 MiB, 2842 MHz, 225.53 W
2026/08/19 17:21:00.741, 98 %, 56 %, 15697 MiB, 2842 MHz, 250.65 W
2026/08/19 17:21:01.743, 98 %, 89 %, 15697 MiB, 2842 MHz, 231.14 W
2026/08/19 17:21:02.745, 98 %, 89 %, 15697 MiB, 2842 MHz, 226.58 W
2026/08/19 17:21:03.746, 98 %, 88 %, 15697 MiB, 2842 MHz, 225.70 W
2026/08/19 17:21:07.102, 98 %, 88 %, 15697 MiB, 2842 MHz, 226.14 W
2026/08/19 17:21:08.103, 98 %, 89 %, 15697 MiB, 2827 MHz, 255.21 W
2026/08/19 17:21:09.104, 98 %, 88 %, 15697 MiB, 2842 MHz, 226.47 W
2026/08/19 17:21:10.105, 98 %, 88 %, 15697 MiB, 2842 MHz, 226.37 W
2026/08/19 17:21:11.106, 98 %, 87 %, 15697 MiB, 2842 MHz, 222.65 W
2026/08/19 17:21:12.108, 98 %, 86 %, 15697 MiB, 2842 MHz, 231.04 W
2026/08/19 17:21:13.109, 98 %, 87 %, 15697 MiB, 2842 MHz, 244.03 W
2026/08/19 17:21:14.110, 98 %, 88 %, 15712 MiB, 2842 MHz, 226.12 W
2026/08/19 17:21:15.111, 98 %, 88 %, 15745 MiB, 2842 MHz, 225.76 W
2026/08/19 17:21:16.112, 98 %, 87 %, 15745 MiB, 2842 MHz, 225.10 W
2026/08/19 17:21:17.114, 98 %, 89 %, 15736 MiB, 2835 MHz, 257.52 W
2026/08/19 17:21:18.115, 98 %, 88 %, 15728 MiB, 2842 MHz, 226.83 W
2026/08/19 17:21:19.116, 98 %, 88 %, 15728 MiB, 2842 MHz, 226.96 W
2026/08/19 17:21:20.117, 98 %, 88 %, 15726 MiB, 2842 MHz, 226.04 W
2026/08/19 17:21:21.118, 98 %, 63 %, 15726 MiB, 2842 MHz, 248.13 W
2026/08/19 17:21:22.119, 98 %, 88 %, 15726 MiB, 2842 MHz, 234.85 W
2026/08/19 17:21:23.120, 98 %, 89 %, 15726 MiB, 2842 MHz, 226.71 W
2026/08/19 17:21:24.121, 98 %, 88 %, 15726 MiB, 2842 MHz, 226.10 W
2026/08/19 17:21:25.122, 98 %, 88 %, 15726 MiB, 2842 MHz, 226.13 W
2026/08/19 17:21:26.124, 98 %, 89 %, 15768 MiB, 2835 MHz, 257.25 W
2026/08/19 17:21:27.125, 97 %, 86 %, 15752 MiB, 2842 MHz, 222.59 W
2026/08/19 17:21:28.126, 98 %, 88 %, 15762 MiB, 2842 MHz, 224.23 W
2026/08/19 17:21:29.127, 98 %, 88 %, 15762 MiB, 2842 MHz, 226.28 W
2026/08/19 17:21:30.128, 99 %, 37 %, 15762 MiB, 2842 MHz, 249.13 W
2026/08/19 17:21:31.129, 98 %, 89 %, 15754 MiB, 2842 MHz, 246.58 W
2026/08/19 17:21:32.130, 98 %, 89 %, 15754 MiB, 2842 MHz, 226.87 W
2026/08/19 17:21:33.131, 98 %, 88 %, 15754 MiB, 2842 MHz, 226.41 W
2026/08/19 17:21:34.132, 98 %, 88 %, 15754 MiB, 2842 MHz, 226.43 W
2026/08/19 17:21:35.133, 98 %, 89 %, 15754 MiB, 2820 MHz, 257.49 W
2026/08/19 17:21:36.134, 98 %, 88 %, 15754 MiB, 2842 MHz, 227.11 W
2026/08/19 17:21:37.135, 98 %, 86 %, 15725 MiB, 2842 MHz, 224.99 W
2026/08/19 17:21:38.136, 98 %, 86 %, 15751 MiB, 2842 MHz, 221.38 W
2026/08/19 17:21:39.137, 98 %, 68 %, 15841 MiB, 2842 MHz, 231.40 W
2026/08/19 17:21:42.504, 98 %, 88 %, 15841 MiB, 2842 MHz, 246.95 W
2026/08/19 17:21:43.505, 98 %, 87 %, 15820 MiB, 2842 MHz, 224.85 W
2026/08/19 17:21:44.506, 98 %, 88 %, 15818 MiB, 2842 MHz, 224.81 W
2026/08/19 17:21:45.507, 98 %, 88 %, 15809 MiB, 2842 MHz, 225.53 W
2026/08/19 17:21:46.508, 98 %, 77 %, 15750 MiB, 2842 MHz, 253.65 W
2026/08/19 17:21:47.509, 98 %, 89 %, 15750 MiB, 2842 MHz, 226.60 W
2026/08/19 17:21:48.510, 98 %, 89 %, 15734 MiB, 2842 MHz, 226.30 W
2026/08/19 17:21:49.511, 98 %, 88 %, 15724 MiB, 2842 MHz, 225.40 W
2026/08/19 17:21:50.512, 98 %, 88 %, 15724 MiB, 2842 MHz, 225.94 W
2026/08/19 17:21:51.513, 98 %, 89 %, 15724 MiB, 2842 MHz, 254.91 W
2026/08/19 17:21:52.514, 98 %, 88 %, 15711 MiB, 2842 MHz, 226.57 W
2026/08/19 17:21:53.516, 98 %, 88 %, 15707 MiB, 2842 MHz, 226.21 W
2026/08/19 17:21:54.516, 98 %, 88 %, 15707 MiB, 2842 MHz, 225.94 W
2026/08/19 17:21:55.518, 98 %, 88 %, 15707 MiB, 2827 MHz, 257.56 W
2026/08/19 17:21:56.519, 98 %, 89 %, 15707 MiB, 2842 MHz, 226.93 W
2026/08/19 17:21:57.520, 98 %, 88 %, 15707 MiB, 2842 MHz, 226.51 W
2026/08/19 17:21:58.521, 98 %, 88 %, 15707 MiB, 2842 MHz, 225.78 W
2026/08/19 17:21:59.522, 98 %, 88 %, 15707 MiB, 2842 MHz, 229.55 W
2026/08/19 17:22:00.523, 98 %, 88 %, 15707 MiB, 2842 MHz, 242.02 W
2026/08/19 17:22:01.524, 98 %, 88 %, 15707 MiB, 2842 MHz, 226.61 W
2026/08/19 17:22:02.525, 98 %, 88 %, 15707 MiB, 2842 MHz, 225.95 W
2026/08/19 17:22:03.526, 98 %, 88 %, 15707 MiB, 2842 MHz, 225.89 W
2026/08/19 17:22:04.527, 98 %, 89 %, 15707 MiB, 2820 MHz, 254.68 W
2026/08/19 17:22:05.528, 98 %, 89 %, 15707 MiB, 2842 MHz, 227.50 W
2026/08/19 17:22:06.529, 98 %, 87 %, 15707 MiB, 2842 MHz, 227.03 W
2026/08/19 17:22:07.531, 98 %, 88 %, 15707 MiB, 2842 MHz, 226.30 W
2026/08/19 17:22:08.532, 98 %, 65 %, 15707 MiB, 2842 MHz, 235.94 W
2026/08/19 17:22:09.533, 98 %, 88 %, 15707 MiB, 2842 MHz, 235.28 W
2026/08/19 17:22:10.534, 98 %, 88 %, 15707 MiB, 2842 MHz, 227.15 W
2026/08/19 17:22:11.535, 98 %, 88 %, 15707 MiB, 2842 MHz, 226.26 W
2026/08/19 17:22:12.537, 98 %, 88 %, 15707 MiB, 2842 MHz, 225.96 W
2026/08/19 17:22:13.538, 98 %, 88 %, 15707 MiB, 2835 MHz, 254.48 W
2026/08/19 17:22:16.862, 98 %, 89 %, 15707 MiB, 2842 MHz, 227.09 W
2026/08/19 17:22:17.863, 98 %, 88 %, 15707 MiB, 2842 MHz, 226.76 W
2026/08/19 17:22:18.865, 98 %, 88 %, 15707 MiB, 2842 MHz, 225.66 W
2026/08/19 17:22:19.866, 98 %, 81 %, 15707 MiB, 2842 MHz, 227.97 W
2026/08/19 17:22:20.867, 98 %, 89 %, 15707 MiB, 2842 MHz, 253.18 W
2026/08/19 17:22:21.868, 98 %, 89 %, 15707 MiB, 2842 MHz, 226.82 W
2026/08/19 17:22:22.872, 98 %, 87 %, 15707 MiB, 2842 MHz, 226.16 W
2026/08/19 17:22:23.873, 98 %, 88 %, 15707 MiB, 2842 MHz, 226.02 W
2026/08/19 17:22:24.874, 98 %, 89 %, 15707 MiB, 2820 MHz, 257.32 W
2026/08/19 17:22:25.876, 98 %, 89 %, 15707 MiB, 2842 MHz, 226.96 W
2026/08/19 17:22:26.877, 98 %, 89 %, 15707 MiB, 2842 MHz, 226.95 W
2026/08/19 17:22:27.878, 98 %, 88 %, 15707 MiB, 2842 MHz, 225.91 W
2026/08/19 17:22:28.879, 98 %, 88 %, 15718 MiB, 2842 MHz, 217.22 W
2026/08/19 17:22:29.880, 0 %, 0 %, 15718 MiB, 2857 MHz, 67.00 W
2026/08/19 17:22:30.881, 0 %, 0 %, 15714 MiB, 2857 MHz, 57.09 W
2026/08/19 17:22:31.882, 0 %, 0 %, 15714 MiB, 420 MHz, 36.95 W
2026/08/19 17:22:32.883, 0 %, 11 %, 15714 MiB, 285 MHz, 34.38 W
2026/08/19 17:22:33.885, 0 %, 14 %, 15714 MiB, 210 MHz, 26.30 W
2026/08/19 17:22:34.886, 0 %, 20 %, 15714 MiB, 202 MHz, 24.26 W
2026/08/19 17:22:35.888, 0 %, 13 %, 15714 MiB, 202 MHz, 23.63 W
2026/08/19 17:22:36.890, 98 %, 88 %, 15718 MiB, 1567 MHz, 124.93 W
2026/08/19 17:22:37.891, 98 %, 88 %, 15718 MiB, 2850 MHz, 222.93 W
2026/08/19 17:22:38.892, 98 %, 87 %, 15718 MiB, 2842 MHz, 222.97 W
2026/08/19 17:22:39.893, 98 %, 87 %, 15718 MiB, 2842 MHz, 222.05 W
2026/08/19 17:22:40.894, 97 %, 84 %, 15718 MiB, 2842 MHz, 226.61 W
2026/08/19 17:22:41.895, 98 %, 85 %, 15718 MiB, 2842 MHz, 252.88 W
2026/08/19 17:22:42.896, 98 %, 86 %, 15718 MiB, 2842 MHz, 253.72 W
2026/08/19 17:22:43.897, 98 %, 86 %, 15718 MiB, 2842 MHz, 253.84 W
2026/08/19 17:22:44.899, 89 %, 68 %, 15718 MiB, 2842 MHz, 257.30 W
2026/08/19 17:22:45.900, 98 %, 87 %, 15718 MiB, 2842 MHz, 228.68 W
2026/08/19 17:22:46.901, 98 %, 88 %, 15714 MiB, 2842 MHz, 224.28 W
2026/08/19 17:22:47.902, 98 %, 88 %, 15714 MiB, 2842 MHz, 224.18 W
2026/08/19 17:22:51.240, 98 %, 88 %, 15714 MiB, 2842 MHz, 224.06 W
2026/08/19 17:22:52.241, 98 %, 89 %, 15710 MiB, 2835 MHz, 247.48 W
2026/08/19 17:22:53.242, 98 %, 89 %, 15707 MiB, 2842 MHz, 225.35 W
2026/08/19 17:22:54.243, 98 %, 89 %, 15707 MiB, 2842 MHz, 225.43 W
2026/08/19 17:22:55.243, 98 %, 88 %, 15707 MiB, 2842 MHz, 224.95 W
2026/08/19 17:22:56.245, 98 %, 78 %, 15707 MiB, 2842 MHz, 241.56 W
2026/08/19 17:22:57.246, 98 %, 89 %, 15707 MiB, 2842 MHz, 228.91 W
2026/08/19 17:22:58.247, 98 %, 89 %, 15707 MiB, 2842 MHz, 225.71 W
2026/08/19 17:22:59.248, 98 %, 88 %, 15707 MiB, 2842 MHz, 225.03 W
2026/08/19 17:23:00.249, 98 %, 88 %, 15707 MiB, 2842 MHz, 225.25 W
2026/08/19 17:23:01.250, 98 %, 89 %, 15707 MiB, 2842 MHz, 254.41 W
2026/08/19 17:23:02.251, 98 %, 89 %, 15707 MiB, 2842 MHz, 225.81 W
2026/08/19 17:23:03.252, 98 %, 88 %, 15707 MiB, 2842 MHz, 225.74 W
2026/08/19 17:23:04.253, 98 %, 88 %, 15707 MiB, 2842 MHz, 224.96 W
2026/08/19 17:23:05.254, 99 %, 40 %, 15707 MiB, 2842 MHz, 247.11 W
2026/08/19 17:23:06.255, 98 %, 89 %, 15707 MiB, 2842 MHz, 234.80 W
2026/08/19 17:23:07.256, 98 %, 89 %, 15707 MiB, 2842 MHz, 226.03 W
2026/08/19 17:23:08.258, 98 %, 88 %, 15707 MiB, 2842 MHz, 225.68 W
2026/08/19 17:23:09.259, 98 %, 89 %, 15707 MiB, 2842 MHz, 225.68 W
2026/08/19 17:23:10.260, 98 %, 89 %, 15707 MiB, 2820 MHz, 254.71 W
2026/08/19 17:23:11.261, 98 %, 89 %, 15707 MiB, 2842 MHz, 226.70 W
2026/08/19 17:23:12.262, 98 %, 89 %, 15707 MiB, 2842 MHz, 226.74 W
2026/08/19 17:23:13.263, 98 %, 89 %, 15707 MiB, 2842 MHz, 226.12 W
2026/08/19 17:23:14.264, 98 %, 51 %, 15707 MiB, 2842 MHz, 251.89 W
2026/08/19 17:23:15.265, 98 %, 89 %, 15707 MiB, 2842 MHz, 229.01 W
2026/08/19 17:23:16.266, 98 %, 89 %, 15707 MiB, 2842 MHz, 226.44 W
2026/08/19 17:23:17.267, 98 %, 88 %, 15707 MiB, 2842 MHz, 225.51 W
2026/08/19 17:23:18.268, 98 %, 88 %, 15707 MiB, 2842 MHz, 225.29 W
2026/08/19 17:23:19.269, 98 %, 89 %, 15707 MiB, 2827 MHz, 256.87 W
2026/08/19 17:23:20.270, 98 %, 89 %, 15707 MiB, 2842 MHz, 226.24 W
2026/08/19 17:23:21.271, 98 %, 88 %, 15707 MiB, 2842 MHz, 225.84 W
2026/08/19 17:23:22.272, 98 %, 88 %, 15707 MiB, 2842 MHz, 225.77 W
2026/08/19 17:23:25.608, 98 %, 65 %, 15707 MiB, 2842 MHz, 246.63 W
2026/08/19 17:23:26.609, 98 %, 89 %, 15707 MiB, 2842 MHz, 234.16 W
2026/08/19 17:23:27.610, 98 %, 88 %, 15707 MiB, 2842 MHz, 226.29 W
2026/08/19 17:23:28.611, 98 %, 88 %, 15707 MiB, 2842 MHz, 225.68 W
2026/08/19 17:23:29.612, 98 %, 88 %, 15707 MiB, 2842 MHz, 226.01 W
2026/08/19 17:23:30.614, 98 %, 89 %, 15707 MiB, 2842 MHz, 257.71 W
2026/08/19 17:23:31.615, 98 %, 89 %, 15707 MiB, 2842 MHz, 227.36 W
2026/08/19 17:23:32.615, 98 %, 88 %, 15707 MiB, 2842 MHz, 226.74 W
2026/08/19 17:23:33.616, 98 %, 88 %, 15707 MiB, 2842 MHz, 226.44 W
2026/08/19 17:23:34.618, 99 %, 33 %, 15707 MiB, 2842 MHz, 255.25 W
2026/08/19 17:23:35.619, 98 %, 89 %, 15707 MiB, 2842 MHz, 239.87 W
2026/08/19 17:23:36.620, 98 %, 89 %, 15707 MiB, 2842 MHz, 227.19 W
2026/08/19 17:23:37.621, 98 %, 88 %, 15707 MiB, 2842 MHz, 226.01 W
2026/08/19 17:23:38.622, 98 %, 88 %, 15707 MiB, 2842 MHz, 226.42 W
2026/08/19 17:23:39.623, 98 %, 89 %, 15707 MiB, 2835 MHz, 255.22 W
2026/08/19 17:23:40.624, 98 %, 89 %, 15707 MiB, 2842 MHz, 227.72 W
2026/08/19 17:23:41.625, 98 %, 88 %, 15707 MiB, 2842 MHz, 227.25 W
2026/08/19 17:23:42.626, 98 %, 88 %, 15707 MiB, 2842 MHz, 226.45 W
2026/08/19 17:23:43.627, 99 %, 33 %, 15707 MiB, 2835 MHz, 257.47 W
2026/08/19 17:23:44.628, 98 %, 89 %, 15707 MiB, 2842 MHz, 233.19 W
2026/08/19 17:23:45.629, 98 %, 89 %, 15707 MiB, 2842 MHz, 227.52 W
2026/08/19 17:23:46.630, 98 %, 88 %, 15707 MiB, 2842 MHz, 226.29 W
2026/08/19 17:23:47.631, 98 %, 88 %, 15707 MiB, 2842 MHz, 226.71 W
2026/08/19 17:23:48.632, 98 %, 89 %, 15707 MiB, 2820 MHz, 255.20 W
2026/08/19 17:23:49.634, 98 %, 89 %, 15707 MiB, 2842 MHz, 227.59 W
2026/08/19 17:23:50.635, 98 %, 88 %, 15707 MiB, 2842 MHz, 227.16 W
2026/08/19 17:23:51.636, 98 %, 89 %, 15707 MiB, 2842 MHz, 226.59 W
2026/08/19 17:23:52.637, 99 %, 41 %, 15707 MiB, 2842 MHz, 257.43 W
2026/08/19 17:23:53.638, 98 %, 89 %, 15707 MiB, 2842 MHz, 227.37 W
2026/08/19 17:23:54.639, 98 %, 89 %, 15707 MiB, 2842 MHz, 227.09 W
2026/08/19 17:23:55.640, 98 %, 88 %, 15707 MiB, 2842 MHz, 226.31 W
2026/08/19 17:23:56.642, 98 %, 88 %, 15707 MiB, 2842 MHz, 226.38 W
2026/08/19 17:23:59.981, 98 %, 86 %, 15711 MiB, 2842 MHz, 255.76 W
2026/08/19 17:24:00.982, 97 %, 85 %, 15711 MiB, 2842 MHz, 223.98 W
2026/08/19 17:24:01.983, 98 %, 88 %, 15711 MiB, 2842 MHz, 226.21 W
2026/08/19 17:24:02.984, 98 %, 86 %, 15711 MiB, 2842 MHz, 223.85 W
2026/08/19 17:24:03.985, 99 %, 33 %, 15711 MiB, 2842 MHz, 247.83 W
2026/08/19 17:24:04.987, 98 %, 87 %, 15711 MiB, 2842 MHz, 231.05 W
2026/08/19 17:24:05.988, 98 %, 87 %, 15711 MiB, 2842 MHz, 225.56 W
2026/08/19 17:24:06.989, 98 %, 88 %, 15711 MiB, 2842 MHz, 225.53 W
2026/08/19 17:24:07.990, 98 %, 89 %, 15716 MiB, 2842 MHz, 226.05 W
2026/08/19 17:24:08.991, 98 %, 89 %, 15716 MiB, 2827 MHz, 257.85 W
2026/08/19 17:24:09.993, 98 %, 87 %, 15716 MiB, 2842 MHz, 226.49 W
2026/08/19 17:24:10.994, 98 %, 86 %, 15712 MiB, 2842 MHz, 225.90 W
2026/08/19 17:24:11.995, 98 %, 88 %, 15712 MiB, 2842 MHz, 226.45 W
2026/08/19 17:24:12.997, 98 %, 62 %, 15711 MiB, 2842 MHz, 237.66 W
2026/08/19 17:24:13.998, 98 %, 88 %, 15711 MiB, 2842 MHz, 244.96 W
2026/08/19 17:24:15.000, 98 %, 88 %, 15711 MiB, 2842 MHz, 227.23 W
2026/08/19 17:24:16.001, 98 %, 88 %, 15711 MiB, 2842 MHz, 226.73 W
2026/08/19 17:24:17.002, 98 %, 88 %, 15711 MiB, 2842 MHz, 226.15 W
2026/08/19 17:24:18.003, 98 %, 87 %, 15711 MiB, 2827 MHz, 254.23 W
2026/08/19 17:24:19.005, 98 %, 86 %, 15711 MiB, 2842 MHz, 223.50 W
2026/08/19 17:24:20.007, 98 %, 87 %, 15711 MiB, 2842 MHz, 223.21 W
2026/08/19 17:24:21.008, 98 %, 88 %, 15711 MiB, 2842 MHz, 225.29 W
2026/08/19 17:24:22.010, 98 %, 87 %, 15711 MiB, 2842 MHz, 223.95 W
2026/08/19 17:24:23.011, 98 %, 87 %, 15711 MiB, 2842 MHz, 255.19 W
2026/08/19 17:24:24.012, 98 %, 89 %, 15711 MiB, 2842 MHz, 226.85 W
2026/08/19 17:24:25.014, 98 %, 89 %, 15711 MiB, 2842 MHz, 227.00 W
2026/08/19 17:24:26.015, 98 %, 88 %, 15711 MiB, 2842 MHz, 226.64 W
2026/08/19 17:24:27.016, 98 %, 89 %, 15711 MiB, 2827 MHz, 258.46 W
2026/08/19 17:24:28.017, 98 %, 89 %, 15711 MiB, 2842 MHz, 227.96 W
2026/08/19 17:24:29.018, 98 %, 88 %, 15711 MiB, 2842 MHz, 226.83 W
2026/08/19 17:24:30.020, 98 %, 87 %, 15711 MiB, 2842 MHz, 223.90 W
2026/08/19 17:24:31.022, 98 %, 87 %, 15711 MiB, 2842 MHz, 225.28 W
2026/08/19 17:24:32.023, 98 %, 87 %, 15711 MiB, 2835 MHz, 252.53 W
2026/08/19 17:24:35.382, 98 %, 87 %, 15711 MiB, 2842 MHz, 225.71 W
2026/08/19 17:24:36.383, 98 %, 88 %, 15715 MiB, 2842 MHz, 226.44 W
2026/08/19 17:24:37.385, 98 %, 88 %, 15715 MiB, 2842 MHz, 226.29 W
2026/08/19 17:24:38.386, 98 %, 53 %, 15715 MiB, 2835 MHz, 257.09 W
2026/08/19 17:24:39.387, 98 %, 89 %, 15728 MiB, 2842 MHz, 226.78 W
2026/08/19 17:24:40.388, 98 %, 89 %, 15728 MiB, 2842 MHz, 227.11 W
2026/08/19 17:24:41.389, 98 %, 88 %, 15728 MiB, 2842 MHz, 226.07 W
2026/08/19 17:24:42.391, 98 %, 87 %, 15724 MiB, 2842 MHz, 225.14 W
2026/08/19 17:24:43.392, 98 %, 89 %, 15724 MiB, 2842 MHz, 256.79 W
2026/08/19 17:24:44.393, 98 %, 88 %, 15711 MiB, 2842 MHz, 226.20 W
2026/08/19 17:24:45.395, 98 %, 88 %, 15711 MiB, 2842 MHz, 226.29 W
2026/08/19 17:24:46.397, 98 %, 88 %, 15711 MiB, 2842 MHz, 226.15 W
2026/08/19 17:24:47.398, 98 %, 79 %, 15711 MiB, 2842 MHz, 257.18 W
2026/08/19 17:24:48.399, 98 %, 89 %, 15711 MiB, 2842 MHz, 227.59 W
2026/08/19 17:24:49.401, 98 %, 87 %, 15711 MiB, 2842 MHz, 225.82 W
2026/08/19 17:24:50.402, 98 %, 87 %, 15726 MiB, 2842 MHz, 224.58 W
2026/08/19 17:24:51.403, 98 %, 87 %, 15757 MiB, 2842 MHz, 224.99 W
2026/08/19 17:24:52.404, 98 %, 88 %, 15751 MiB, 2842 MHz, 256.39 W
2026/08/19 17:24:53.406, 98 %, 89 %, 15754 MiB, 2842 MHz, 226.38 W
2026/08/19 17:24:54.407, 98 %, 87 %, 15746 MiB, 2842 MHz, 225.56 W
2026/08/19 17:24:55.408, 98 %, 88 %, 15746 MiB, 2842 MHz, 225.83 W
2026/08/19 17:24:56.409, 99 %, 44 %, 15752 MiB, 2827 MHz, 257.45 W
2026/08/19 17:24:57.410, 98 %, 88 %, 15785 MiB, 2842 MHz, 225.76 W
2026/08/19 17:24:58.412, 98 %, 89 %, 15783 MiB, 2842 MHz, 225.77 W
2026/08/19 17:24:59.413, 98 %, 85 %, 15824 MiB, 2842 MHz, 224.44 W
2026/08/19 17:25:00.414, 98 %, 88 %, 15824 MiB, 2842 MHz, 225.93 W
2026/08/19 17:25:01.415, 98 %, 88 %, 15829 MiB, 2827 MHz, 251.67 W
2026/08/19 17:25:02.417, 98 %, 89 %, 15829 MiB, 2842 MHz, 227.33 W
2026/08/19 17:25:03.418, 98 %, 87 %, 15829 MiB, 2842 MHz, 226.08 W
2026/08/19 17:25:04.419, 98 %, 88 %, 15828 MiB, 2842 MHz, 225.35 W
2026/08/19 17:25:05.420, 98 %, 65 %, 15817 MiB, 2842 MHz, 245.69 W
2026/08/19 17:25:06.421, 98 %, 87 %, 15779 MiB, 2842 MHz, 223.93 W
2026/08/19 17:25:09.769, 98 %, 89 %, 15782 MiB, 2842 MHz, 223.22 W
2026/08/19 17:25:10.770, 98 %, 86 %, 15848 MiB, 2842 MHz, 222.31 W
2026/08/19 17:25:11.771, 98 %, 89 %, 15831 MiB, 2842 MHz, 224.86 W
2026/08/19 17:25:12.772, 98 %, 89 %, 15831 MiB, 2842 MHz, 246.55 W
2026/08/19 17:25:13.773, 98 %, 88 %, 15807 MiB, 2842 MHz, 225.30 W
2026/08/19 17:25:14.774, 98 %, 88 %, 15806 MiB, 2842 MHz, 226.81 W
2026/08/19 17:25:15.775, 98 %, 88 %, 15806 MiB, 2842 MHz, 226.09 W
2026/08/19 17:25:16.776, 99 %, 33 %, 15806 MiB, 2842 MHz, 251.55 W
2026/08/19 17:25:17.777, 98 %, 88 %, 15801 MiB, 2842 MHz, 232.11 W
2026/08/19 17:25:18.778, 98 %, 85 %, 15827 MiB, 2842 MHz, 222.49 W
2026/08/19 17:25:19.779, 98 %, 85 %, 15811 MiB, 2842 MHz, 223.84 W
2026/08/19 17:25:20.780, 98 %, 87 %, 15782 MiB, 2842 MHz, 221.90 W
2026/08/19 17:25:21.781, 98 %, 88 %, 15772 MiB, 2820 MHz, 255.03 W
2026/08/19 17:25:22.782, 98 %, 89 %, 15772 MiB, 2842 MHz, 226.25 W
2026/08/19 17:25:23.783, 98 %, 89 %, 15766 MiB, 2842 MHz, 226.32 W
2026/08/19 17:25:24.784, 98 %, 88 %, 15735 MiB, 2842 MHz, 226.38 W
2026/08/19 17:25:25.785, 98 %, 84 %, 15725 MiB, 2842 MHz, 240.49 W
2026/08/19 17:25:26.786, 98 %, 89 %, 15718 MiB, 2842 MHz, 232.08 W
2026/08/19 17:25:27.787, 98 %, 89 %, 15718 MiB, 2842 MHz, 226.60 W
2026/08/19 17:25:28.789, 98 %, 88 %, 15718 MiB, 2842 MHz, 226.49 W
2026/08/19 17:25:29.790, 98 %, 88 %, 15718 MiB, 2842 MHz, 226.40 W
2026/08/19 17:25:30.791, 98 %, 88 %, 15709 MiB, 2835 MHz, 257.21 W
2026/08/19 17:25:31.792, 98 %, 88 %, 15709 MiB, 2842 MHz, 227.10 W
2026/08/19 17:25:32.794, 98 %, 88 %, 15709 MiB, 2842 MHz, 226.76 W
2026/08/19 17:25:33.795, 98 %, 88 %, 15709 MiB, 2842 MHz, 226.20 W
2026/08/19 17:25:34.796, 98 %, 50 %, 15709 MiB, 2842 MHz, 243.58 W
2026/08/19 17:25:35.797, 98 %, 88 %, 15708 MiB, 2842 MHz, 229.52 W
2026/08/19 17:25:36.798, 98 %, 88 %, 15709 MiB, 2842 MHz, 226.95 W
2026/08/19 17:25:37.799, 98 %, 88 %, 15709 MiB, 2842 MHz, 226.16 W
2026/08/19 17:25:38.800, 98 %, 88 %, 15709 MiB, 2842 MHz, 225.81 W
2026/08/19 17:25:39.801, 98 %, 88 %, 15708 MiB, 2827 MHz, 257.81 W
2026/08/19 17:25:40.802, 98 %, 89 %, 15708 MiB, 2842 MHz, 227.11 W
2026/08/19 17:25:44.177, 98 %, 88 %, 15708 MiB, 2842 MHz, 226.50 W
2026/08/19 17:25:45.178, 98 %, 88 %, 15708 MiB, 2842 MHz, 226.09 W
2026/08/19 17:25:46.180, 98 %, 69 %, 15708 MiB, 2842 MHz, 234.08 W
2026/08/19 17:25:47.181, 98 %, 88 %, 15708 MiB, 2842 MHz, 234.64 W
2026/08/19 17:25:48.182, 98 %, 88 %, 15708 MiB, 2842 MHz, 226.40 W
2026/08/19 17:25:49.183, 98 %, 88 %, 15708 MiB, 2842 MHz, 226.15 W
2026/08/19 17:25:50.184, 98 %, 89 %, 15708 MiB, 2842 MHz, 226.25 W
2026/08/19 17:25:51.185, 98 %, 88 %, 15707 MiB, 2827 MHz, 257.19 W
2026/08/19 17:25:52.186, 98 %, 88 %, 15707 MiB, 2842 MHz, 226.70 W
2026/08/19 17:25:53.187, 98 %, 89 %, 15707 MiB, 2842 MHz, 225.99 W
2026/08/19 17:25:54.188, 98 %, 86 %, 15707 MiB, 2842 MHz, 222.69 W
2026/08/19 17:25:55.189, 98 %, 88 %, 15706 MiB, 2842 MHz, 223.28 W
2026/08/19 17:25:56.190, 98 %, 87 %, 15706 MiB, 2842 MHz, 252.85 W
2026/08/19 17:25:57.191, 98 %, 88 %, 15706 MiB, 2842 MHz, 225.55 W
2026/08/19 17:25:58.192, 98 %, 88 %, 15706 MiB, 2842 MHz, 225.56 W
2026/08/19 17:25:59.193, 98 %, 87 %, 15706 MiB, 2842 MHz, 225.25 W
2026/08/19 17:26:00.194, 98 %, 73 %, 15706 MiB, 2842 MHz, 254.87 W
2026/08/19 17:26:01.195, 98 %, 89 %, 15705 MiB, 2842 MHz, 225.58 W
2026/08/19 17:26:02.196, 98 %, 86 %, 15715 MiB, 2842 MHz, 223.55 W
2026/08/19 17:26:03.197, 98 %, 88 %, 15715 MiB, 2842 MHz, 225.16 W
2026/08/19 17:26:04.198, 98 %, 88 %, 15714 MiB, 2842 MHz, 226.71 W
2026/08/19 17:26:05.199, 98 %, 88 %, 15698 MiB, 2842 MHz, 253.69 W
2026/08/19 17:26:06.200, 98 %, 87 %, 15719 MiB, 2842 MHz, 224.78 W
2026/08/19 17:26:07.202, 98 %, 85 %, 15812 MiB, 2842 MHz, 225.05 W
2026/08/19 17:26:08.203, 98 %, 87 %, 15790 MiB, 2842 MHz, 225.41 W
2026/08/19 17:26:09.204, 98 %, 78 %, 15812 MiB, 2835 MHz, 253.67 W
2026/08/19 17:26:10.205, 98 %, 87 %, 15787 MiB, 2842 MHz, 227.00 W
2026/08/19 17:26:11.206, 98 %, 89 %, 15786 MiB, 2842 MHz, 227.46 W
2026/08/19 17:26:12.207, 98 %, 88 %, 15785 MiB, 2842 MHz, 226.50 W
2026/08/19 17:26:13.208, 98 %, 89 %, 15781 MiB, 2842 MHz, 226.69 W
2026/08/19 17:26:14.209, 98 %, 89 %, 15781 MiB, 2820 MHz, 258.04 W
2026/08/19 17:26:15.210, 98 %, 89 %, 15781 MiB, 2842 MHz, 227.39 W
2026/08/19 17:26:18.593, 98 %, 88 %, 15781 MiB, 2842 MHz, 226.67 W
2026/08/19 17:26:19.594, 98 %, 88 %, 15781 MiB, 2842 MHz, 226.51 W
2026/08/19 17:26:20.596, 98 %, 63 %, 15780 MiB, 2842 MHz, 257.92 W
2026/08/19 17:26:21.597, 98 %, 86 %, 15742 MiB, 2842 MHz, 224.21 W
2026/08/19 17:26:22.598, 98 %, 89 %, 15812 MiB, 2842 MHz, 223.77 W
2026/08/19 17:26:23.599, 98 %, 88 %, 15812 MiB, 2842 MHz, 225.68 W
2026/08/19 17:26:24.600, 98 %, 89 %, 15802 MiB, 2842 MHz, 226.42 W
2026/08/19 17:26:25.601, 98 %, 88 %, 15788 MiB, 2842 MHz, 254.66 W
2026/08/19 17:26:26.602, 98 %, 87 %, 15788 MiB, 2842 MHz, 224.79 W
2026/08/19 17:26:27.603, 98 %, 88 %, 15765 MiB, 2842 MHz, 223.95 W
2026/08/19 17:26:28.604, 98 %, 88 %, 15761 MiB, 2842 MHz, 224.70 W
2026/08/19 17:26:29.605, 98 %, 44 %, 15761 MiB, 2842 MHz, 252.74 W
2026/08/19 17:26:30.607, 98 %, 89 %, 15721 MiB, 2842 MHz, 225.66 W
2026/08/19 17:26:31.609, 98 %, 87 %, 15721 MiB, 2842 MHz, 225.56 W
2026/08/19 17:26:32.610, 98 %, 88 %, 15721 MiB, 2842 MHz, 225.29 W
2026/08/19 17:26:33.611, 98 %, 86 %, 15721 MiB, 2842 MHz, 224.43 W
2026/08/19 17:26:34.612, 98 %, 89 %, 15721 MiB, 2820 MHz, 253.72 W
2026/08/19 17:26:35.613, 98 %, 88 %, 15721 MiB, 2842 MHz, 224.59 W
2026/08/19 17:26:36.614, 98 %, 87 %, 15721 MiB, 2842 MHz, 224.16 W
2026/08/19 17:26:37.615, 98 %, 86 %, 15721 MiB, 2842 MHz, 223.67 W
2026/08/19 17:26:38.616, 98 %, 42 %, 15721 MiB, 2842 MHz, 243.07 W
2026/08/19 17:26:39.617, 98 %, 87 %, 15721 MiB, 2842 MHz, 234.99 W
2026/08/19 17:26:40.619, 98 %, 89 %, 15721 MiB, 2842 MHz, 225.84 W
2026/08/19 17:26:41.620, 98 %, 88 %, 15721 MiB, 2842 MHz, 225.66 W
2026/08/19 17:26:42.621, 98 %, 88 %, 15721 MiB, 2842 MHz, 224.55 W
2026/08/19 17:26:43.622, 98 %, 87 %, 15726 MiB, 2842 MHz, 254.79 W
2026/08/19 17:26:44.624, 98 %, 88 %, 15721 MiB, 2842 MHz, 224.87 W
2026/08/19 17:26:45.625, 98 %, 88 %, 15721 MiB, 2842 MHz, 225.75 W
2026/08/19 17:26:46.626, 98 %, 87 %, 15721 MiB, 2842 MHz, 225.55 W
2026/08/19 17:26:47.627, 98 %, 84 %, 15721 MiB, 2842 MHz, 240.09 W
2026/08/19 17:26:48.628, 98 %, 88 %, 15721 MiB, 2842 MHz, 254.65 W
2026/08/19 17:26:49.629, 98 %, 89 %, 15721 MiB, 2842 MHz, 227.04 W
2026/08/19 17:26:53.000, 98 %, 88 %, 15721 MiB, 2842 MHz, 226.36 W
2026/08/19 17:26:54.001, 98 %, 87 %, 15721 MiB, 2842 MHz, 225.29 W
2026/08/19 17:26:55.003, 98 %, 89 %, 15721 MiB, 2820 MHz, 256.23 W
2026/08/19 17:26:56.004, 98 %, 89 %, 15721 MiB, 2842 MHz, 227.43 W
2026/08/19 17:26:57.005, 98 %, 89 %, 15721 MiB, 2842 MHz, 227.38 W
2026/08/19 17:26:58.006, 98 %, 88 %, 15720 MiB, 2842 MHz, 226.49 W
2026/08/19 17:26:59.007, 98 %, 88 %, 15720 MiB, 2842 MHz, 228.95 W
2026/08/19 17:27:00.008, 98 %, 85 %, 15720 MiB, 2835 MHz, 252.71 W
2026/08/19 17:27:01.010, 98 %, 89 %, 15720 MiB, 2842 MHz, 226.34 W
2026/08/19 17:27:02.011, 98 %, 88 %, 15720 MiB, 2842 MHz, 225.05 W
2026/08/19 17:27:03.013, 98 %, 87 %, 15720 MiB, 2842 MHz, 225.66 W
2026/08/19 17:27:04.014, 98 %, 88 %, 15720 MiB, 2835 MHz, 257.01 W
2026/08/19 17:27:05.015, 98 %, 89 %, 15720 MiB, 2842 MHz, 226.89 W
2026/08/19 17:27:06.016, 98 %, 88 %, 15720 MiB, 2842 MHz, 223.48 W
2026/08/19 17:27:07.017, 98 %, 86 %, 15720 MiB, 2842 MHz, 222.02 W
2026/08/19 17:27:08.018, 98 %, 86 %, 15720 MiB, 2842 MHz, 228.16 W
2026/08/19 17:27:09.019, 98 %, 87 %, 15720 MiB, 2842 MHz, 249.28 W
2026/08/19 17:27:10.020, 98 %, 89 %, 15720 MiB, 2842 MHz, 225.29 W
2026/08/19 17:27:11.022, 98 %, 86 %, 15720 MiB, 2842 MHz, 224.34 W
2026/08/19 17:27:12.023, 98 %, 88 %, 15720 MiB, 2842 MHz, 225.58 W
2026/08/19 17:27:13.024, 98 %, 84 %, 15720 MiB, 2820 MHz, 256.32 W
2026/08/19 17:27:14.026, 98 %, 89 %, 15720 MiB, 2842 MHz, 227.06 W
2026/08/19 17:27:15.027, 98 %, 88 %, 15720 MiB, 2842 MHz, 226.80 W
2026/08/19 17:27:16.028, 98 %, 88 %, 15720 MiB, 2842 MHz, 225.71 W
2026/08/19 17:27:17.029, 98 %, 88 %, 15720 MiB, 2842 MHz, 226.20 W
2026/08/19 17:27:18.030, 98 %, 87 %, 15720 MiB, 2820 MHz, 252.14 W
2026/08/19 17:27:19.031, 97 %, 86 %, 15720 MiB, 2842 MHz, 224.49 W
2026/08/19 17:27:20.032, 98 %, 88 %, 15720 MiB, 2842 MHz, 226.09 W
2026/08/19 17:27:21.034, 98 %, 88 %, 15720 MiB, 2842 MHz, 225.32 W
2026/08/19 17:27:22.035, 98 %, 53 %, 15720 MiB, 2842 MHz, 256.33 W
2026/08/19 17:27:23.036, 98 %, 86 %, 15720 MiB, 2842 MHz, 224.66 W
2026/08/19 17:27:24.037, 98 %, 87 %, 15720 MiB, 2842 MHz, 224.25 W
2026/08/19 17:27:25.038, 98 %, 87 %, 15720 MiB, 2842 MHz, 224.32 W
2026/08/19 17:27:28.325, 98 %, 88 %, 15720 MiB, 2842 MHz, 225.74 W
2026/08/19 17:27:29.326, 98 %, 89 %, 15720 MiB, 2835 MHz, 257.55 W
2026/08/19 17:27:30.327, 98 %, 89 %, 15720 MiB, 2842 MHz, 226.92 W
2026/08/19 17:27:31.328, 98 %, 88 %, 15720 MiB, 2842 MHz, 225.68 W
2026/08/19 17:27:32.330, 98 %, 86 %, 15720 MiB, 2842 MHz, 224.59 W
2026/08/19 17:27:33.331, 98 %, 88 %, 15720 MiB, 2842 MHz, 231.99 W
2026/08/19 17:27:34.332, 98 %, 87 %, 15720 MiB, 2842 MHz, 247.80 W
2026/08/19 17:27:35.333, 98 %, 88 %, 15720 MiB, 2842 MHz, 225.08 W
2026/08/19 17:27:36.335, 98 %, 88 %, 15720 MiB, 2842 MHz, 225.31 W
2026/08/19 17:27:37.336, 98 %, 87 %, 15720 MiB, 2842 MHz, 225.21 W
2026/08/19 17:27:38.337, 98 %, 85 %, 15720 MiB, 2827 MHz, 254.70 W
2026/08/19 17:27:39.338, 98 %, 87 %, 15720 MiB, 2842 MHz, 225.83 W
2026/08/19 17:27:40.339, 98 %, 86 %, 15720 MiB, 2842 MHz, 225.98 W
2026/08/19 17:27:41.340, 98 %, 88 %, 15720 MiB, 2842 MHz, 225.28 W
2026/08/19 17:27:42.341, 99 %, 33 %, 15720 MiB, 2842 MHz, 249.81 W
2026/08/19 17:27:43.342, 98 %, 88 %, 15720 MiB, 2842 MHz, 232.09 W
2026/08/19 17:27:44.343, 98 %, 88 %, 15720 MiB, 2842 MHz, 226.77 W
2026/08/19 17:27:45.345, 98 %, 88 %, 15719 MiB, 2842 MHz, 226.23 W
2026/08/19 17:27:46.346, 98 %, 88 %, 15719 MiB, 2842 MHz, 225.91 W
2026/08/19 17:27:47.347, 98 %, 84 %, 15719 MiB, 2827 MHz, 256.64 W
2026/08/19 17:27:48.348, 98 %, 86 %, 15719 MiB, 2842 MHz, 223.54 W
2026/08/19 17:27:49.349, 98 %, 89 %, 15719 MiB, 2842 MHz, 227.03 W
2026/08/19 17:27:50.351, 98 %, 85 %, 15719 MiB, 2842 MHz, 222.12 W
2026/08/19 17:27:51.352, 98 %, 72 %, 15719 MiB, 2842 MHz, 231.42 W
2026/08/19 17:27:52.353, 98 %, 87 %, 15719 MiB, 2842 MHz, 247.25 W
2026/08/19 17:27:53.354, 98 %, 87 %, 15719 MiB, 2842 MHz, 225.03 W
2026/08/19 17:27:54.356, 98 %, 88 %, 15719 MiB, 2842 MHz, 225.40 W
2026/08/19 17:27:55.357, 98 %, 88 %, 15719 MiB, 2842 MHz, 223.81 W
2026/08/19 17:27:56.358, 98 %, 89 %, 15719 MiB, 2842 MHz, 258.13 W
2026/08/19 17:27:57.359, 98 %, 87 %, 15719 MiB, 2842 MHz, 225.46 W
2026/08/19 17:27:58.360, 98 %, 87 %, 15719 MiB, 2842 MHz, 224.40 W
2026/08/19 17:27:59.361, 98 %, 88 %, 15719 MiB, 2842 MHz, 224.35 W
2026/08/19 17:28:02.685, 98 %, 87 %, 15719 MiB, 2842 MHz, 224.89 W
2026/08/19 17:28:03.686, 98 %, 88 %, 15719 MiB, 2842 MHz, 255.93 W
2026/08/19 17:28:04.687, 98 %, 87 %, 15724 MiB, 2842 MHz, 223.91 W
2026/08/19 17:28:05.688, 98 %, 86 %, 15719 MiB, 2842 MHz, 224.47 W
2026/08/19 17:28:06.690, 98 %, 86 %, 15719 MiB, 2842 MHz, 222.57 W
2026/08/19 17:28:07.691, 98 %, 48 %, 15719 MiB, 2842 MHz, 248.55 W
2026/08/19 17:28:08.693, 98 %, 88 %, 15719 MiB, 2842 MHz, 236.51 W
2026/08/19 17:28:09.694, 98 %, 87 %, 15719 MiB, 2842 MHz, 224.27 W
2026/08/19 17:28:10.695, 98 %, 87 %, 15719 MiB, 2842 MHz, 224.35 W
2026/08/19 17:28:11.696, 98 %, 86 %, 15719 MiB, 2842 MHz, 222.79 W
2026/08/19 17:28:12.697, 98 %, 88 %, 15719 MiB, 2835 MHz, 255.02 W
2026/08/19 17:28:13.699, 98 %, 87 %, 15719 MiB, 2842 MHz, 225.54 W
2026/08/19 17:28:14.700, 98 %, 87 %, 15719 MiB, 2842 MHz, 224.86 W
2026/08/19 17:28:15.701, 98 %, 88 %, 15719 MiB, 2842 MHz, 225.11 W
2026/08/19 17:28:16.702, 98 %, 57 %, 15719 MiB, 2842 MHz, 248.45 W
2026/08/19 17:28:17.703, 98 %, 87 %, 15719 MiB, 2842 MHz, 225.50 W
2026/08/19 17:28:18.704, 98 %, 88 %, 15719 MiB, 2842 MHz, 224.97 W
2026/08/19 17:28:19.705, 98 %, 87 %, 15719 MiB, 2842 MHz, 223.89 W
2026/08/19 17:28:20.707, 98 %, 86 %, 15719 MiB, 2842 MHz, 224.11 W
2026/08/19 17:28:21.708, 98 %, 87 %, 15719 MiB, 2820 MHz, 253.19 W
2026/08/19 17:28:22.709, 98 %, 86 %, 15719 MiB, 2842 MHz, 223.53 W
2026/08/19 17:28:23.710, 98 %, 86 %, 15732 MiB, 2842 MHz, 222.91 W
2026/08/19 17:28:24.711, 98 %, 87 %, 15768 MiB, 2842 MHz, 222.86 W
2026/08/19 17:28:25.713, 98 %, 71 %, 15832 MiB, 2842 MHz, 244.01 W
2026/08/19 17:28:26.714, 98 %, 89 %, 15832 MiB, 2842 MHz, 237.89 W
2026/08/19 17:28:27.715, 98 %, 89 %, 15832 MiB, 2842 MHz, 227.16 W
2026/08/19 17:28:28.716, 98 %, 88 %, 15832 MiB, 2842 MHz, 226.78 W
2026/08/19 17:28:29.718, 98 %, 89 %, 15825 MiB, 2842 MHz, 226.45 W
2026/08/19 17:28:30.719, 98 %, 89 %, 15820 MiB, 2835 MHz, 258.13 W
2026/08/19 17:28:31.721, 98 %, 89 %, 15820 MiB, 2842 MHz, 227.01 W
2026/08/19 17:28:32.722, 98 %, 88 %, 15820 MiB, 2842 MHz, 226.15 W
2026/08/19 17:28:33.723, 98 %, 88 %, 15820 MiB, 2842 MHz, 225.87 W
2026/08/19 17:28:37.186, 98 %, 83 %, 15820 MiB, 2842 MHz, 240.70 W
2026/08/19 17:28:38.187, 98 %, 89 %, 15820 MiB, 2842 MHz, 244.01 W
2026/08/19 17:28:39.189, 98 %, 88 %, 15820 MiB, 2842 MHz, 226.90 W
2026/08/19 17:28:40.190, 98 %, 88 %, 15820 MiB, 2842 MHz, 226.34 W
2026/08/19 17:28:41.191, 98 %, 89 %, 15820 MiB, 2842 MHz, 226.35 W
2026/08/19 17:28:42.192, 98 %, 75 %, 15820 MiB, 2842 MHz, 257.78 W
2026/08/19 17:28:43.193, 98 %, 89 %, 15820 MiB, 2842 MHz, 227.30 W
2026/08/19 17:28:44.195, 98 %, 88 %, 15820 MiB, 2842 MHz, 226.76 W
2026/08/19 17:28:45.196, 98 %, 88 %, 15820 MiB, 2842 MHz, 226.09 W
2026/08/19 17:28:46.197, 98 %, 88 %, 15820 MiB, 2842 MHz, 226.37 W
2026/08/19 17:28:47.198, 98 %, 89 %, 15820 MiB, 2842 MHz, 249.00 W
2026/08/19 17:28:48.199, 98 %, 89 %, 15820 MiB, 2842 MHz, 227.08 W
2026/08/19 17:28:49.200, 98 %, 88 %, 15820 MiB, 2842 MHz, 226.02 W
2026/08/19 17:28:50.201, 98 %, 88 %, 15820 MiB, 2842 MHz, 226.29 W
2026/08/19 17:28:51.202, 0 %, 0 %, 15831 MiB, 2857 MHz, 108.74 W
2026/08/19 17:28:52.204, 0 %, 0 %, 15831 MiB, 2857 MHz, 63.94 W
2026/08/19 17:28:53.205, 3 %, 0 %, 15725 MiB, 675 MHz, 40.78 W
2026/08/19 17:28:54.209, 2 %, 0 %, 15768 MiB, 652 MHz, 38.22 W
2026/08/19 17:28:55.210, 0 %, 0 %, 15758 MiB, 487 MHz, 39.58 W
2026/08/19 17:28:56.212, 0 %, 0 %, 15754 MiB, 217 MHz, 35.60 W
2026/08/19 17:28:57.213, 0 %, 1 %, 15751 MiB, 202 MHz, 30.55 W
2026/08/19 17:28:58.215, 96 %, 87 %, 15749 MiB, 195 MHz, 59.02 W
2026/08/19 17:28:59.216, 98 %, 88 %, 15738 MiB, 2857 MHz, 222.50 W
2026/08/19 17:29:00.217, 98 %, 88 %, 15735 MiB, 2842 MHz, 223.80 W
2026/08/19 17:29:01.218, 98 %, 87 %, 15735 MiB, 2842 MHz, 221.74 W
2026/08/19 17:29:02.219, 98 %, 87 %, 15734 MiB, 2842 MHz, 222.19 W
2026/08/19 17:29:03.220, 98 %, 85 %, 15734 MiB, 2842 MHz, 246.03 W
2026/08/19 17:29:04.221, 98 %, 86 %, 15734 MiB, 2842 MHz, 254.48 W
2026/08/19 17:29:05.222, 98 %, 85 %, 15734 MiB, 2842 MHz, 253.27 W
2026/08/19 17:29:06.223, 98 %, 86 %, 15734 MiB, 2842 MHz, 254.15 W
2026/08/19 17:29:07.224, 98 %, 87 %, 15734 MiB, 2835 MHz, 246.88 W
2026/08/19 17:29:08.226, 98 %, 88 %, 15734 MiB, 2842 MHz, 222.96 W
2026/08/19 17:29:11.525, 98 %, 88 %, 15730 MiB, 2842 MHz, 224.21 W
2026/08/19 17:29:12.526, 98 %, 88 %, 15730 MiB, 2842 MHz, 223.37 W
2026/08/19 17:29:13.526, 98 %, 77 %, 15726 MiB, 2842 MHz, 237.32 W
2026/08/19 17:29:14.528, 98 %, 88 %, 15723 MiB, 2842 MHz, 244.60 W
2026/08/19 17:29:15.529, 98 %, 88 %, 15723 MiB, 2842 MHz, 225.78 W
2026/08/19 17:29:16.530, 98 %, 88 %, 15723 MiB, 2842 MHz, 225.34 W
2026/08/19 17:29:17.531, 98 %, 88 %, 15723 MiB, 2842 MHz, 224.82 W
2026/08/19 17:29:18.532, 98 %, 74 %, 15723 MiB, 2842 MHz, 256.75 W
2026/08/19 17:29:19.533, 98 %, 87 %, 15723 MiB, 2842 MHz, 225.33 W
2026/08/19 17:29:20.534, 98 %, 88 %, 15723 MiB, 2842 MHz, 226.14 W
2026/08/19 17:29:21.535, 98 %, 88 %, 15723 MiB, 2842 MHz, 225.10 W
2026/08/19 17:29:22.537, 98 %, 88 %, 15723 MiB, 2842 MHz, 230.75 W
2026/08/19 17:29:23.538, 98 %, 88 %, 15723 MiB, 2842 MHz, 248.52 W
2026/08/19 17:29:24.539, 98 %, 88 %, 15723 MiB, 2842 MHz, 225.43 W
2026/08/19 17:29:25.540, 98 %, 88 %, 15723 MiB, 2842 MHz, 225.43 W
2026/08/19 17:29:26.541, 98 %, 88 %, 15723 MiB, 2842 MHz, 225.24 W
2026/08/19 17:29:27.542, 98 %, 89 %, 15723 MiB, 2820 MHz, 254.40 W
2026/08/19 17:29:28.544, 98 %, 88 %, 15723 MiB, 2842 MHz, 226.64 W
2026/08/19 17:29:29.545, 98 %, 88 %, 15723 MiB, 2842 MHz, 226.75 W
2026/08/19 17:29:30.546, 98 %, 88 %, 15723 MiB, 2842 MHz, 226.19 W
2026/08/19 17:29:31.547, 99 %, 41 %, 15723 MiB, 2842 MHz, 254.33 W
2026/08/19 17:29:32.547, 98 %, 89 %, 15723 MiB, 2842 MHz, 227.41 W
2026/08/19 17:29:33.549, 98 %, 89 %, 15723 MiB, 2842 MHz, 226.57 W
2026/08/19 17:29:34.550, 98 %, 88 %, 15723 MiB, 2842 MHz, 226.63 W
2026/08/19 17:29:35.551, 98 %, 88 %, 15723 MiB, 2842 MHz, 226.59 W
2026/08/19 17:29:36.552, 98 %, 88 %, 15723 MiB, 2842 MHz, 255.32 W
2026/08/19 17:29:37.553, 98 %, 87 %, 15723 MiB, 2842 MHz, 226.57 W
2026/08/19 17:29:38.554, 98 %, 88 %, 15723 MiB, 2842 MHz, 227.15 W
2026/08/19 17:29:39.555, 98 %, 85 %, 15755 MiB, 2842 MHz, 222.57 W
2026/08/19 17:29:40.556, 98 %, 60 %, 15771 MiB, 2842 MHz, 255.18 W
2026/08/19 17:29:41.557, 98 %, 88 %, 15767 MiB, 2842 MHz, 226.07 W
2026/08/19 17:29:42.558, 98 %, 88 %, 15759 MiB, 2842 MHz, 226.30 W
2026/08/19 17:29:43.560, 98 %, 88 %, 15759 MiB, 2842 MHz, 226.80 W
2026/08/19 17:29:47.081, 98 %, 88 %, 15759 MiB, 2842 MHz, 226.97 W
2026/08/19 17:29:48.091, 98 %, 89 %, 15759 MiB, 2827 MHz, 258.12 W
2026/08/19 17:29:49.101, 98 %, 89 %, 15759 MiB, 2842 MHz, 227.74 W
2026/08/19 17:29:50.102, 98 %, 87 %, 15748 MiB, 2842 MHz, 226.27 W
2026/08/19 17:29:51.103, 98 %, 88 %, 15748 MiB, 2842 MHz, 226.68 W
2026/08/19 17:29:52.104, 98 %, 88 %, 15748 MiB, 2842 MHz, 226.90 W
2026/08/19 17:29:53.105, 98 %, 89 %, 15748 MiB, 2842 MHz, 255.64 W
2026/08/19 17:29:54.106, 98 %, 89 %, 15748 MiB, 2842 MHz, 227.83 W
2026/08/19 17:29:55.107, 98 %, 88 %, 15748 MiB, 2842 MHz, 227.12 W
2026/08/19 17:29:56.108, 98 %, 89 %, 15748 MiB, 2842 MHz, 227.09 W
2026/08/19 17:29:57.109, 98 %, 89 %, 15748 MiB, 2820 MHz, 258.45 W
2026/08/19 17:29:58.110, 98 %, 89 %, 15748 MiB, 2842 MHz, 228.13 W
2026/08/19 17:29:59.111, 98 %, 88 %, 15748 MiB, 2842 MHz, 227.30 W
2026/08/19 17:30:00.112, 98 %, 88 %, 15748 MiB, 2842 MHz, 227.11 W
2026/08/19 17:30:01.113, 99 %, 33 %, 15748 MiB, 2842 MHz, 256.14 W
2026/08/19 17:30:02.114, 98 %, 89 %, 15748 MiB, 2842 MHz, 229.68 W
2026/08/19 17:30:03.115, 98 %, 89 %, 15748 MiB, 2842 MHz, 227.93 W
2026/08/19 17:30:04.116, 98 %, 88 %, 15748 MiB, 2842 MHz, 226.51 W
2026/08/19 17:30:05.117, 98 %, 88 %, 15748 MiB, 2842 MHz, 226.91 W
2026/08/19 17:30:06.119, 98 %, 89 %, 15748 MiB, 2842 MHz, 259.03 W
2026/08/19 17:30:07.119, 98 %, 89 %, 15748 MiB, 2842 MHz, 228.06 W
2026/08/19 17:30:08.120, 98 %, 87 %, 15748 MiB, 2842 MHz, 227.04 W
2026/08/19 17:30:09.121, 98 %, 88 %, 15748 MiB, 2842 MHz, 226.94 W
2026/08/19 17:30:10.122, 98 %, 76 %, 15748 MiB, 2827 MHz, 255.69 W
2026/08/19 17:30:11.123, 98 %, 89 %, 15748 MiB, 2842 MHz, 227.82 W
2026/08/19 17:30:12.124, 98 %, 89 %, 15748 MiB, 2842 MHz, 227.60 W
2026/08/19 17:30:13.126, 98 %, 88 %, 15755 MiB, 2842 MHz, 223.26 W
2026/08/19 17:30:14.127, 98 %, 87 %, 15751 MiB, 2842 MHz, 224.98 W
2026/08/19 17:30:15.128, 98 %, 88 %, 15751 MiB, 2835 MHz, 253.76 W
2026/08/19 17:30:16.129, 98 %, 89 %, 15751 MiB, 2842 MHz, 226.31 W
2026/08/19 17:30:17.130, 98 %, 87 %, 15751 MiB, 2842 MHz, 225.16 W
2026/08/19 17:30:18.132, 98 %, 88 %, 15751 MiB, 2842 MHz, 224.32 W
2026/08/19 17:30:21.507, 99 %, 35 %, 15751 MiB, 2835 MHz, 255.06 W
2026/08/19 17:30:22.508, 98 %, 89 %, 15751 MiB, 2842 MHz, 238.07 W
2026/08/19 17:30:23.509, 98 %, 89 %, 15751 MiB, 2842 MHz, 227.25 W
2026/08/19 17:30:24.510, 98 %, 88 %, 15751 MiB, 2842 MHz, 226.16 W
2026/08/19 17:30:25.511, 98 %, 88 %, 15751 MiB, 2842 MHz, 224.09 W
2026/08/19 17:30:26.512, 98 %, 87 %, 15751 MiB, 2820 MHz, 252.42 W
2026/08/19 17:30:27.513, 98 %, 89 %, 15751 MiB, 2842 MHz, 226.71 W
2026/08/19 17:30:28.514, 98 %, 89 %, 15751 MiB, 2842 MHz, 226.23 W
2026/08/19 17:30:29.515, 98 %, 87 %, 15751 MiB, 2842 MHz, 226.06 W
2026/08/19 17:30:30.516, 98 %, 88 %, 15751 MiB, 2842 MHz, 234.09 W
2026/08/19 17:30:31.517, 98 %, 89 %, 15751 MiB, 2842 MHz, 255.62 W
2026/08/19 17:30:32.518, 98 %, 89 %, 15751 MiB, 2842 MHz, 227.39 W
2026/08/19 17:30:33.519, 98 %, 88 %, 15751 MiB, 2842 MHz, 226.61 W
2026/08/19 17:30:34.520, 98 %, 87 %, 15751 MiB, 2842 MHz, 223.69 W
2026/08/19 17:30:35.521, 98 %, 88 %, 15751 MiB, 2842 MHz, 254.61 W
2026/08/19 17:30:36.522, 98 %, 89 %, 15751 MiB, 2842 MHz, 226.90 W
2026/08/19 17:30:37.523, 98 %, 88 %, 15751 MiB, 2842 MHz, 225.78 W
2026/08/19 17:30:38.524, 98 %, 87 %, 15751 MiB, 2842 MHz, 224.54 W
2026/08/19 17:30:39.525, 98 %, 66 %, 15751 MiB, 2842 MHz, 244.57 W
2026/08/19 17:30:40.526, 98 %, 89 %, 15751 MiB, 2842 MHz, 227.76 W
2026/08/19 17:30:41.527, 98 %, 89 %, 15751 MiB, 2842 MHz, 227.25 W
2026/08/19 17:30:42.528, 98 %, 88 %, 15751 MiB, 2842 MHz, 225.94 W
2026/08/19 17:30:43.529, 98 %, 88 %, 15751 MiB, 2842 MHz, 226.07 W
2026/08/19 17:30:44.530, 98 %, 89 %, 15751 MiB, 2820 MHz, 255.31 W
2026/08/19 17:30:45.531, 98 %, 89 %, 15751 MiB, 2842 MHz, 227.48 W
2026/08/19 17:30:46.532, 98 %, 88 %, 15751 MiB, 2842 MHz, 226.88 W
2026/08/19 17:30:47.533, 98 %, 88 %, 15751 MiB, 2842 MHz, 226.23 W
2026/08/19 17:30:48.534, 99 %, 33 %, 15751 MiB, 2842 MHz, 256.57 W
2026/08/19 17:30:49.535, 98 %, 87 %, 15769 MiB, 2842 MHz, 224.27 W
2026/08/19 17:30:50.536, 98 %, 87 %, 15811 MiB, 2842 MHz, 225.54 W
2026/08/19 17:30:51.538, 98 %, 88 %, 15838 MiB, 2842 MHz, 223.72 W
2026/08/19 17:30:52.539, 98 %, 88 %, 15824 MiB, 2842 MHz, 223.96 W
2026/08/19 17:30:55.872, 98 %, 87 %, 15809 MiB, 2835 MHz, 254.61 W
2026/08/19 17:30:56.874, 97 %, 86 %, 15786 MiB, 2842 MHz, 223.48 W
2026/08/19 17:30:57.875, 98 %, 88 %, 15786 MiB, 2842 MHz, 225.47 W
2026/08/19 17:30:58.876, 98 %, 86 %, 15779 MiB, 2842 MHz, 222.72 W
2026/08/19 17:30:59.877, 98 %, 86 %, 15749 MiB, 2842 MHz, 223.02 W
2026/08/19 17:31:00.878, 98 %, 88 %, 15726 MiB, 2827 MHz, 255.14 W
2026/08/19 17:31:01.879, 98 %, 87 %, 15726 MiB, 2842 MHz, 225.54 W
2026/08/19 17:31:02.880, 98 %, 87 %, 15726 MiB, 2842 MHz, 223.98 W
2026/08/19 17:31:03.881, 98 %, 88 %, 15720 MiB, 2842 MHz, 224.54 W
2026/08/19 17:31:04.882, 99 %, 40 %, 15732 MiB, 2842 MHz, 254.96 W
2026/08/19 17:31:05.884, 98 %, 86 %, 15855 MiB, 2842 MHz, 224.28 W
2026/08/19 17:31:06.885, 98 %, 89 %, 15841 MiB, 2842 MHz, 225.80 W
2026/08/19 17:31:07.886, 98 %, 88 %, 15841 MiB, 2842 MHz, 225.89 W
2026/08/19 17:31:08.887, 98 %, 87 %, 15802 MiB, 2842 MHz, 224.32 W
2026/08/19 17:31:09.888, 98 %, 89 %, 15801 MiB, 2827 MHz, 257.45 W
2026/08/19 17:31:10.889, 98 %, 89 %, 15801 MiB, 2842 MHz, 227.01 W
2026/08/19 17:31:11.890, 98 %, 88 %, 15801 MiB, 2842 MHz, 226.66 W
2026/08/19 17:31:12.891, 98 %, 89 %, 15801 MiB, 2842 MHz, 226.32 W
2026/08/19 17:31:13.892, 98 %, 69 %, 15801 MiB, 2835 MHz, 254.37 W
2026/08/19 17:31:14.893, 98 %, 89 %, 15801 MiB, 2842 MHz, 227.03 W
2026/08/19 17:31:15.894, 98 %, 89 %, 15801 MiB, 2842 MHz, 226.76 W
2026/08/19 17:31:16.895, 98 %, 88 %, 15801 MiB, 2842 MHz, 226.01 W
2026/08/19 17:31:17.896, 99 %, 43 %, 15801 MiB, 2842 MHz, 246.33 W
2026/08/19 17:31:18.897, 98 %, 89 %, 15801 MiB, 2842 MHz, 227.14 W
2026/08/19 17:31:19.898, 98 %, 89 %, 15801 MiB, 2842 MHz, 227.20 W
2026/08/19 17:31:20.900, 98 %, 88 %, 15801 MiB, 2842 MHz, 226.60 W
2026/08/19 17:31:21.901, 98 %, 88 %, 15801 MiB, 2842 MHz, 226.60 W
2026/08/19 17:31:22.902, 98 %, 89 %, 15801 MiB, 2835 MHz, 255.07 W
2026/08/19 17:31:23.903, 98 %, 89 %, 15801 MiB, 2842 MHz, 226.88 W
2026/08/19 17:31:24.904, 98 %, 88 %, 15801 MiB, 2842 MHz, 226.89 W
2026/08/19 17:31:25.905, 98 %, 88 %, 15801 MiB, 2842 MHz, 226.09 W
2026/08/19 17:31:26.906, 98 %, 88 %, 15801 MiB, 2842 MHz, 228.15 W
2026/08/19 17:31:30.258, 98 %, 87 %, 15801 MiB, 2842 MHz, 255.15 W
2026/08/19 17:31:31.259, 98 %, 89 %, 15801 MiB, 2842 MHz, 227.11 W
2026/08/19 17:31:32.261, 98 %, 88 %, 15801 MiB, 2842 MHz, 226.70 W
2026/08/19 17:31:33.262, 98 %, 88 %, 15801 MiB, 2842 MHz, 226.14 W
2026/08/19 17:31:34.263, 99 %, 46 %, 15801 MiB, 2842 MHz, 256.85 W
2026/08/19 17:31:35.264, 98 %, 89 %, 15801 MiB, 2842 MHz, 227.50 W
2026/08/19 17:31:36.265, 98 %, 89 %, 15801 MiB, 2842 MHz, 227.43 W
2026/08/19 17:31:37.267, 98 %, 88 %, 15801 MiB, 2842 MHz, 226.48 W
2026/08/19 17:31:38.268, 98 %, 88 %, 15801 MiB, 2842 MHz, 226.23 W
2026/08/19 17:31:39.269, 98 %, 89 %, 15801 MiB, 2842 MHz, 257.45 W
2026/08/19 17:31:40.270, 98 %, 89 %, 15801 MiB, 2842 MHz, 225.97 W
2026/08/19 17:31:41.271, 98 %, 88 %, 15801 MiB, 2842 MHz, 225.94 W
2026/08/19 17:31:42.272, 97 %, 85 %, 15828 MiB, 2842 MHz, 224.89 W
2026/08/19 17:31:43.274, 98 %, 82 %, 15829 MiB, 2827 MHz, 256.58 W
2026/08/19 17:31:44.274, 98 %, 89 %, 15777 MiB, 2842 MHz, 224.41 W
2026/08/19 17:31:45.276, 98 %, 88 %, 15767 MiB, 2842 MHz, 226.58 W
2026/08/19 17:31:46.276, 98 %, 88 %, 15767 MiB, 2842 MHz, 225.80 W
2026/08/19 17:31:47.277, 98 %, 88 %, 15765 MiB, 2842 MHz, 235.80 W
2026/08/19 17:31:48.278, 98 %, 88 %, 15765 MiB, 2842 MHz, 246.37 W
2026/08/19 17:31:49.279, 98 %, 89 %, 15765 MiB, 2842 MHz, 226.43 W
2026/08/19 17:31:50.282, 98 %, 88 %, 15761 MiB, 2842 MHz, 225.61 W
2026/08/19 17:31:51.283, 98 %, 86 %, 15747 MiB, 2842 MHz, 223.79 W
2026/08/19 17:31:52.284, 98 %, 86 %, 15766 MiB, 2835 MHz, 252.93 W
2026/08/19 17:31:53.285, 97 %, 86 %, 15801 MiB, 2842 MHz, 222.25 W
2026/08/19 17:31:54.286, 97 %, 86 %, 15859 MiB, 2842 MHz, 223.39 W
2026/08/19 17:31:55.287, 98 %, 88 %, 15854 MiB, 2842 MHz, 223.82 W
2026/08/19 17:31:56.288, 98 %, 84 %, 15854 MiB, 2842 MHz, 239.75 W
2026/08/19 17:31:57.289, 98 %, 89 %, 15840 MiB, 2842 MHz, 241.32 W
2026/08/19 17:31:58.290, 98 %, 89 %, 15853 MiB, 2842 MHz, 225.47 W
2026/08/19 17:31:59.292, 98 %, 88 %, 15835 MiB, 2842 MHz, 225.66 W
2026/08/19 17:32:00.293, 98 %, 88 %, 15834 MiB, 2842 MHz, 225.56 W
2026/08/19 17:32:01.295, 98 %, 89 %, 15827 MiB, 2827 MHz, 253.25 W
2026/08/19 17:32:04.807, 98 %, 88 %, 15807 MiB, 2842 MHz, 226.27 W
2026/08/19 17:32:05.808, 98 %, 89 %, 15803 MiB, 2842 MHz, 225.64 W
2026/08/19 17:32:06.809, 98 %, 88 %, 15803 MiB, 2842 MHz, 225.33 W
2026/08/19 17:32:07.811, 98 %, 88 %, 15777 MiB, 2842 MHz, 226.55 W
2026/08/19 17:32:08.812, 98 %, 87 %, 15781 MiB, 2842 MHz, 251.95 W
2026/08/19 17:32:09.813, 98 %, 89 %, 15781 MiB, 2842 MHz, 226.43 W
2026/08/19 17:32:10.814, 98 %, 88 %, 15785 MiB, 2842 MHz, 224.81 W
2026/08/19 17:32:11.815, 98 %, 87 %, 15794 MiB, 2842 MHz, 224.32 W
2026/08/19 17:32:12.816, 98 %, 80 %, 15801 MiB, 2842 MHz, 254.18 W
2026/08/19 17:32:13.818, 98 %, 89 %, 15801 MiB, 2842 MHz, 226.84 W
2026/08/19 17:32:14.819, 98 %, 89 %, 15793 MiB, 2842 MHz, 226.61 W
2026/08/19 17:32:15.820, 98 %, 88 %, 15788 MiB, 2842 MHz, 224.86 W
2026/08/19 17:32:16.821, 98 %, 88 %, 15803 MiB, 2842 MHz, 223.41 W
2026/08/19 17:32:17.822, 98 %, 85 %, 15801 MiB, 2842 MHz, 234.39 W
2026/08/19 17:32:18.827, 98 %, 86 %, 15816 MiB, 2842 MHz, 223.36 W
2026/08/19 17:32:19.828, 98 %, 86 %, 15795 MiB, 2842 MHz, 221.42 W
2026/08/19 17:32:20.829, 97 %, 84 %, 15876 MiB, 2842 MHz, 220.64 W
2026/08/19 17:32:21.830, 98 %, 87 %, 15865 MiB, 2835 MHz, 251.60 W
2026/08/19 17:32:22.831, 98 %, 88 %, 15846 MiB, 2842 MHz, 224.57 W
2026/08/19 17:32:23.832, 98 %, 88 %, 15831 MiB, 2842 MHz, 222.98 W
2026/08/19 17:32:24.833, 98 %, 88 %, 15847 MiB, 2842 MHz, 223.59 W
2026/08/19 17:32:25.835, 98 %, 57 %, 15843 MiB, 2842 MHz, 238.16 W
2026/08/19 17:32:26.836, 98 %, 88 %, 15833 MiB, 2842 MHz, 231.84 W
2026/08/19 17:32:27.837, 98 %, 87 %, 15866 MiB, 2842 MHz, 224.91 W
2026/08/19 17:32:28.838, 97 %, 87 %, 15848 MiB, 2842 MHz, 224.23 W
2026/08/19 17:32:29.839, 98 %, 87 %, 15838 MiB, 2842 MHz, 224.79 W
2026/08/19 17:32:30.840, 98 %, 87 %, 15835 MiB, 2827 MHz, 257.02 W
2026/08/19 17:32:31.841, 98 %, 89 %, 15832 MiB, 2842 MHz, 226.79 W
2026/08/19 17:32:32.842, 98 %, 88 %, 15807 MiB, 2842 MHz, 226.62 W
2026/08/19 17:32:33.843, 98 %, 88 %, 15799 MiB, 2842 MHz, 225.41 W
2026/08/19 17:32:34.844, 98 %, 85 %, 15804 MiB, 2842 MHz, 222.22 W
2026/08/19 17:32:35.845, 98 %, 84 %, 15819 MiB, 2842 MHz, 252.19 W
2026/08/19 17:32:36.847, 98 %, 89 %, 15863 MiB, 2842 MHz, 224.05 W
2026/08/19 17:32:40.340, 98 %, 87 %, 15862 MiB, 2842 MHz, 225.43 W
2026/08/19 17:32:41.341, 98 %, 88 %, 15857 MiB, 2842 MHz, 225.41 W
2026/08/19 17:32:42.344, 98 %, 64 %, 15843 MiB, 2842 MHz, 244.08 W
2026/08/19 17:32:43.345, 98 %, 85 %, 15878 MiB, 2842 MHz, 232.09 W
2026/08/19 17:32:44.346, 98 %, 87 %, 15870 MiB, 2842 MHz, 225.23 W
2026/08/19 17:32:45.347, 98 %, 87 %, 15866 MiB, 2842 MHz, 223.20 W
2026/08/19 17:32:46.349, 98 %, 87 %, 15896 MiB, 2842 MHz, 223.84 W
2026/08/19 17:32:47.350, 98 %, 87 %, 15896 MiB, 2827 MHz, 254.48 W
2026/08/19 17:32:48.351, 98 %, 88 %, 15896 MiB, 2842 MHz, 226.59 W
2026/08/19 17:32:49.352, 98 %, 88 %, 15897 MiB, 2842 MHz, 226.64 W
2026/08/19 17:32:50.354, 98 %, 88 %, 15897 MiB, 2842 MHz, 225.55 W
2026/08/19 17:32:51.355, 98 %, 57 %, 15843 MiB, 2842 MHz, 237.29 W
2026/08/19 17:32:52.356, 98 %, 89 %, 15843 MiB, 2842 MHz, 242.96 W
2026/08/19 17:32:53.357, 98 %, 89 %, 15843 MiB, 2842 MHz, 225.88 W
2026/08/19 17:32:54.358, 98 %, 88 %, 15850 MiB, 2842 MHz, 224.87 W
2026/08/19 17:32:55.359, 98 %, 88 %, 15850 MiB, 2842 MHz, 225.59 W
2026/08/19 17:32:56.360, 98 %, 88 %, 15862 MiB, 2842 MHz, 256.99 W
2026/08/19 17:32:57.361, 98 %, 88 %, 15862 MiB, 2842 MHz, 226.12 W
2026/08/19 17:32:58.362, 98 %, 88 %, 15870 MiB, 2842 MHz, 226.13 W
2026/08/19 17:32:59.363, 98 %, 88 %, 15857 MiB, 2842 MHz, 224.96 W
2026/08/19 17:33:00.364, 98 %, 76 %, 15857 MiB, 2835 MHz, 256.53 W
2026/08/19 17:33:01.365, 98 %, 89 %, 15857 MiB, 2842 MHz, 227.20 W
2026/08/19 17:33:02.366, 98 %, 89 %, 15857 MiB, 2842 MHz, 226.98 W
2026/08/19 17:33:03.367, 98 %, 87 %, 15865 MiB, 2842 MHz, 225.25 W
2026/08/19 17:33:04.369, 98 %, 88 %, 15860 MiB, 2842 MHz, 225.06 W
2026/08/19 17:33:05.369, 98 %, 89 %, 15871 MiB, 2820 MHz, 251.92 W
2026/08/19 17:33:06.371, 98 %, 89 %, 15871 MiB, 2842 MHz, 225.54 W
2026/08/19 17:33:07.372, 98 %, 87 %, 15871 MiB, 2842 MHz, 224.87 W
2026/08/19 17:33:08.373, 98 %, 87 %, 15871 MiB, 2842 MHz, 223.54 W
2026/08/19 17:33:09.374, 99 %, 39 %, 15870 MiB, 2842 MHz, 255.57 W
2026/08/19 17:33:10.375, 98 %, 89 %, 15867 MiB, 2842 MHz, 227.05 W
2026/08/19 17:33:11.376, 98 %, 89 %, 15867 MiB, 2842 MHz, 226.55 W
2026/08/19 17:33:14.894, 98 %, 86 %, 15872 MiB, 2842 MHz, 221.76 W
2026/08/19 17:33:15.895, 98 %, 86 %, 15899 MiB, 2842 MHz, 222.70 W
2026/08/19 17:33:16.896, 98 %, 88 %, 15896 MiB, 2842 MHz, 252.31 W
2026/08/19 17:33:17.897, 98 %, 88 %, 15892 MiB, 2842 MHz, 225.21 W
2026/08/19 17:33:18.898, 98 %, 88 %, 15879 MiB, 2842 MHz, 224.96 W
2026/08/19 17:33:19.899, 98 %, 87 %, 15870 MiB, 2842 MHz, 223.86 W
2026/08/19 17:33:20.901, 98 %, 60 %, 15852 MiB, 2842 MHz, 248.87 W
2026/08/19 17:33:21.902, 98 %, 88 %, 15848 MiB, 2842 MHz, 243.97 W
2026/08/19 17:33:22.903, 98 %, 89 %, 15848 MiB, 2842 MHz, 226.44 W
2026/08/19 17:33:23.904, 98 %, 88 %, 15848 MiB, 2842 MHz, 225.80 W
2026/08/19 17:33:24.905, 98 %, 88 %, 15848 MiB, 2842 MHz, 225.64 W
2026/08/19 17:33:25.907, 98 %, 89 %, 15848 MiB, 2820 MHz, 256.76 W
2026/08/19 17:33:26.908, 98 %, 89 %, 15848 MiB, 2842 MHz, 226.44 W
2026/08/19 17:33:27.909, 98 %, 85 %, 15846 MiB, 2842 MHz, 223.21 W
2026/08/19 17:33:28.910, 98 %, 87 %, 15836 MiB, 2842 MHz, 222.73 W
2026/08/19 17:33:29.911, 99 %, 38 %, 15813 MiB, 2842 MHz, 245.90 W
2026/08/19 17:33:30.912, 98 %, 87 %, 15817 MiB, 2842 MHz, 233.66 W
2026/08/19 17:33:31.913, 98 %, 88 %, 15808 MiB, 2842 MHz, 225.71 W
2026/08/19 17:33:32.914, 98 %, 88 %, 15808 MiB, 2842 MHz, 225.16 W
2026/08/19 17:33:33.916, 98 %, 88 %, 15808 MiB, 2842 MHz, 225.14 W
2026/08/19 17:33:34.917, 98 %, 88 %, 15826 MiB, 2842 MHz, 255.60 W
2026/08/19 17:33:35.918, 98 %, 88 %, 15820 MiB, 2842 MHz, 225.48 W
2026/08/19 17:33:36.919, 98 %, 88 %, 15810 MiB, 2842 MHz, 225.63 W
2026/08/19 17:33:37.921, 98 %, 88 %, 15810 MiB, 2842 MHz, 225.10 W
2026/08/19 17:33:38.922, 98 %, 74 %, 15806 MiB, 2842 MHz, 243.40 W
2026/08/19 17:33:39.924, 98 %, 88 %, 15806 MiB, 2842 MHz, 237.58 W
2026/08/19 17:33:40.925, 98 %, 87 %, 15886 MiB, 2842 MHz, 223.95 W
2026/08/19 17:33:41.926, 98 %, 87 %, 15885 MiB, 2842 MHz, 224.04 W
2026/08/19 17:33:42.927, 98 %, 88 %, 15875 MiB, 2842 MHz, 225.51 W
2026/08/19 17:33:43.928, 98 %, 89 %, 15875 MiB, 2820 MHz, 253.44 W
2026/08/19 17:33:44.930, 98 %, 87 %, 15875 MiB, 2842 MHz, 226.63 W
2026/08/19 17:33:45.931, 98 %, 88 %, 15875 MiB, 2842 MHz, 226.86 W
2026/08/19 17:33:49.326, 98 %, 88 %, 15875 MiB, 2842 MHz, 225.89 W
2026/08/19 17:33:50.327, 98 %, 88 %, 15880 MiB, 2842 MHz, 229.11 W
2026/08/19 17:33:51.328, 97 %, 85 %, 15860 MiB, 2835 MHz, 248.07 W
2026/08/19 17:33:52.329, 98 %, 89 %, 15860 MiB, 2842 MHz, 224.79 W
2026/08/19 17:33:53.331, 98 %, 88 %, 15855 MiB, 2842 MHz, 225.64 W
2026/08/19 17:33:54.332, 98 %, 88 %, 15850 MiB, 2842 MHz, 225.62 W
2026/08/19 17:33:55.333, 98 %, 89 %, 15853 MiB, 2835 MHz, 256.71 W
2026/08/19 17:33:56.334, 98 %, 89 %, 15852 MiB, 2842 MHz, 226.30 W
2026/08/19 17:33:57.335, 98 %, 88 %, 15844 MiB, 2842 MHz, 225.84 W
2026/08/19 17:33:58.337, 98 %, 88 %, 15825 MiB, 2842 MHz, 225.75 W
2026/08/19 17:33:59.338, 98 %, 81 %, 15782 MiB, 2842 MHz, 226.80 W
2026/08/19 17:34:00.339, 98 %, 89 %, 15782 MiB, 2842 MHz, 243.12 W
2026/08/19 17:34:01.340, 98 %, 88 %, 15815 MiB, 2842 MHz, 225.28 W
2026/08/19 17:34:02.341, 98 %, 88 %, 15816 MiB, 2842 MHz, 223.86 W
2026/08/19 17:34:03.342, 98 %, 86 %, 15886 MiB, 2842 MHz, 221.43 W
2026/08/19 17:34:04.344, 98 %, 88 %, 15890 MiB, 2820 MHz, 252.70 W
2026/08/19 17:34:05.345, 98 %, 88 %, 15861 MiB, 2842 MHz, 224.57 W
2026/08/19 17:34:06.346, 98 %, 85 %, 15843 MiB, 2842 MHz, 222.62 W
2026/08/19 17:34:07.347, 98 %, 85 %, 15854 MiB, 2842 MHz, 221.20 W
2026/08/19 17:34:08.348, 98 %, 88 %, 15838 MiB, 2842 MHz, 233.04 W
2026/08/19 17:34:09.349, 98 %, 87 %, 15814 MiB, 2842 MHz, 253.61 W
2026/08/19 17:34:10.351, 97 %, 83 %, 15900 MiB, 2842 MHz, 222.83 W
2026/08/19 17:34:11.352, 98 %, 87 %, 15890 MiB, 2842 MHz, 224.39 W
2026/08/19 17:34:12.353, 98 %, 87 %, 15848 MiB, 2842 MHz, 224.05 W
2026/08/19 17:34:13.354, 98 %, 88 %, 15831 MiB, 2842 MHz, 255.73 W
2026/08/19 17:34:14.355, 98 %, 89 %, 15841 MiB, 2842 MHz, 225.78 W
2026/08/19 17:34:15.356, 98 %, 88 %, 15823 MiB, 2842 MHz, 225.53 W
2026/08/19 17:34:16.358, 98 %, 85 %, 15807 MiB, 2842 MHz, 223.51 W
2026/08/19 17:34:17.359, 98 %, 88 %, 15816 MiB, 2842 MHz, 222.98 W
2026/08/19 17:34:18.360, 98 %, 89 %, 15816 MiB, 2842 MHz, 254.38 W
2026/08/19 17:34:19.362, 98 %, 89 %, 15810 MiB, 2842 MHz, 225.83 W
2026/08/19 17:34:20.363, 98 %, 86 %, 15802 MiB, 2842 MHz, 225.11 W
2026/08/19 17:34:23.826, 98 %, 87 %, 15815 MiB, 2842 MHz, 223.56 W
2026/08/19 17:34:24.827, 99 %, 45 %, 15817 MiB, 2842 MHz, 255.51 W
2026/08/19 17:34:25.828, 98 %, 86 %, 15816 MiB, 2842 MHz, 232.21 W
2026/08/19 17:34:26.829, 98 %, 89 %, 15816 MiB, 2842 MHz, 226.64 W
2026/08/19 17:34:27.831, 98 %, 88 %, 15810 MiB, 2842 MHz, 223.10 W
2026/08/19 17:34:28.832, 98 %, 88 %, 15810 MiB, 2842 MHz, 224.22 W
2026/08/19 17:34:29.833, 98 %, 89 %, 15794 MiB, 2827 MHz, 257.27 W
2026/08/19 17:34:30.834, 98 %, 89 %, 15794 MiB, 2842 MHz, 227.41 W
2026/08/19 17:34:31.835, 98 %, 87 %, 15797 MiB, 2842 MHz, 224.24 W
2026/08/19 17:34:32.836, 98 %, 88 %, 15801 MiB, 2842 MHz, 224.75 W
2026/08/19 17:34:33.837, 98 %, 47 %, 15799 MiB, 2842 MHz, 253.04 W
2026/08/19 17:34:34.839, 98 %, 89 %, 15802 MiB, 2842 MHz, 225.68 W
2026/08/19 17:34:35.840, 98 %, 89 %, 15802 MiB, 2842 MHz, 227.27 W
2026/08/19 17:34:36.841, 98 %, 88 %, 15799 MiB, 2842 MHz, 224.99 W
2026/08/19 17:34:37.842, 98 %, 88 %, 15798 MiB, 2842 MHz, 225.08 W
2026/08/19 17:34:38.843, 98 %, 89 %, 15802 MiB, 2842 MHz, 254.40 W
2026/08/19 17:34:39.844, 98 %, 89 %, 15802 MiB, 2842 MHz, 225.31 W
2026/08/19 17:34:40.845, 98 %, 87 %, 15804 MiB, 2842 MHz, 225.42 W
2026/08/19 17:34:41.846, 98 %, 88 %, 15805 MiB, 2842 MHz, 224.92 W
2026/08/19 17:34:42.847, 98 %, 75 %, 15805 MiB, 2842 MHz, 254.42 W
2026/08/19 17:34:43.849, 98 %, 88 %, 15794 MiB, 2842 MHz, 226.54 W
2026/08/19 17:34:44.851, 98 %, 88 %, 15798 MiB, 2842 MHz, 225.18 W
2026/08/19 17:34:45.852, 98 %, 88 %, 15798 MiB, 2842 MHz, 225.65 W
2026/08/19 17:34:46.853, 98 %, 88 %, 15791 MiB, 2842 MHz, 225.16 W
2026/08/19 17:34:47.854, 98 %, 85 %, 15802 MiB, 2827 MHz, 253.25 W
2026/08/19 17:34:48.855, 98 %, 88 %, 15805 MiB, 2842 MHz, 226.21 W
2026/08/19 17:34:49.856, 98 %, 87 %, 15804 MiB, 2842 MHz, 225.76 W
2026/08/19 17:34:50.857, 98 %, 88 %, 15804 MiB, 2842 MHz, 225.42 W
2026/08/19 17:34:51.859, 99 %, 39 %, 15802 MiB, 2842 MHz, 256.99 W
2026/08/19 17:34:52.860, 97 %, 84 %, 15816 MiB, 2842 MHz, 224.46 W
2026/08/19 17:34:53.861, 98 %, 85 %, 15815 MiB, 2842 MHz, 220.97 W
2026/08/19 17:34:54.862, 98 %, 87 %, 15860 MiB, 2842 MHz, 222.60 W
2026/08/19 17:34:58.344, 98 %, 87 %, 15847 MiB, 2842 MHz, 223.91 W
2026/08/19 17:34:59.345, 98 %, 89 %, 15847 MiB, 2842 MHz, 253.87 W
2026/08/19 17:35:00.346, 98 %, 85 %, 15872 MiB, 2842 MHz, 221.07 W
2026/08/19 17:35:01.347, 97 %, 86 %, 15917 MiB, 2842 MHz, 223.43 W
2026/08/19 17:35:02.349, 98 %, 88 %, 15908 MiB, 2842 MHz, 225.10 W
2026/08/19 17:35:03.350, 98 %, 88 %, 15881 MiB, 2842 MHz, 225.37 W
2026/08/19 17:35:04.351, 98 %, 88 %, 15885 MiB, 2842 MHz, 254.27 W
2026/08/19 17:35:05.352, 98 %, 89 %, 15885 MiB, 2842 MHz, 226.81 W
2026/08/19 17:35:06.353, 98 %, 88 %, 15885 MiB, 2842 MHz, 225.98 W
2026/08/19 17:35:07.354, 98 %, 88 %, 15885 MiB, 2842 MHz, 226.05 W
2026/08/19 17:35:08.355, 98 %, 66 %, 15885 MiB, 2842 MHz, 257.04 W
2026/08/19 17:35:09.356, 98 %, 89 %, 15885 MiB, 2842 MHz, 227.29 W
2026/08/19 17:35:10.358, 98 %, 87 %, 15841 MiB, 2842 MHz, 225.72 W
2026/08/19 17:35:11.359, 97 %, 85 %, 15862 MiB, 2842 MHz, 223.79 W
2026/08/19 17:35:12.360, 98 %, 87 %, 15862 MiB, 2842 MHz, 223.99 W
2026/08/19 17:35:13.361, 1 %, 0 %, 15875 MiB, 2857 MHz, 114.35 W
2026/08/19 17:35:14.363, 0 %, 0 %, 15879 MiB, 2857 MHz, 66.83 W
2026/08/19 17:35:15.364, 0 %, 0 %, 15883 MiB, 562 MHz, 38.45 W
2026/08/19 17:35:16.366, 0 %, 2 %, 15893 MiB, 675 MHz, 31.25 W
2026/08/19 17:35:17.371, 0 %, 17 %, 15886 MiB, 202 MHz, 27.59 W
2026/08/19 17:35:18.373, 0 %, 10 %, 15885 MiB, 187 MHz, 24.16 W
2026/08/19 17:35:19.374, 0 %, 9 %, 15885 MiB, 180 MHz, 24.04 W
2026/08/19 17:35:20.377, 39 %, 33 %, 15883 MiB, 180 MHz, 35.94 W
2026/08/19 17:35:21.378, 98 %, 85 %, 15879 MiB, 2857 MHz, 215.91 W
2026/08/19 17:35:22.380, 98 %, 86 %, 15881 MiB, 2842 MHz, 225.89 W
2026/08/19 17:35:23.381, 98 %, 86 %, 15878 MiB, 2842 MHz, 227.84 W
2026/08/19 17:35:24.382, 98 %, 87 %, 15876 MiB, 2842 MHz, 229.13 W
2026/08/19 17:35:25.385, 98 %, 51 %, 15825 MiB, 2835 MHz, 253.98 W
2026/08/19 17:35:26.386, 98 %, 86 %, 15863 MiB, 2842 MHz, 224.62 W
2026/08/19 17:35:27.388, 97 %, 88 %, 15888 MiB, 2842 MHz, 230.22 W
2026/08/19 17:35:28.389, 98 %, 88 %, 15888 MiB, 2842 MHz, 230.42 W
2026/08/19 17:35:29.390, 98 %, 87 %, 15842 MiB, 2842 MHz, 227.88 W
2026/08/19 17:35:30.392, 98 %, 72 %, 15889 MiB, 2827 MHz, 266.42 W
2026/08/19 17:35:33.541, 98 %, 88 %, 15872 MiB, 2842 MHz, 230.19 W
2026/08/19 17:35:34.542, 98 %, 87 %, 15839 MiB, 2842 MHz, 229.40 W
2026/08/19 17:35:35.544, 98 %, 87 %, 15826 MiB, 2842 MHz, 228.36 W
2026/08/19 17:35:36.545, 98 %, 88 %, 15812 MiB, 2842 MHz, 229.67 W
2026/08/19 17:35:37.547, 98 %, 89 %, 15815 MiB, 2827 MHz, 274.29 W
2026/08/19 17:35:38.548, 98 %, 87 %, 15822 MiB, 2842 MHz, 230.25 W
2026/08/19 17:35:39.549, 98 %, 88 %, 15818 MiB, 2842 MHz, 232.46 W
2026/08/19 17:35:40.550, 98 %, 88 %, 15818 MiB, 2842 MHz, 230.28 W
2026/08/19 17:35:41.551, 98 %, 88 %, 15817 MiB, 2842 MHz, 230.16 W
2026/08/19 17:35:42.554, 98 %, 85 %, 15817 MiB, 2812 MHz, 273.38 W
2026/08/19 17:35:43.555, 98 %, 87 %, 15797 MiB, 2842 MHz, 230.83 W
2026/08/19 17:35:44.556, 97 %, 89 %, 15801 MiB, 2842 MHz, 232.10 W
2026/08/19 17:35:45.557, 98 %, 87 %, 15805 MiB, 2842 MHz, 230.48 W
2026/08/19 17:35:46.558, 98 %, 88 %, 15804 MiB, 2842 MHz, 230.61 W
2026/08/19 17:35:47.559, 98 %, 89 %, 15804 MiB, 2827 MHz, 283.23 W
2026/08/19 17:35:48.560, 98 %, 86 %, 15799 MiB, 2842 MHz, 231.80 W
2026/08/19 17:35:49.561, 98 %, 88 %, 15808 MiB, 2842 MHz, 230.28 W
2026/08/19 17:35:50.562, 98 %, 86 %, 15807 MiB, 2842 MHz, 229.24 W
2026/08/19 17:35:51.563, 98 %, 84 %, 15827 MiB, 2842 MHz, 228.17 W
2026/08/19 17:35:52.565, 98 %, 87 %, 15837 MiB, 2820 MHz, 274.33 W
2026/08/19 17:35:53.566, 98 %, 89 %, 15899 MiB, 2842 MHz, 230.21 W
2026/08/19 17:35:54.567, 98 %, 88 %, 15899 MiB, 2842 MHz, 233.34 W
2026/08/19 17:35:55.569, 97 %, 88 %, 15889 MiB, 2842 MHz, 231.98 W
2026/08/19 17:35:56.570, 98 %, 75 %, 15886 MiB, 2842 MHz, 234.10 W
2026/08/19 17:35:57.571, 98 %, 88 %, 15887 MiB, 2805 MHz, 271.56 W
2026/08/19 17:35:58.572, 98 %, 88 %, 15878 MiB, 2842 MHz, 232.51 W
2026/08/19 17:35:59.573, 98 %, 88 %, 15883 MiB, 2842 MHz, 231.72 W
2026/08/19 17:36:00.574, 98 %, 86 %, 15880 MiB, 2842 MHz, 231.13 W
2026/08/19 17:36:01.575, 99 %, 37 %, 15881 MiB, 2842 MHz, 250.17 W
2026/08/19 17:36:02.576, 98 %, 88 %, 15876 MiB, 2842 MHz, 267.54 W
2026/08/19 17:36:03.579, 97 %, 88 %, 15872 MiB, 2842 MHz, 232.02 W
2026/08/19 17:36:04.580, 98 %, 87 %, 15872 MiB, 2842 MHz, 231.90 W
2026/08/19 17:36:07.927, 98 %, 87 %, 15857 MiB, 2842 MHz, 230.80 W
2026/08/19 17:36:08.928, 98 %, 54 %, 15861 MiB, 2842 MHz, 254.66 W
2026/08/19 17:36:09.929, 98 %, 88 %, 15873 MiB, 2842 MHz, 260.45 W
2026/08/19 17:36:10.930, 98 %, 88 %, 15873 MiB, 2842 MHz, 232.48 W
2026/08/19 17:36:11.931, 98 %, 87 %, 15879 MiB, 2842 MHz, 231.61 W
2026/08/19 17:36:12.932, 98 %, 87 %, 15879 MiB, 2842 MHz, 231.24 W
2026/08/19 17:36:13.933, 99 %, 33 %, 15865 MiB, 2842 MHz, 268.47 W
2026/08/19 17:36:14.934, 98 %, 88 %, 15865 MiB, 2835 MHz, 249.76 W
2026/08/19 17:36:15.935, 97 %, 88 %, 15869 MiB, 2842 MHz, 233.02 W
2026/08/19 17:36:16.937, 98 %, 86 %, 15873 MiB, 2842 MHz, 231.38 W
2026/08/19 17:36:17.938, 98 %, 87 %, 15873 MiB, 2842 MHz, 231.14 W
2026/08/19 17:36:18.939, 99 %, 32 %, 15873 MiB, 2820 MHz, 277.21 W
2026/08/19 17:36:19.941, 97 %, 88 %, 15874 MiB, 2842 MHz, 236.98 W
2026/08/19 17:36:20.942, 97 %, 85 %, 15778 MiB, 2842 MHz, 229.86 W
2026/08/19 17:36:21.943, 97 %, 86 %, 15802 MiB, 2842 MHz, 227.97 W
2026/08/19 17:36:22.945, 98 %, 88 %, 15806 MiB, 2842 MHz, 230.69 W
2026/08/19 17:36:23.946, 99 %, 32 %, 15811 MiB, 2812 MHz, 280.71 W
2026/08/19 17:36:24.947, 98 %, 87 %, 15799 MiB, 2842 MHz, 236.04 W
2026/08/19 17:36:25.949, 98 %, 87 %, 15828 MiB, 2842 MHz, 231.18 W
2026/08/19 17:36:26.950, 98 %, 87 %, 15793 MiB, 2842 MHz, 230.50 W
2026/08/19 17:36:27.951, 97 %, 86 %, 15775 MiB, 2842 MHz, 229.42 W
2026/08/19 17:36:28.952, 98 %, 41 %, 15793 MiB, 2835 MHz, 285.52 W
2026/08/19 17:36:29.954, 98 %, 89 %, 15796 MiB, 2842 MHz, 233.91 W
2026/08/19 17:36:30.955, 97 %, 86 %, 15792 MiB, 2842 MHz, 231.41 W
2026/08/19 17:36:31.956, 98 %, 88 %, 15788 MiB, 2842 MHz, 231.16 W
2026/08/19 17:36:32.958, 98 %, 87 %, 15788 MiB, 2842 MHz, 231.85 W
2026/08/19 17:36:33.959, 98 %, 72 %, 15755 MiB, 2820 MHz, 284.53 W
2026/08/19 17:36:34.960, 98 %, 88 %, 15739 MiB, 2842 MHz, 232.93 W
2026/08/19 17:36:35.961, 98 %, 89 %, 15740 MiB, 2842 MHz, 231.08 W
2026/08/19 17:36:36.962, 98 %, 87 %, 15737 MiB, 2842 MHz, 230.71 W
2026/08/19 17:36:37.963, 98 %, 86 %, 15738 MiB, 2842 MHz, 230.04 W
2026/08/19 17:36:38.964, 99 %, 48 %, 15738 MiB, 2805 MHz, 287.77 W
2026/08/19 17:36:42.308, 98 %, 88 %, 15720 MiB, 2842 MHz, 233.11 W
2026/08/19 17:36:43.309, 98 %, 87 %, 15720 MiB, 2842 MHz, 232.40 W
2026/08/19 17:36:44.311, 98 %, 88 %, 15720 MiB, 2842 MHz, 231.97 W
2026/08/19 17:36:45.312, 98 %, 87 %, 15717 MiB, 2842 MHz, 232.41 W
2026/08/19 17:36:46.313, 98 %, 89 %, 15721 MiB, 2835 MHz, 281.91 W
2026/08/19 17:36:47.314, 98 %, 88 %, 15724 MiB, 2842 MHz, 232.56 W
2026/08/19 17:36:48.315, 98 %, 88 %, 15720 MiB, 2842 MHz, 233.22 W
2026/08/19 17:36:49.316, 97 %, 84 %, 15730 MiB, 2842 MHz, 229.65 W
2026/08/19 17:36:50.317, 98 %, 85 %, 15752 MiB, 2842 MHz, 228.87 W
2026/08/19 17:36:51.318, 97 %, 87 %, 15752 MiB, 2805 MHz, 285.40 W
2026/08/19 17:36:52.319, 97 %, 88 %, 15751 MiB, 2842 MHz, 232.33 W
2026/08/19 17:36:53.320, 97 %, 87 %, 15761 MiB, 2842 MHz, 231.88 W
2026/08/19 17:36:54.321, 98 %, 87 %, 15759 MiB, 2842 MHz, 230.08 W
2026/08/19 17:36:55.322, 98 %, 88 %, 15764 MiB, 2842 MHz, 232.00 W
2026/08/19 17:36:56.323, 98 %, 89 %, 15757 MiB, 2820 MHz, 282.34 W
2026/08/19 17:36:57.324, 98 %, 88 %, 15744 MiB, 2842 MHz, 232.15 W
2026/08/19 17:36:58.325, 98 %, 88 %, 15744 MiB, 2842 MHz, 233.68 W
2026/08/19 17:36:59.326, 98 %, 88 %, 15744 MiB, 2842 MHz, 232.36 W
2026/08/19 17:37:00.327, 98 %, 88 %, 15744 MiB, 2842 MHz, 234.33 W
2026/08/19 17:37:01.328, 98 %, 87 %, 15744 MiB, 2842 MHz, 281.27 W
2026/08/19 17:37:02.330, 98 %, 89 %, 15741 MiB, 2842 MHz, 231.08 W
2026/08/19 17:37:03.331, 98 %, 88 %, 15745 MiB, 2842 MHz, 232.47 W
2026/08/19 17:37:04.332, 98 %, 85 %, 15738 MiB, 2842 MHz, 229.07 W
2026/08/19 17:37:05.333, 98 %, 76 %, 15738 MiB, 2827 MHz, 246.35 W
2026/08/19 17:37:06.334, 98 %, 89 %, 15738 MiB, 2842 MHz, 262.47 W
2026/08/19 17:37:07.335, 98 %, 88 %, 15759 MiB, 2842 MHz, 232.63 W
2026/08/19 17:37:08.336, 98 %, 88 %, 15769 MiB, 2842 MHz, 231.80 W
2026/08/19 17:37:09.337, 97 %, 85 %, 15769 MiB, 2842 MHz, 228.15 W
2026/08/19 17:37:10.338, 98 %, 48 %, 15773 MiB, 2842 MHz, 256.35 W
2026/08/19 17:37:11.339, 98 %, 89 %, 15777 MiB, 2842 MHz, 257.71 W
2026/08/19 17:37:12.340, 98 %, 89 %, 15779 MiB, 2842 MHz, 232.25 W
2026/08/19 17:37:13.341, 98 %, 88 %, 15778 MiB, 2842 MHz, 232.12 W
2026/08/19 17:37:16.688, 97 %, 86 %, 15777 MiB, 2842 MHz, 231.67 W
2026/08/19 17:37:17.689, 99 %, 32 %, 15777 MiB, 2827 MHz, 271.37 W
2026/08/19 17:37:18.690, 98 %, 89 %, 15778 MiB, 2842 MHz, 246.76 W
2026/08/19 17:37:19.691, 98 %, 89 %, 15778 MiB, 2842 MHz, 232.51 W
2026/08/19 17:37:20.693, 98 %, 88 %, 15768 MiB, 2842 MHz, 232.86 W
2026/08/19 17:37:21.694, 97 %, 86 %, 15779 MiB, 2842 MHz, 230.15 W
2026/08/19 17:37:22.695, 99 %, 32 %, 15775 MiB, 2820 MHz, 275.63 W
2026/08/19 17:37:23.696, 98 %, 88 %, 15770 MiB, 2842 MHz, 233.96 W
2026/08/19 17:37:24.697, 98 %, 89 %, 15773 MiB, 2842 MHz, 233.29 W
2026/08/19 17:37:25.698, 98 %, 88 %, 15773 MiB, 2842 MHz, 232.59 W
2026/08/19 17:37:26.699, 98 %, 85 %, 15801 MiB, 2842 MHz, 229.07 W
2026/08/19 17:37:27.701, 99 %, 35 %, 15827 MiB, 2835 MHz, 283.14 W
2026/08/19 17:37:28.702, 98 %, 89 %, 15830 MiB, 2842 MHz, 232.84 W
2026/08/19 17:37:29.703, 98 %, 89 %, 15830 MiB, 2842 MHz, 233.63 W
2026/08/19 17:37:30.704, 98 %, 88 %, 15830 MiB, 2842 MHz, 232.97 W
2026/08/19 17:37:31.705, 98 %, 88 %, 15830 MiB, 2842 MHz, 232.46 W
2026/08/19 17:37:32.706, 98 %, 83 %, 15830 MiB, 2805 MHz, 287.05 W
2026/08/19 17:37:33.707, 98 %, 89 %, 15831 MiB, 2842 MHz, 233.87 W
2026/08/19 17:37:34.708, 97 %, 85 %, 15769 MiB, 2842 MHz, 226.43 W
2026/08/19 17:37:35.709, 97 %, 87 %, 15779 MiB, 2842 MHz, 228.18 W
2026/08/19 17:37:36.710, 98 %, 87 %, 15849 MiB, 2842 MHz, 231.48 W
2026/08/19 17:37:37.711, 99 %, 47 %, 15849 MiB, 2812 MHz, 287.80 W
2026/08/19 17:37:38.712, 98 %, 89 %, 15849 MiB, 2842 MHz, 234.16 W
2026/08/19 17:37:39.713, 98 %, 89 %, 15815 MiB, 2842 MHz, 233.75 W
2026/08/19 17:37:40.714, 98 %, 88 %, 15813 MiB, 2842 MHz, 231.62 W
2026/08/19 17:37:41.715, 98 %, 87 %, 15747 MiB, 2842 MHz, 232.38 W
2026/08/19 17:37:42.716, 98 %, 89 %, 15747 MiB, 2835 MHz, 283.45 W
2026/08/19 17:37:43.717, 98 %, 89 %, 15747 MiB, 2842 MHz, 233.95 W
2026/08/19 17:37:44.718, 98 %, 88 %, 15747 MiB, 2842 MHz, 233.65 W
2026/08/19 17:37:45.719, 98 %, 88 %, 15745 MiB, 2842 MHz, 232.86 W
2026/08/19 17:37:46.720, 98 %, 88 %, 15742 MiB, 2842 MHz, 232.46 W
2026/08/19 17:37:47.721, 98 %, 89 %, 15740 MiB, 2805 MHz, 283.04 W
2026/08/19 17:37:51.069, 98 %, 89 %, 15738 MiB, 2842 MHz, 234.01 W
2026/08/19 17:37:52.071, 98 %, 88 %, 15737 MiB, 2842 MHz, 233.58 W
2026/08/19 17:37:53.072, 98 %, 88 %, 15735 MiB, 2842 MHz, 232.88 W
2026/08/19 17:37:54.073, 98 %, 60 %, 15734 MiB, 2842 MHz, 243.03 W
2026/08/19 17:37:55.074, 98 %, 88 %, 15733 MiB, 2842 MHz, 283.64 W
2026/08/19 17:37:56.075, 98 %, 89 %, 15732 MiB, 2842 MHz, 233.98 W
2026/08/19 17:37:57.076, 98 %, 88 %, 15732 MiB, 2842 MHz, 233.29 W
2026/08/19 17:37:58.077, 98 %, 88 %, 15731 MiB, 2842 MHz, 232.70 W
2026/08/19 17:37:59.078, 98 %, 64 %, 15730 MiB, 2827 MHz, 252.23 W
2026/08/19 17:38:00.080, 98 %, 89 %, 15729 MiB, 2842 MHz, 266.06 W
2026/08/19 17:38:01.081, 98 %, 89 %, 15728 MiB, 2842 MHz, 233.80 W
2026/08/19 17:38:02.081, 98 %, 88 %, 15727 MiB, 2842 MHz, 233.37 W
2026/08/19 17:38:03.082, 98 %, 88 %, 15719 MiB, 2842 MHz, 232.40 W
2026/08/19 17:38:04.083, 99 %, 32 %, 15711 MiB, 2842 MHz, 270.74 W
2026/08/19 17:38:05.085, 98 %, 89 %, 15698 MiB, 2842 MHz, 248.68 W
2026/08/19 17:38:06.086, 98 %, 89 %, 15676 MiB, 2842 MHz, 233.25 W
2026/08/19 17:38:07.087, 98 %, 88 %, 15662 MiB, 2842 MHz, 232.97 W
2026/08/19 17:38:08.088, 98 %, 88 %, 15658 MiB, 2842 MHz, 232.36 W
2026/08/19 17:38:09.089, 99 %, 32 %, 15658 MiB, 2827 MHz, 287.17 W
2026/08/19 17:38:10.090, 98 %, 88 %, 15658 MiB, 2842 MHz, 234.03 W
2026/08/19 17:38:11.092, 98 %, 89 %, 15658 MiB, 2842 MHz, 233.82 W
2026/08/19 17:38:12.093, 98 %, 88 %, 15658 MiB, 2842 MHz, 232.78 W
2026/08/19 17:38:13.094, 98 %, 88 %, 15658 MiB, 2842 MHz, 232.34 W
2026/08/19 17:38:14.095, 98 %, 61 %, 15658 MiB, 2805 MHz, 287.73 W
2026/08/19 17:38:15.096, 98 %, 89 %, 15658 MiB, 2842 MHz, 234.07 W
2026/08/19 17:38:16.097, 98 %, 89 %, 15658 MiB, 2842 MHz, 234.33 W
2026/08/19 17:38:17.098, 98 %, 88 %, 15658 MiB, 2842 MHz, 232.97 W
2026/08/19 17:38:18.099, 98 %, 88 %, 15658 MiB, 2842 MHz, 232.62 W
2026/08/19 17:38:19.100, 98 %, 89 %, 15658 MiB, 2835 MHz, 283.61 W
2026/08/19 17:38:20.101, 98 %, 89 %, 15658 MiB, 2842 MHz, 233.41 W
2026/08/19 17:38:21.102, 98 %, 88 %, 15658 MiB, 2842 MHz, 233.72 W
2026/08/19 17:38:22.103, 98 %, 88 %, 15658 MiB, 2842 MHz, 232.49 W
2026/08/19 17:38:23.105, 98 %, 88 %, 15658 MiB, 2842 MHz, 232.01 W
2026/08/19 17:38:26.451, 98 %, 88 %, 15658 MiB, 2790 MHz, 288.44 W
2026/08/19 17:38:27.452, 98 %, 89 %, 15658 MiB, 2842 MHz, 234.14 W
2026/08/19 17:38:28.454, 98 %, 89 %, 15658 MiB, 2842 MHz, 233.74 W
2026/08/19 17:38:29.455, 98 %, 88 %, 15658 MiB, 2842 MHz, 232.67 W
2026/08/19 17:38:30.456, 98 %, 88 %, 15658 MiB, 2842 MHz, 239.30 W
2026/08/19 17:38:31.457, 98 %, 88 %, 15658 MiB, 2842 MHz, 277.45 W
2026/08/19 17:38:32.458, 98 %, 89 %, 15658 MiB, 2842 MHz, 234.13 W
2026/08/19 17:38:33.459, 98 %, 88 %, 15658 MiB, 2842 MHz, 233.54 W
2026/08/19 17:38:34.459, 98 %, 88 %, 15658 MiB, 2842 MHz, 232.38 W
2026/08/19 17:38:35.460, 99 %, 48 %, 15658 MiB, 2835 MHz, 247.55 W
2026/08/19 17:38:36.462, 98 %, 89 %, 15658 MiB, 2842 MHz, 269.51 W
2026/08/19 17:38:37.463, 98 %, 89 %, 15658 MiB, 2842 MHz, 233.74 W
2026/08/19 17:38:38.464, 98 %, 88 %, 15658 MiB, 2842 MHz, 233.29 W
2026/08/19 17:38:39.465, 98 %, 88 %, 15658 MiB, 2842 MHz, 232.64 W
2026/08/19 17:38:40.466, 98 %, 52 %, 15658 MiB, 2842 MHz, 260.03 W
2026/08/19 17:38:41.467, 98 %, 89 %, 15658 MiB, 2842 MHz, 226.81 W
2026/08/19 17:38:42.468, 98 %, 89 %, 15658 MiB, 2842 MHz, 226.62 W
2026/08/19 17:38:43.470, 98 %, 88 %, 15658 MiB, 2842 MHz, 225.94 W
2026/08/19 17:38:44.471, 98 %, 88 %, 15658 MiB, 2842 MHz, 226.11 W
2026/08/19 17:38:45.472, 0 %, 0 %, 15671 MiB, 2857 MHz, 99.21 W
2026/08/19 17:38:46.473, 0 %, 0 %, 15667 MiB, 2857 MHz, 63.80 W
2026/08/19 17:38:47.475, 0 %, 0 %, 15667 MiB, 375 MHz, 37.08 W
2026/08/19 17:38:48.481, 0 %, 0 %, 15667 MiB, 240 MHz, 35.87 W
2026/08/19 17:38:49.483, 0 %, 0 %, 15667 MiB, 180 MHz, 35.49 W
2026/08/19 17:38:50.484, 0 %, 11 %, 15667 MiB, 210 MHz, 28.12 W
2026/08/19 17:38:51.486, 0 %, 18 %, 15667 MiB, 202 MHz, 24.49 W
2026/08/19 17:38:52.488, 98 %, 75 %, 15671 MiB, 1950 MHz, 91.93 W
2026/08/19 17:38:53.489, 98 %, 87 %, 15671 MiB, 2857 MHz, 227.16 W
2026/08/19 17:38:54.491, 98 %, 87 %, 15671 MiB, 2842 MHz, 227.87 W
2026/08/19 17:38:55.492, 98 %, 88 %, 15671 MiB, 2842 MHz, 229.01 W
2026/08/19 17:38:56.494, 98 %, 88 %, 15671 MiB, 2842 MHz, 230.04 W
2026/08/19 17:38:57.495, 98 %, 87 %, 15671 MiB, 2842 MHz, 254.61 W
2026/08/19 17:39:00.849, 98 %, 89 %, 15667 MiB, 2842 MHz, 230.51 W
2026/08/19 17:39:01.851, 98 %, 88 %, 15667 MiB, 2842 MHz, 231.29 W
2026/08/19 17:39:02.852, 98 %, 88 %, 15667 MiB, 2842 MHz, 230.22 W
2026/08/19 17:39:03.853, 99 %, 35 %, 15660 MiB, 2835 MHz, 243.80 W
2026/08/19 17:39:04.854, 98 %, 89 %, 15660 MiB, 2842 MHz, 255.93 W
2026/08/19 17:39:05.855, 98 %, 89 %, 15660 MiB, 2842 MHz, 231.82 W
2026/08/19 17:39:06.856, 98 %, 88 %, 15660 MiB, 2842 MHz, 231.57 W
2026/08/19 17:39:07.857, 98 %, 87 %, 15660 MiB, 2842 MHz, 230.89 W
2026/08/19 17:39:08.858, 99 %, 39 %, 15660 MiB, 2842 MHz, 263.81 W
2026/08/19 17:39:09.859, 98 %, 88 %, 15660 MiB, 2842 MHz, 248.50 W
2026/08/19 17:39:10.860, 98 %, 89 %, 15660 MiB, 2842 MHz, 233.01 W
2026/08/19 17:39:11.861, 98 %, 88 %, 15660 MiB, 2842 MHz, 232.50 W
2026/08/19 17:39:12.862, 98 %, 87 %, 15660 MiB, 2842 MHz, 231.51 W
2026/08/19 17:39:13.863, 99 %, 29 %, 15660 MiB, 2827 MHz, 270.44 W
2026/08/19 17:39:14.864, 98 %, 89 %, 15660 MiB, 2842 MHz, 236.34 W
2026/08/19 17:39:15.865, 98 %, 88 %, 15660 MiB, 2842 MHz, 233.39 W
2026/08/19 17:39:16.866, 98 %, 88 %, 15660 MiB, 2842 MHz, 232.28 W
2026/08/19 17:39:17.867, 98 %, 88 %, 15660 MiB, 2842 MHz, 231.74 W
2026/08/19 17:39:18.868, 99 %, 49 %, 15660 MiB, 2797 MHz, 277.38 W
2026/08/19 17:39:19.870, 98 %, 89 %, 15660 MiB, 2842 MHz, 233.26 W
2026/08/19 17:39:20.871, 98 %, 89 %, 15660 MiB, 2842 MHz, 233.43 W
2026/08/19 17:39:21.872, 98 %, 88 %, 15660 MiB, 2842 MHz, 232.00 W
2026/08/19 17:39:22.873, 98 %, 88 %, 15660 MiB, 2842 MHz, 231.17 W
2026/08/19 17:39:23.874, 98 %, 89 %, 15660 MiB, 2842 MHz, 282.92 W
2026/08/19 17:39:24.876, 98 %, 89 %, 15660 MiB, 2842 MHz, 233.56 W
2026/08/19 17:39:25.877, 98 %, 89 %, 15660 MiB, 2842 MHz, 233.63 W
2026/08/19 17:39:26.878, 98 %, 88 %, 15660 MiB, 2842 MHz, 232.19 W
2026/08/19 17:39:27.879, 98 %, 88 %, 15660 MiB, 2842 MHz, 231.39 W
2026/08/19 17:39:28.880, 98 %, 89 %, 15660 MiB, 2812 MHz, 278.36 W
2026/08/19 17:39:29.881, 98 %, 89 %, 15660 MiB, 2842 MHz, 233.61 W
2026/08/19 17:39:30.882, 98 %, 88 %, 15660 MiB, 2842 MHz, 233.05 W
2026/08/19 17:39:31.884, 98 %, 88 %, 15660 MiB, 2842 MHz, 231.94 W
2026/08/19 17:39:35.237, 98 %, 88 %, 15660 MiB, 2842 MHz, 235.80 W
2026/08/19 17:39:36.238, 98 %, 89 %, 15660 MiB, 2842 MHz, 279.30 W
2026/08/19 17:39:37.239, 98 %, 89 %, 15660 MiB, 2842 MHz, 233.36 W
2026/08/19 17:39:38.240, 98 %, 88 %, 15660 MiB, 2842 MHz, 232.99 W
2026/08/19 17:39:39.241, 98 %, 88 %, 15660 MiB, 2842 MHz, 232.08 W
2026/08/19 17:39:40.243, 99 %, 53 %, 15660 MiB, 2827 MHz, 256.37 W
2026/08/19 17:39:41.244, 98 %, 88 %, 15660 MiB, 2842 MHz, 261.21 W
2026/08/19 17:39:42.245, 98 %, 89 %, 15660 MiB, 2842 MHz, 233.78 W
2026/08/19 17:39:43.246, 98 %, 88 %, 15660 MiB, 2842 MHz, 233.08 W
2026/08/19 17:39:44.247, 98 %, 88 %, 15660 MiB, 2842 MHz, 232.08 W
2026/08/19 17:39:45.248, 99 %, 32 %, 15660 MiB, 2842 MHz, 275.67 W
2026/08/19 17:39:46.250, 98 %, 89 %, 15660 MiB, 2842 MHz, 253.12 W
2026/08/19 17:39:47.251, 98 %, 89 %, 15660 MiB, 2842 MHz, 233.58 W
2026/08/19 17:39:48.252, 98 %, 88 %, 15660 MiB, 2842 MHz, 232.32 W
2026/08/19 17:39:49.254, 98 %, 88 %, 15660 MiB, 2842 MHz, 231.88 W
2026/08/19 17:39:50.255, 99 %, 32 %, 15660 MiB, 2820 MHz, 286.59 W
2026/08/19 17:39:51.257, 98 %, 89 %, 15660 MiB, 2842 MHz, 235.97 W
2026/08/19 17:39:52.258, 98 %, 89 %, 15660 MiB, 2842 MHz, 233.89 W
2026/08/19 17:39:53.259, 98 %, 88 %, 15660 MiB, 2842 MHz, 232.89 W
2026/08/19 17:39:54.260, 98 %, 88 %, 15660 MiB, 2842 MHz, 232.24 W
2026/08/19 17:39:55.262, 98 %, 83 %, 15660 MiB, 2805 MHz, 287.47 W
2026/08/19 17:39:56.265, 98 %, 88 %, 15660 MiB, 2842 MHz, 233.84 W
2026/08/19 17:39:57.266, 98 %, 89 %, 15660 MiB, 2842 MHz, 233.63 W
2026/08/19 17:39:58.267, 98 %, 88 %, 15660 MiB, 2842 MHz, 232.71 W
2026/08/19 17:39:59.268, 98 %, 88 %, 15660 MiB, 2842 MHz, 232.26 W
2026/08/19 17:40:00.269, 98 %, 89 %, 15660 MiB, 2842 MHz, 287.65 W
2026/08/19 17:40:01.271, 98 %, 89 %, 15660 MiB, 2842 MHz, 233.48 W
2026/08/19 17:40:02.272, 98 %, 88 %, 15660 MiB, 2842 MHz, 233.18 W
2026/08/19 17:40:03.273, 98 %, 88 %, 15660 MiB, 2842 MHz, 231.96 W
2026/08/19 17:40:04.274, 98 %, 88 %, 15660 MiB, 2842 MHz, 231.92 W
2026/08/19 17:40:05.276, 98 %, 89 %, 15660 MiB, 2805 MHz, 283.20 W
2026/08/19 17:40:06.277, 98 %, 89 %, 15660 MiB, 2842 MHz, 233.76 W
2026/08/19 17:40:09.621, 98 %, 88 %, 15660 MiB, 2842 MHz, 233.04 W
2026/08/19 17:40:10.622, 98 %, 88 %, 15660 MiB, 2842 MHz, 232.40 W
2026/08/19 17:40:11.624, 98 %, 73 %, 15660 MiB, 2842 MHz, 237.38 W
2026/08/19 17:40:12.625, 98 %, 89 %, 15660 MiB, 2842 MHz, 278.44 W
2026/08/19 17:40:13.626, 98 %, 89 %, 15660 MiB, 2842 MHz, 233.84 W
2026/08/19 17:40:14.627, 98 %, 88 %, 15660 MiB, 2842 MHz, 233.25 W
2026/08/19 17:40:15.628, 98 %, 88 %, 15660 MiB, 2842 MHz, 232.50 W
2026/08/19 17:40:16.630, 99 %, 32 %, 15658 MiB, 2827 MHz, 257.33 W
2026/08/19 17:40:17.631, 98 %, 89 %, 15657 MiB, 2842 MHz, 254.07 W
2026/08/19 17:40:18.632, 98 %, 88 %, 15641 MiB, 2842 MHz, 233.53 W
2026/08/19 17:40:19.633, 98 %, 88 %, 15635 MiB, 2842 MHz, 233.20 W
2026/08/19 17:40:20.634, 98 %, 88 %, 15627 MiB, 2842 MHz, 232.55 W
2026/08/19 17:40:21.635, 99 %, 32 %, 15624 MiB, 2842 MHz, 272.22 W
2026/08/19 17:40:22.636, 98 %, 89 %, 15624 MiB, 2842 MHz, 244.25 W
2026/08/19 17:40:23.638, 98 %, 89 %, 15624 MiB, 2842 MHz, 233.85 W
2026/08/19 17:40:24.639, 98 %, 87 %, 15624 MiB, 2842 MHz, 233.30 W
2026/08/19 17:40:25.640, 98 %, 87 %, 15663 MiB, 2842 MHz, 231.85 W
2026/08/19 17:40:26.641, 99 %, 47 %, 15663 MiB, 2820 MHz, 285.52 W
2026/08/19 17:40:27.642, 98 %, 88 %, 15663 MiB, 2842 MHz, 234.44 W
2026/08/19 17:40:28.643, 98 %, 89 %, 15663 MiB, 2842 MHz, 234.24 W
2026/08/19 17:40:29.644, 98 %, 88 %, 15663 MiB, 2842 MHz, 233.32 W
2026/08/19 17:40:30.645, 98 %, 88 %, 15663 MiB, 2842 MHz, 232.60 W
2026/08/19 17:40:31.646, 98 %, 89 %, 15663 MiB, 2797 MHz, 282.75 W
2026/08/19 17:40:32.647, 98 %, 88 %, 15663 MiB, 2842 MHz, 233.77 W
2026/08/19 17:40:33.648, 98 %, 89 %, 15663 MiB, 2842 MHz, 234.18 W
2026/08/19 17:40:34.649, 98 %, 88 %, 15663 MiB, 2842 MHz, 232.82 W
2026/08/19 17:40:35.651, 98 %, 87 %, 15663 MiB, 2842 MHz, 232.65 W
2026/08/19 17:40:36.651, 98 %, 88 %, 15663 MiB, 2835 MHz, 288.02 W
2026/08/19 17:40:37.653, 98 %, 89 %, 15663 MiB, 2842 MHz, 233.85 W
2026/08/19 17:40:38.654, 98 %, 89 %, 15663 MiB, 2842 MHz, 234.07 W
2026/08/19 17:40:39.656, 98 %, 88 %, 15663 MiB, 2842 MHz, 232.91 W
2026/08/19 17:40:40.656, 98 %, 88 %, 15663 MiB, 2842 MHz, 232.29 W
2026/08/19 17:40:41.658, 98 %, 89 %, 15663 MiB, 2797 MHz, 287.79 W
2026/08/19 17:40:44.950, 98 %, 89 %, 15663 MiB, 2842 MHz, 233.70 W
2026/08/19 17:40:45.951, 98 %, 89 %, 15663 MiB, 2842 MHz, 233.89 W
2026/08/19 17:40:46.952, 98 %, 88 %, 15663 MiB, 2842 MHz, 232.80 W
2026/08/19 17:40:47.953, 98 %, 88 %, 15663 MiB, 2842 MHz, 232.80 W
2026/08/19 17:40:48.955, 98 %, 87 %, 15663 MiB, 2842 MHz, 287.75 W
2026/08/19 17:40:49.956, 98 %, 89 %, 15663 MiB, 2842 MHz, 234.06 W
2026/08/19 17:40:50.957, 98 %, 88 %, 15663 MiB, 2842 MHz, 233.88 W
2026/08/19 17:40:51.959, 98 %, 88 %, 15663 MiB, 2842 MHz, 232.35 W
2026/08/19 17:40:52.960, 98 %, 60 %, 15663 MiB, 2842 MHz, 242.24 W
2026/08/19 17:40:53.961, 98 %, 89 %, 15663 MiB, 2842 MHz, 273.22 W
2026/08/19 17:40:54.963, 98 %, 88 %, 15663 MiB, 2842 MHz, 233.62 W
2026/08/19 17:40:55.965, 98 %, 88 %, 15663 MiB, 2842 MHz, 233.26 W
2026/08/19 17:40:56.966, 98 %, 88 %, 15663 MiB, 2842 MHz, 232.19 W
2026/08/19 17:40:57.967, 99 %, 32 %, 15663 MiB, 2842 MHz, 261.78 W
2026/08/19 17:40:58.968, 98 %, 89 %, 15663 MiB, 2842 MHz, 256.71 W
2026/08/19 17:40:59.969, 98 %, 89 %, 15663 MiB, 2842 MHz, 233.92 W
2026/08/19 17:41:00.970, 98 %, 88 %, 15663 MiB, 2842 MHz, 233.04 W
2026/08/19 17:41:01.971, 98 %, 88 %, 15663 MiB, 2842 MHz, 232.54 W
2026/08/19 17:41:02.972, 99 %, 32 %, 15663 MiB, 2820 MHz, 280.61 W
2026/08/19 17:41:03.973, 98 %, 89 %, 15663 MiB, 2842 MHz, 239.93 W
2026/08/19 17:41:04.974, 98 %, 89 %, 15663 MiB, 2842 MHz, 233.85 W
2026/08/19 17:41:05.975, 98 %, 88 %, 15663 MiB, 2842 MHz, 232.93 W
2026/08/19 17:41:06.976, 98 %, 88 %, 15663 MiB, 2842 MHz, 232.17 W
2026/08/19 17:41:07.977, 98 %, 69 %, 15663 MiB, 2805 MHz, 281.83 W
2026/08/19 17:41:08.978, 98 %, 89 %, 15663 MiB, 2842 MHz, 234.00 W
2026/08/19 17:41:09.979, 98 %, 89 %, 15663 MiB, 2842 MHz, 233.72 W
2026/08/19 17:41:10.980, 98 %, 88 %, 15663 MiB, 2842 MHz, 232.88 W
2026/08/19 17:41:11.981, 98 %, 87 %, 15663 MiB, 2842 MHz, 232.15 W
2026/08/19 17:41:12.982, 98 %, 64 %, 15663 MiB, 2812 MHz, 287.59 W
2026/08/19 17:41:13.983, 98 %, 88 %, 15663 MiB, 2842 MHz, 233.76 W
2026/08/19 17:41:14.984, 98 %, 89 %, 15663 MiB, 2842 MHz, 233.72 W
2026/08/19 17:41:15.985, 98 %, 88 %, 15663 MiB, 2842 MHz, 232.49 W
2026/08/19 17:41:19.232, 98 %, 88 %, 15663 MiB, 2842 MHz, 231.93 W
2026/08/19 17:41:20.233, 97 %, 88 %, 15663 MiB, 2797 MHz, 287.50 W
2026/08/19 17:41:21.234, 98 %, 89 %, 15663 MiB, 2842 MHz, 234.17 W
2026/08/19 17:41:22.235, 98 %, 89 %, 15663 MiB, 2842 MHz, 234.18 W
2026/08/19 17:41:23.236, 98 %, 88 %, 15663 MiB, 2842 MHz, 233.01 W
2026/08/19 17:41:24.237, 98 %, 88 %, 15663 MiB, 2842 MHz, 232.26 W
2026/08/19 17:41:25.238, 98 %, 89 %, 15663 MiB, 2842 MHz, 283.55 W
2026/08/19 17:41:26.239, 98 %, 89 %, 15663 MiB, 2842 MHz, 233.85 W
2026/08/19 17:41:27.240, 98 %, 88 %, 15663 MiB, 2842 MHz, 233.47 W
2026/08/19 17:41:28.241, 98 %, 88 %, 15663 MiB, 2842 MHz, 232.39 W
2026/08/19 17:41:29.242, 98 %, 88 %, 15663 MiB, 2842 MHz, 240.82 W
2026/08/19 17:41:30.243, 98 %, 89 %, 15663 MiB, 2842 MHz, 275.22 W
2026/08/19 17:41:31.244, 98 %, 89 %, 15663 MiB, 2842 MHz, 233.66 W
2026/08/19 17:41:32.245, 98 %, 88 %, 15663 MiB, 2842 MHz, 233.39 W
2026/08/19 17:41:33.246, 98 %, 88 %, 15663 MiB, 2842 MHz, 231.90 W
2026/08/19 17:41:34.247, 99 %, 32 %, 15663 MiB, 2842 MHz, 271.16 W
2026/08/19 17:41:35.249, 98 %, 89 %, 15663 MiB, 2842 MHz, 247.83 W
2026/08/19 17:41:36.250, 98 %, 89 %, 15663 MiB, 2842 MHz, 233.68 W
2026/08/19 17:41:37.251, 98 %, 88 %, 15663 MiB, 2842 MHz, 232.80 W
2026/08/19 17:41:38.252, 98 %, 88 %, 15663 MiB, 2842 MHz, 231.85 W
2026/08/19 17:41:39.254, 99 %, 43 %, 15663 MiB, 2820 MHz, 286.67 W
2026/08/19 17:41:40.255, 98 %, 89 %, 15663 MiB, 2842 MHz, 234.27 W
2026/08/19 17:41:41.256, 98 %, 89 %, 15663 MiB, 2842 MHz, 234.06 W
2026/08/19 17:41:42.258, 98 %, 87 %, 15663 MiB, 2842 MHz, 232.67 W
2026/08/19 17:41:43.259, 98 %, 88 %, 15663 MiB, 2842 MHz, 232.35 W
2026/08/19 17:41:44.260, 98 %, 89 %, 15663 MiB, 2790 MHz, 287.88 W
2026/08/19 17:41:45.261, 98 %, 89 %, 15663 MiB, 2842 MHz, 234.23 W
2026/08/19 17:41:46.263, 98 %, 89 %, 15663 MiB, 2842 MHz, 234.13 W
2026/08/19 17:41:47.264, 98 %, 88 %, 15663 MiB, 2842 MHz, 232.71 W
2026/08/19 17:41:48.265, 98 %, 88 %, 15663 MiB, 2842 MHz, 232.43 W
2026/08/19 17:41:49.266, 98 %, 89 %, 15663 MiB, 2835 MHz, 288.20 W
2026/08/19 17:41:50.268, 98 %, 89 %, 15663 MiB, 2842 MHz, 234.10 W
2026/08/19 17:41:53.686, 98 %, 89 %, 15663 MiB, 2842 MHz, 233.96 W
2026/08/19 17:41:54.687, 98 %, 88 %, 15663 MiB, 2842 MHz, 232.65 W
2026/08/19 17:41:55.689, 98 %, 88 %, 15663 MiB, 2842 MHz, 232.66 W
2026/08/19 17:41:56.690, 98 %, 88 %, 15663 MiB, 2805 MHz, 287.77 W
2026/08/19 17:41:57.691, 98 %, 89 %, 15663 MiB, 2842 MHz, 233.62 W
2026/08/19 17:41:58.692, 98 %, 89 %, 15663 MiB, 2842 MHz, 233.44 W
2026/08/19 17:41:59.693, 98 %, 88 %, 15663 MiB, 2842 MHz, 232.22 W
2026/08/19 17:42:00.694, 98 %, 88 %, 15663 MiB, 2842 MHz, 232.20 W
2026/08/19 17:42:01.696, 98 %, 88 %, 15663 MiB, 2842 MHz, 282.57 W
2026/08/19 17:42:02.697, 98 %, 88 %, 15663 MiB, 2842 MHz, 233.30 W
2026/08/19 17:42:03.698, 98 %, 88 %, 15663 MiB, 2842 MHz, 232.89 W
2026/08/19 17:42:04.699, 98 %, 88 %, 15663 MiB, 2842 MHz, 232.43 W
2026/08/19 17:42:05.700, 98 %, 62 %, 15663 MiB, 2827 MHz, 252.93 W
2026/08/19 17:42:06.702, 98 %, 88 %, 15663 MiB, 2842 MHz, 274.43 W
2026/08/19 17:42:07.704, 97 %, 89 %, 15663 MiB, 2842 MHz, 233.60 W
2026/08/19 17:42:08.705, 98 %, 88 %, 15663 MiB, 2842 MHz, 232.82 W
2026/08/19 17:42:09.706, 98 %, 88 %, 15663 MiB, 2842 MHz, 232.31 W
2026/08/19 17:42:10.707, 99 %, 38 %, 15663 MiB, 2842 MHz, 259.30 W
2026/08/19 17:42:11.708, 98 %, 89 %, 15663 MiB, 2842 MHz, 226.23 W
2026/08/19 17:42:12.709, 98 %, 88 %, 15663 MiB, 2842 MHz, 225.86 W
2026/08/19 17:42:13.710, 98 %, 88 %, 15663 MiB, 2842 MHz, 225.15 W
2026/08/19 17:42:14.712, 98 %, 88 %, 15663 MiB, 2842 MHz, 225.32 W
2026/08/19 17:42:15.713, 0 %, 0 %, 15674 MiB, 2857 MHz, 92.29 W
2026/08/19 17:42:16.714, 0 %, 0 %, 15670 MiB, 2857 MHz, 63.70 W
2026/08/19 17:42:17.715, 0 %, 0 %, 15670 MiB, 457 MHz, 38.08 W
2026/08/19 17:42:18.716, 0 %, 4 %, 15670 MiB, 217 MHz, 30.12 W
2026/08/19 17:42:19.718, 0 %, 20 %, 15670 MiB, 180 MHz, 25.98 W
2026/08/19 17:42:20.719, 0 %, 19 %, 15670 MiB, 180 MHz, 23.92 W
2026/08/19 17:42:21.721, 0 %, 16 %, 15670 MiB, 202 MHz, 23.57 W
2026/08/19 17:42:22.723, 98 %, 73 %, 15674 MiB, 2182 MHz, 93.07 W
2026/08/19 17:42:23.724, 98 %, 87 %, 15674 MiB, 2842 MHz, 226.38 W
2026/08/19 17:42:24.725, 98 %, 87 %, 15674 MiB, 2842 MHz, 226.97 W
2026/08/19 17:42:28.034, 98 %, 88 %, 15674 MiB, 2842 MHz, 228.36 W
2026/08/19 17:42:29.035, 98 %, 88 %, 15674 MiB, 2842 MHz, 229.32 W
2026/08/19 17:42:30.036, 98 %, 88 %, 15663 MiB, 2842 MHz, 257.30 W
2026/08/19 17:42:31.038, 98 %, 89 %, 15663 MiB, 2842 MHz, 229.80 W
2026/08/19 17:42:32.039, 98 %, 88 %, 15663 MiB, 2842 MHz, 230.64 W
2026/08/19 17:42:33.040, 98 %, 88 %, 15663 MiB, 2842 MHz, 230.09 W
2026/08/19 17:42:34.041, 99 %, 38 %, 15663 MiB, 2842 MHz, 246.83 W
2026/08/19 17:42:35.042, 98 %, 89 %, 15663 MiB, 2842 MHz, 263.31 W
2026/08/19 17:42:36.043, 98 %, 89 %, 15663 MiB, 2842 MHz, 231.71 W
2026/08/19 17:42:37.044, 98 %, 88 %, 15663 MiB, 2842 MHz, 231.34 W
2026/08/19 17:42:38.045, 98 %, 88 %, 15663 MiB, 2842 MHz, 230.40 W
2026/08/19 17:42:39.047, 99 %, 43 %, 15663 MiB, 2842 MHz, 256.48 W
2026/08/19 17:42:40.048, 98 %, 89 %, 15663 MiB, 2842 MHz, 244.90 W
2026/08/19 17:42:41.049, 98 %, 89 %, 15663 MiB, 2842 MHz, 232.60 W
2026/08/19 17:42:42.050, 98 %, 88 %, 15663 MiB, 2842 MHz, 232.26 W
2026/08/19 17:42:43.051, 98 %, 88 %, 15663 MiB, 2842 MHz, 231.51 W
2026/08/19 17:42:44.053, 99 %, 47 %, 15663 MiB, 2820 MHz, 276.99 W
2026/08/19 17:42:45.054, 98 %, 88 %, 15663 MiB, 2842 MHz, 232.97 W
2026/08/19 17:42:46.055, 98 %, 89 %, 15663 MiB, 2842 MHz, 233.07 W
2026/08/19 17:42:47.056, 98 %, 88 %, 15663 MiB, 2842 MHz, 232.16 W
2026/08/19 17:42:48.058, 98 %, 87 %, 15663 MiB, 2842 MHz, 231.25 W
2026/08/19 17:42:49.059, 98 %, 89 %, 15663 MiB, 2805 MHz, 277.92 W
2026/08/19 17:42:50.060, 98 %, 89 %, 15663 MiB, 2842 MHz, 233.47 W
2026/08/19 17:42:51.061, 98 %, 89 %, 15663 MiB, 2842 MHz, 233.71 W
2026/08/19 17:42:52.062, 98 %, 88 %, 15663 MiB, 2842 MHz, 232.62 W
2026/08/19 17:42:53.064, 98 %, 88 %, 15663 MiB, 2842 MHz, 232.01 W
2026/08/19 17:42:54.065, 98 %, 89 %, 15663 MiB, 2812 MHz, 283.21 W
2026/08/19 17:42:55.066, 98 %, 89 %, 15663 MiB, 2842 MHz, 233.85 W
2026/08/19 17:42:56.068, 98 %, 89 %, 15663 MiB, 2842 MHz, 233.52 W
2026/08/19 17:42:57.069, 98 %, 88 %, 15663 MiB, 2842 MHz, 232.50 W
2026/08/19 17:42:58.070, 98 %, 88 %, 15663 MiB, 2842 MHz, 231.61 W
2026/08/19 17:42:59.071, 98 %, 89 %, 15663 MiB, 2820 MHz, 288.00 W
2026/08/19 17:43:02.409, 98 %, 89 %, 15663 MiB, 2842 MHz, 233.74 W
2026/08/19 17:43:03.410, 98 %, 88 %, 15663 MiB, 2842 MHz, 233.59 W
2026/08/19 17:43:04.412, 98 %, 87 %, 15663 MiB, 2842 MHz, 231.99 W
2026/08/19 17:43:05.413, 98 %, 88 %, 15663 MiB, 2842 MHz, 233.92 W
2026/08/19 17:43:06.414, 98 %, 88 %, 15663 MiB, 2842 MHz, 281.77 W
2026/08/19 17:43:07.415, 98 %, 89 %, 15663 MiB, 2842 MHz, 233.29 W
2026/08/19 17:43:08.417, 98 %, 88 %, 15663 MiB, 2842 MHz, 232.97 W
2026/08/19 17:43:09.418, 98 %, 88 %, 15663 MiB, 2842 MHz, 231.50 W
2026/08/19 17:43:10.419, 98 %, 60 %, 15663 MiB, 2842 MHz, 253.07 W
2026/08/19 17:43:11.420, 98 %, 89 %, 15663 MiB, 2842 MHz, 266.94 W
2026/08/19 17:43:12.422, 98 %, 89 %, 15663 MiB, 2842 MHz, 233.61 W
2026/08/19 17:43:13.423, 98 %, 88 %, 15663 MiB, 2842 MHz, 232.89 W
2026/08/19 17:43:14.424, 98 %, 87 %, 15663 MiB, 2842 MHz, 231.62 W
2026/08/19 17:43:15.425, 99 %, 32 %, 15663 MiB, 2842 MHz, 272.43 W
2026/08/19 17:43:16.426, 98 %, 89 %, 15663 MiB, 2842 MHz, 256.23 W
2026/08/19 17:43:17.428, 98 %, 89 %, 15663 MiB, 2842 MHz, 233.51 W
2026/08/19 17:43:18.429, 98 %, 87 %, 15663 MiB, 2842 MHz, 232.66 W
2026/08/19 17:43:19.430, 98 %, 88 %, 15663 MiB, 2842 MHz, 232.24 W
2026/08/19 17:43:20.431, 99 %, 32 %, 15663 MiB, 2812 MHz, 286.95 W
2026/08/19 17:43:21.432, 98 %, 89 %, 15663 MiB, 2842 MHz, 234.70 W
2026/08/19 17:43:22.433, 98 %, 89 %, 15663 MiB, 2842 MHz, 234.16 W
2026/08/19 17:43:23.435, 98 %, 88 %, 15663 MiB, 2842 MHz, 232.84 W
2026/08/19 17:43:24.436, 98 %, 88 %, 15663 MiB, 2842 MHz, 232.84 W
2026/08/19 17:43:25.437, 98 %, 73 %, 15663 MiB, 2805 MHz, 287.64 W
2026/08/19 17:43:26.438, 98 %, 89 %, 15663 MiB, 2842 MHz, 233.76 W
2026/08/19 17:43:27.439, 98 %, 89 %, 15663 MiB, 2842 MHz, 233.90 W
2026/08/19 17:43:28.440, 98 %, 88 %, 15663 MiB, 2842 MHz, 232.42 W
2026/08/19 17:43:29.441, 98 %, 88 %, 15663 MiB, 2842 MHz, 232.29 W
2026/08/19 17:43:30.443, 98 %, 89 %, 15663 MiB, 2805 MHz, 282.47 W
2026/08/19 17:43:31.444, 98 %, 89 %, 15663 MiB, 2842 MHz, 233.62 W
2026/08/19 17:43:32.445, 98 %, 88 %, 15663 MiB, 2842 MHz, 233.08 W
2026/08/19 17:43:33.446, 98 %, 88 %, 15663 MiB, 2842 MHz, 232.16 W
2026/08/19 17:43:34.447, 98 %, 88 %, 15663 MiB, 2842 MHz, 232.08 W
2026/08/19 17:43:37.774, 98 %, 88 %, 15663 MiB, 2820 MHz, 282.54 W
2026/08/19 17:43:38.776, 98 %, 89 %, 15663 MiB, 2842 MHz, 233.50 W
2026/08/19 17:43:39.777, 98 %, 88 %, 15663 MiB, 2842 MHz, 233.09 W
2026/08/19 17:43:40.778, 98 %, 88 %, 15663 MiB, 2842 MHz, 232.30 W
2026/08/19 17:43:41.779, 98 %, 83 %, 15663 MiB, 2842 MHz, 233.19 W
2026/08/19 17:43:42.780, 98 %, 89 %, 15663 MiB, 2842 MHz, 281.76 W
2026/08/19 17:43:43.781, 98 %, 89 %, 15663 MiB, 2842 MHz, 233.55 W
2026/08/19 17:43:44.782, 98 %, 88 %, 15663 MiB, 2842 MHz, 232.91 W
2026/08/19 17:43:45.783, 98 %, 88 %, 15663 MiB, 2842 MHz, 232.38 W
2026/08/19 17:43:46.784, 99 %, 33 %, 15663 MiB, 2842 MHz, 253.31 W
2026/08/19 17:43:47.785, 98 %, 89 %, 15663 MiB, 2835 MHz, 273.74 W
2026/08/19 17:43:48.786, 98 %, 88 %, 15663 MiB, 2842 MHz, 233.02 W
2026/08/19 17:43:49.787, 98 %, 88 %, 15663 MiB, 2842 MHz, 233.17 W
2026/08/19 17:43:50.788, 98 %, 88 %, 15663 MiB, 2842 MHz, 232.14 W
2026/08/19 17:43:51.789, 99 %, 32 %, 15663 MiB, 2842 MHz, 272.38 W
2026/08/19 17:43:52.790, 98 %, 89 %, 15663 MiB, 2842 MHz, 238.57 W
2026/08/19 17:43:53.791, 98 %, 89 %, 15663 MiB, 2842 MHz, 233.45 W
2026/08/19 17:43:54.792, 98 %, 88 %, 15663 MiB, 2842 MHz, 232.87 W
2026/08/19 17:43:55.793, 98 %, 88 %, 15663 MiB, 2842 MHz, 232.17 W
2026/08/19 17:43:56.794, 99 %, 46 %, 15663 MiB, 2812 MHz, 286.99 W
2026/08/19 17:43:57.795, 98 %, 89 %, 15663 MiB, 2842 MHz, 239.78 W
2026/08/19 17:43:58.796, 98 %, 89 %, 15663 MiB, 2842 MHz, 233.64 W
2026/08/19 17:43:59.797, 98 %, 87 %, 15663 MiB, 2842 MHz, 232.89 W
2026/08/19 17:44:00.799, 98 %, 88 %, 15663 MiB, 2842 MHz, 232.26 W
2026/08/19 17:44:01.800, 99 %, 42 %, 15663 MiB, 2805 MHz, 287.37 W
2026/08/19 17:44:02.801, 98 %, 88 %, 15663 MiB, 2842 MHz, 233.60 W
2026/08/19 17:44:03.802, 98 %, 89 %, 15663 MiB, 2842 MHz, 233.83 W
2026/08/19 17:44:04.803, 98 %, 87 %, 15663 MiB, 2842 MHz, 232.47 W
2026/08/19 17:44:05.804, 98 %, 87 %, 15663 MiB, 2842 MHz, 232.19 W
2026/08/19 17:44:06.805, 98 %, 88 %, 15663 MiB, 2812 MHz, 287.97 W
2026/08/19 17:44:07.806, 98 %, 88 %, 15663 MiB, 2842 MHz, 233.43 W
2026/08/19 17:44:08.807, 98 %, 88 %, 15663 MiB, 2842 MHz, 233.64 W
2026/08/19 17:44:12.143, 98 %, 87 %, 15663 MiB, 2842 MHz, 232.37 W
2026/08/19 17:44:13.144, 98 %, 88 %, 15663 MiB, 2842 MHz, 232.19 W
2026/08/19 17:44:14.145, 98 %, 89 %, 15663 MiB, 2827 MHz, 288.11 W
2026/08/19 17:44:15.146, 98 %, 89 %, 15663 MiB, 2842 MHz, 233.85 W
2026/08/19 17:44:16.147, 98 %, 88 %, 15663 MiB, 2842 MHz, 233.87 W
2026/08/19 17:44:17.148, 98 %, 88 %, 15663 MiB, 2842 MHz, 232.78 W
2026/08/19 17:44:18.149, 98 %, 87 %, 15663 MiB, 2842 MHz, 232.43 W
2026/08/19 17:44:19.151, 98 %, 88 %, 15663 MiB, 2842 MHz, 283.25 W
2026/08/19 17:44:20.152, 98 %, 89 %, 15663 MiB, 2842 MHz, 234.25 W
2026/08/19 17:44:21.153, 98 %, 88 %, 15663 MiB, 2842 MHz, 233.82 W
2026/08/19 17:44:22.154, 98 %, 88 %, 15663 MiB, 2842 MHz, 232.57 W
2026/08/19 17:44:23.155, 98 %, 64 %, 15663 MiB, 2842 MHz, 252.70 W
2026/08/19 17:44:24.156, 98 %, 88 %, 15663 MiB, 2842 MHz, 257.76 W
2026/08/19 17:44:25.157, 98 %, 89 %, 15663 MiB, 2842 MHz, 233.74 W
2026/08/19 17:44:26.158, 98 %, 88 %, 15663 MiB, 2842 MHz, 232.87 W
2026/08/19 17:44:27.160, 98 %, 88 %, 15663 MiB, 2842 MHz, 232.34 W
2026/08/19 17:44:28.161, 99 %, 33 %, 15663 MiB, 2842 MHz, 271.20 W
2026/08/19 17:44:29.162, 98 %, 89 %, 15663 MiB, 2842 MHz, 248.18 W
2026/08/19 17:44:30.163, 98 %, 89 %, 15663 MiB, 2842 MHz, 233.85 W
2026/08/19 17:44:31.164, 98 %, 88 %, 15663 MiB, 2842 MHz, 232.95 W
2026/08/19 17:44:32.165, 98 %, 88 %, 15663 MiB, 2842 MHz, 232.46 W
2026/08/19 17:44:33.166, 99 %, 32 %, 15663 MiB, 2820 MHz, 286.44 W
2026/08/19 17:44:34.167, 98 %, 89 %, 15663 MiB, 2842 MHz, 234.18 W
2026/08/19 17:44:35.169, 98 %, 89 %, 15663 MiB, 2842 MHz, 234.30 W
2026/08/19 17:44:36.170, 98 %, 88 %, 15663 MiB, 2842 MHz, 232.99 W
2026/08/19 17:44:37.171, 98 %, 88 %, 15663 MiB, 2842 MHz, 232.27 W
2026/08/19 17:44:38.172, 98 %, 64 %, 15663 MiB, 2805 MHz, 286.95 W
2026/08/19 17:44:39.173, 98 %, 89 %, 15663 MiB, 2842 MHz, 233.88 W
2026/08/19 17:44:40.174, 98 %, 89 %, 15663 MiB, 2842 MHz, 233.98 W
2026/08/19 17:44:41.175, 98 %, 88 %, 15663 MiB, 2842 MHz, 232.70 W
2026/08/19 17:44:42.176, 98 %, 88 %, 15663 MiB, 2842 MHz, 232.35 W
2026/08/19 17:44:43.178, 98 %, 88 %, 15663 MiB, 2820 MHz, 287.73 W
2026/08/19 17:44:46.536, 98 %, 88 %, 15663 MiB, 2842 MHz, 234.06 W
2026/08/19 17:44:47.537, 98 %, 89 %, 15663 MiB, 2842 MHz, 233.96 W
2026/08/19 17:44:48.538, 98 %, 88 %, 15663 MiB, 2842 MHz, 232.68 W
2026/08/19 17:44:49.539, 98 %, 87 %, 15663 MiB, 2842 MHz, 232.01 W
2026/08/19 17:44:50.541, 98 %, 88 %, 15663 MiB, 2812 MHz, 283.32 W
2026/08/19 17:44:51.542, 98 %, 89 %, 15663 MiB, 2842 MHz, 233.96 W
2026/08/19 17:44:52.543, 98 %, 88 %, 15663 MiB, 2842 MHz, 233.68 W
2026/08/19 17:44:53.544, 98 %, 88 %, 15663 MiB, 2842 MHz, 232.65 W
2026/08/19 17:44:54.546, 98 %, 88 %, 15663 MiB, 2842 MHz, 232.29 W
2026/08/19 17:44:55.548, 98 %, 88 %, 15663 MiB, 2842 MHz, 283.36 W
2026/08/19 17:44:56.549, 98 %, 89 %, 15663 MiB, 2842 MHz, 233.95 W
2026/08/19 17:44:57.550, 98 %, 88 %, 15663 MiB, 2842 MHz, 233.62 W
2026/08/19 17:44:58.551, 98 %, 88 %, 15663 MiB, 2842 MHz, 232.80 W
2026/08/19 17:44:59.552, 99 %, 41 %, 15663 MiB, 2842 MHz, 249.92 W
2026/08/19 17:45:00.554, 98 %, 89 %, 15663 MiB, 2842 MHz, 267.07 W
2026/08/19 17:45:01.555, 98 %, 89 %, 15663 MiB, 2842 MHz, 233.75 W
2026/08/19 17:45:02.556, 98 %, 88 %, 15663 MiB, 2842 MHz, 233.25 W
2026/08/19 17:45:03.557, 98 %, 88 %, 15663 MiB, 2842 MHz, 231.75 W
2026/08/19 17:45:04.558, 99 %, 32 %, 15663 MiB, 2842 MHz, 275.52 W
2026/08/19 17:45:05.560, 98 %, 88 %, 15663 MiB, 2842 MHz, 240.74 W
2026/08/19 17:45:06.561, 98 %, 89 %, 15663 MiB, 2842 MHz, 233.79 W
2026/08/19 17:45:07.562, 98 %, 88 %, 15663 MiB, 2842 MHz, 232.47 W
2026/08/19 17:45:08.563, 98 %, 88 %, 15663 MiB, 2842 MHz, 231.54 W
2026/08/19 17:45:09.564, 99 %, 38 %, 15663 MiB, 2820 MHz, 281.93 W
2026/08/19 17:45:10.566, 98 %, 89 %, 15663 MiB, 2842 MHz, 233.97 W
2026/08/19 17:45:11.567, 98 %, 89 %, 15663 MiB, 2842 MHz, 233.88 W
2026/08/19 17:45:12.568, 98 %, 88 %, 15663 MiB, 2842 MHz, 232.77 W
2026/08/19 17:45:13.569, 98 %, 88 %, 15663 MiB, 2842 MHz, 232.06 W
2026/08/19 17:45:14.570, 99 %, 33 %, 15663 MiB, 2797 MHz, 287.24 W
2026/08/19 17:45:15.572, 98 %, 89 %, 15663 MiB, 2842 MHz, 234.11 W
2026/08/19 17:45:16.573, 98 %, 89 %, 15663 MiB, 2842 MHz, 234.12 W
2026/08/19 17:45:17.574, 98 %, 87 %, 15663 MiB, 2842 MHz, 232.64 W
2026/08/19 17:45:20.906, 98 %, 88 %, 15663 MiB, 2842 MHz, 232.34 W
2026/08/19 17:45:21.907, 98 %, 85 %, 15663 MiB, 2812 MHz, 287.74 W
2026/08/19 17:45:22.909, 98 %, 89 %, 15663 MiB, 2842 MHz, 233.94 W
2026/08/19 17:45:23.911, 98 %, 89 %, 15663 MiB, 2842 MHz, 233.77 W
2026/08/19 17:45:24.913, 98 %, 88 %, 15663 MiB, 2842 MHz, 232.27 W
2026/08/19 17:45:25.914, 98 %, 88 %, 15663 MiB, 2842 MHz, 232.37 W
2026/08/19 17:45:26.915, 98 %, 89 %, 15663 MiB, 2812 MHz, 282.93 W
2026/08/19 17:45:27.917, 98 %, 89 %, 15663 MiB, 2842 MHz, 233.88 W
2026/08/19 17:45:28.918, 98 %, 88 %, 15663 MiB, 2842 MHz, 233.76 W
2026/08/19 17:45:29.919, 98 %, 87 %, 15663 MiB, 2842 MHz, 232.16 W
2026/08/19 17:45:30.921, 98 %, 88 %, 15663 MiB, 2842 MHz, 232.09 W
2026/08/19 17:45:31.922, 98 %, 88 %, 15663 MiB, 2842 MHz, 283.17 W
2026/08/19 17:45:32.923, 98 %, 88 %, 15663 MiB, 2842 MHz, 233.81 W
2026/08/19 17:45:33.925, 98 %, 88 %, 15663 MiB, 2842 MHz, 233.20 W
2026/08/19 17:45:34.926, 98 %, 88 %, 15663 MiB, 2842 MHz, 232.48 W
2026/08/19 17:45:35.927, 99 %, 33 %, 15663 MiB, 2842 MHz, 259.23 W
2026/08/19 17:45:36.928, 98 %, 89 %, 15663 MiB, 2842 MHz, 258.87 W
2026/08/19 17:45:37.929, 98 %, 89 %, 15663 MiB, 2842 MHz, 233.58 W
2026/08/19 17:45:38.930, 98 %, 88 %, 15663 MiB, 2842 MHz, 232.74 W
2026/08/19 17:45:39.931, 98 %, 88 %, 15663 MiB, 2842 MHz, 232.29 W
2026/08/19 17:45:40.932, 98 %, 82 %, 15663 MiB, 2842 MHz, 259.19 W
2026/08/19 17:45:41.934, 98 %, 89 %, 15663 MiB, 2842 MHz, 226.93 W
2026/08/19 17:45:42.935, 98 %, 89 %, 15663 MiB, 2842 MHz, 226.26 W
2026/08/19 17:45:43.936, 98 %, 88 %, 15663 MiB, 2842 MHz, 225.45 W
2026/08/19 17:45:44.937, 98 %, 88 %, 15663 MiB, 2842 MHz, 225.40 W
2026/08/19 17:45:45.938, 0 %, 0 %, 15675 MiB, 2857 MHz, 85.23 W
2026/08/19 17:45:46.939, 0 %, 0 %, 15675 MiB, 2857 MHz, 61.09 W
2026/08/19 17:45:47.940, 0 %, 0 %, 15675 MiB, 472 MHz, 38.82 W
2026/08/19 17:45:48.942, 0 %, 6 %, 15675 MiB, 307 MHz, 30.52 W
2026/08/19 17:45:49.943, 0 %, 20 %, 15675 MiB, 180 MHz, 28.18 W
2026/08/19 17:45:50.945, 0 %, 18 %, 15675 MiB, 180 MHz, 24.13 W
2026/08/19 17:45:51.947, 0 %, 25 %, 15675 MiB, 180 MHz, 23.55 W
2026/08/19 17:45:55.277, 98 %, 75 %, 15675 MiB, 1837 MHz, 72.67 W
2026/08/19 17:45:56.279, 98 %, 87 %, 15675 MiB, 2850 MHz, 226.65 W
2026/08/19 17:45:57.280, 98 %, 87 %, 15674 MiB, 2842 MHz, 227.14 W
2026/08/19 17:45:58.281, 98 %, 88 %, 15674 MiB, 2842 MHz, 228.63 W
2026/08/19 17:45:59.282, 98 %, 88 %, 15674 MiB, 2842 MHz, 229.54 W
2026/08/19 17:46:00.284, 99 %, 28 %, 15663 MiB, 2812 MHz, 288.07 W
2026/08/19 17:46:01.286, 98 %, 89 %, 15663 MiB, 2842 MHz, 242.44 W
2026/08/19 17:46:02.288, 98 %, 89 %, 15663 MiB, 2842 MHz, 243.32 W
2026/08/19 17:46:03.289, 98 %, 89 %, 15663 MiB, 2842 MHz, 243.09 W
2026/08/19 17:46:04.289, 98 %, 89 %, 15663 MiB, 2842 MHz, 243.28 W
2026/08/19 17:46:05.291, 99 %, 31 %, 15663 MiB, 2842 MHz, 266.87 W
2026/08/19 17:46:06.293, 98 %, 88 %, 15663 MiB, 2842 MHz, 277.92 W
2026/08/19 17:46:07.293, 98 %, 89 %, 15663 MiB, 2842 MHz, 244.42 W
2026/08/19 17:46:08.294, 98 %, 88 %, 15663 MiB, 2842 MHz, 244.59 W
2026/08/19 17:46:09.295, 98 %, 88 %, 15663 MiB, 2842 MHz, 243.74 W
2026/08/19 17:46:10.296, 98 %, 89 %, 15663 MiB, 2842 MHz, 244.57 W
2026/08/19 17:46:11.298, 99 %, 29 %, 15663 MiB, 2827 MHz, 305.58 W
2026/08/19 17:46:12.299, 98 %, 88 %, 15663 MiB, 2842 MHz, 252.38 W
2026/08/19 17:46:13.300, 98 %, 89 %, 15663 MiB, 2842 MHz, 245.29 W
2026/08/19 17:46:14.301, 98 %, 88 %, 15663 MiB, 2842 MHz, 244.10 W
2026/08/19 17:46:15.302, 98 %, 89 %, 15663 MiB, 2842 MHz, 244.60 W
2026/08/19 17:46:16.304, 99 %, 32 %, 15663 MiB, 2842 MHz, 272.65 W
2026/08/19 17:46:17.305, 98 %, 89 %, 15663 MiB, 2805 MHz, 284.57 W
2026/08/19 17:46:18.306, 98 %, 89 %, 15663 MiB, 2842 MHz, 244.48 W
2026/08/19 17:46:19.307, 98 %, 89 %, 15663 MiB, 2842 MHz, 245.40 W
2026/08/19 17:46:20.308, 98 %, 89 %, 15663 MiB, 2842 MHz, 244.49 W
2026/08/19 17:46:21.310, 98 %, 89 %, 15663 MiB, 2842 MHz, 245.23 W
2026/08/19 17:46:22.311, 99 %, 28 %, 15663 MiB, 2797 MHz, 300.63 W
2026/08/19 17:46:23.312, 98 %, 89 %, 15663 MiB, 2842 MHz, 257.35 W
2026/08/19 17:46:24.313, 98 %, 89 %, 15663 MiB, 2842 MHz, 245.41 W
2026/08/19 17:46:25.314, 98 %, 88 %, 15663 MiB, 2842 MHz, 245.08 W
2026/08/19 17:46:26.317, 98 %, 89 %, 15663 MiB, 2842 MHz, 245.00 W
2026/08/19 17:46:27.318, 98 %, 89 %, 15663 MiB, 2842 MHz, 252.72 W
2026/08/19 17:46:30.652, 98 %, 77 %, 15663 MiB, 2797 MHz, 305.42 W
2026/08/19 17:46:31.653, 98 %, 89 %, 15663 MiB, 2842 MHz, 245.61 W
2026/08/19 17:46:32.654, 98 %, 89 %, 15663 MiB, 2842 MHz, 245.70 W
2026/08/19 17:46:33.656, 98 %, 89 %, 15663 MiB, 2842 MHz, 244.59 W
2026/08/19 17:46:34.657, 98 %, 89 %, 15663 MiB, 2842 MHz, 245.12 W
2026/08/19 17:46:35.658, 99 %, 33 %, 15663 MiB, 2835 MHz, 286.29 W
2026/08/19 17:46:36.659, 98 %, 89 %, 15663 MiB, 2820 MHz, 273.38 W
2026/08/19 17:46:37.661, 98 %, 89 %, 15663 MiB, 2842 MHz, 245.25 W
2026/08/19 17:46:38.662, 98 %, 88 %, 15663 MiB, 2842 MHz, 245.31 W
2026/08/19 17:46:39.663, 98 %, 89 %, 15663 MiB, 2842 MHz, 244.29 W
2026/08/19 17:46:40.664, 98 %, 89 %, 15663 MiB, 2842 MHz, 245.32 W
2026/08/19 17:46:41.665, 99 %, 31 %, 15663 MiB, 2790 MHz, 316.32 W
2026/08/19 17:46:42.666, 98 %, 88 %, 15663 MiB, 2842 MHz, 245.69 W
2026/08/19 17:46:43.668, 98 %, 89 %, 15663 MiB, 2842 MHz, 245.29 W
2026/08/19 17:46:44.669, 98 %, 88 %, 15663 MiB, 2842 MHz, 244.05 W
2026/08/19 17:46:45.670, 98 %, 89 %, 15663 MiB, 2842 MHz, 244.77 W
2026/08/19 17:46:46.671, 99 %, 33 %, 15663 MiB, 2835 MHz, 290.71 W
2026/08/19 17:46:47.672, 98 %, 88 %, 15663 MiB, 2820 MHz, 278.81 W
2026/08/19 17:46:48.673, 98 %, 88 %, 15663 MiB, 2842 MHz, 245.44 W
2026/08/19 17:46:49.674, 98 %, 88 %, 15663 MiB, 2842 MHz, 245.63 W
2026/08/19 17:46:50.675, 98 %, 88 %, 15663 MiB, 2842 MHz, 244.90 W
2026/08/19 17:46:51.676, 98 %, 89 %, 15663 MiB, 2842 MHz, 245.57 W
2026/08/19 17:46:52.677, 99 %, 28 %, 15663 MiB, 2790 MHz, 324.36 W
2026/08/19 17:46:53.678, 98 %, 88 %, 15663 MiB, 2842 MHz, 249.72 W
2026/08/19 17:46:54.679, 98 %, 89 %, 15663 MiB, 2842 MHz, 245.55 W
2026/08/19 17:46:55.680, 98 %, 88 %, 15663 MiB, 2842 MHz, 244.90 W
2026/08/19 17:46:56.682, 98 %, 89 %, 15663 MiB, 2842 MHz, 245.00 W
2026/08/19 17:46:57.683, 99 %, 33 %, 15663 MiB, 2827 MHz, 271.73 W
2026/08/19 17:46:58.684, 98 %, 88 %, 15663 MiB, 2805 MHz, 298.07 W
2026/08/19 17:46:59.685, 97 %, 88 %, 15663 MiB, 2842 MHz, 245.63 W
2026/08/19 17:47:00.686, 98 %, 89 %, 15663 MiB, 2842 MHz, 245.74 W
2026/08/19 17:47:01.688, 98 %, 88 %, 15663 MiB, 2842 MHz, 244.76 W
2026/08/19 17:47:04.989, 98 %, 89 %, 15663 MiB, 2842 MHz, 244.95 W
2026/08/19 17:47:05.990, 99 %, 33 %, 15663 MiB, 2827 MHz, 307.30 W
2026/08/19 17:47:06.991, 97 %, 88 %, 15663 MiB, 2842 MHz, 277.10 W
2026/08/19 17:47:07.992, 98 %, 88 %, 15663 MiB, 2842 MHz, 245.61 W
2026/08/19 17:47:08.993, 98 %, 88 %, 15663 MiB, 2842 MHz, 245.38 W
2026/08/19 17:47:09.995, 98 %, 89 %, 15663 MiB, 2842 MHz, 244.45 W
2026/08/19 17:47:10.996, 98 %, 89 %, 15663 MiB, 2842 MHz, 245.54 W
2026/08/19 17:47:11.997, 99 %, 42 %, 15663 MiB, 2812 MHz, 330.29 W
2026/08/19 17:47:12.998, 97 %, 88 %, 15663 MiB, 2842 MHz, 245.92 W
2026/08/19 17:47:13.999, 97 %, 89 %, 15663 MiB, 2842 MHz, 245.48 W
2026/08/19 17:47:15.000, 98 %, 88 %, 15663 MiB, 2842 MHz, 244.38 W
2026/08/19 17:47:16.001, 98 %, 89 %, 15663 MiB, 2842 MHz, 244.67 W
2026/08/19 17:47:17.002, 99 %, 33 %, 15663 MiB, 2827 MHz, 286.74 W
2026/08/19 17:47:18.003, 97 %, 88 %, 15663 MiB, 2805 MHz, 288.18 W
2026/08/19 17:47:19.004, 98 %, 88 %, 15663 MiB, 2842 MHz, 244.79 W
2026/08/19 17:47:20.005, 98 %, 88 %, 15663 MiB, 2842 MHz, 245.05 W
2026/08/19 17:47:21.006, 98 %, 88 %, 15663 MiB, 2842 MHz, 244.41 W
2026/08/19 17:47:22.007, 98 %, 89 %, 15663 MiB, 2842 MHz, 245.23 W
2026/08/19 17:47:23.008, 99 %, 32 %, 15663 MiB, 2790 MHz, 327.44 W
2026/08/19 17:47:24.009, 97 %, 88 %, 15663 MiB, 2842 MHz, 251.30 W
2026/08/19 17:47:25.010, 98 %, 89 %, 15662 MiB, 2842 MHz, 245.24 W
2026/08/19 17:47:26.011, 98 %, 88 %, 15662 MiB, 2842 MHz, 244.88 W
2026/08/19 17:47:27.012, 98 %, 89 %, 15662 MiB, 2842 MHz, 244.83 W
2026/08/19 17:47:28.013, 99 %, 33 %, 15662 MiB, 2827 MHz, 273.75 W
2026/08/19 17:47:29.014, 98 %, 89 %, 15662 MiB, 2805 MHz, 304.39 W
2026/08/19 17:47:30.015, 97 %, 88 %, 15662 MiB, 2842 MHz, 245.06 W
2026/08/19 17:47:31.016, 97 %, 88 %, 15662 MiB, 2842 MHz, 245.47 W
2026/08/19 17:47:32.017, 98 %, 88 %, 15662 MiB, 2842 MHz, 244.27 W
2026/08/19 17:47:33.018, 97 %, 88 %, 15662 MiB, 2842 MHz, 244.47 W
2026/08/19 17:47:34.019, 99 %, 32 %, 15662 MiB, 2790 MHz, 308.47 W
2026/08/19 17:47:35.021, 98 %, 89 %, 15662 MiB, 2842 MHz, 276.61 W
2026/08/19 17:47:36.021, 97 %, 89 %, 15662 MiB, 2842 MHz, 245.33 W
2026/08/19 17:47:39.327, 98 %, 88 %, 15662 MiB, 2842 MHz, 245.28 W
2026/08/19 17:47:40.328, 97 %, 88 %, 15662 MiB, 2842 MHz, 244.31 W
2026/08/19 17:47:41.329, 98 %, 57 %, 15662 MiB, 2842 MHz, 255.70 W
2026/08/19 17:47:42.330, 99 %, 43 %, 15662 MiB, 2790 MHz, 332.70 W
2026/08/19 17:47:43.331, 98 %, 88 %, 15662 MiB, 2842 MHz, 245.71 W
2026/08/19 17:47:44.333, 98 %, 89 %, 15662 MiB, 2842 MHz, 245.40 W
2026/08/19 17:47:45.334, 98 %, 88 %, 15662 MiB, 2842 MHz, 244.23 W
2026/08/19 17:47:46.335, 97 %, 89 %, 15662 MiB, 2842 MHz, 244.46 W
2026/08/19 17:47:47.336, 99 %, 33 %, 15662 MiB, 2827 MHz, 286.83 W
2026/08/19 17:47:48.338, 98 %, 88 %, 15662 MiB, 2842 MHz, 271.07 W
2026/08/19 17:47:49.339, 98 %, 88 %, 15662 MiB, 2842 MHz, 242.54 W
2026/08/19 17:47:50.340, 98 %, 87 %, 15662 MiB, 2842 MHz, 242.44 W
2026/08/19 17:47:51.341, 98 %, 87 %, 15662 MiB, 2842 MHz, 241.23 W
2026/08/19 17:47:52.342, 31 %, 28 %, 15673 MiB, 2842 MHz, 200.18 W
2026/08/19 17:47:53.344, 0 %, 0 %, 15673 MiB, 2857 MHz, 66.66 W
2026/08/19 17:47:54.345, 0 %, 0 %, 15669 MiB, 1507 MHz, 49.88 W
2026/08/19 17:47:55.346, 0 %, 0 %, 15669 MiB, 397 MHz, 36.10 W
2026/08/19 17:47:56.347, 0 %, 0 %, 15669 MiB, 247 MHz, 35.53 W
2026/08/19 17:47:57.349, 0 %, 12 %, 15669 MiB, 187 MHz, 27.74 W
2026/08/19 17:47:58.350, 0 %, 12 %, 15669 MiB, 217 MHz, 27.68 W
2026/08/19 17:47:59.352, 0 %, 20 %, 15669 MiB, 210 MHz, 24.59 W
2026/08/19 17:48:00.354, 98 %, 86 %, 15673 MiB, 1695 MHz, 111.96 W
2026/08/19 17:48:01.355, 98 %, 87 %, 15673 MiB, 2857 MHz, 225.90 W
2026/08/19 17:48:02.356, 98 %, 87 %, 15673 MiB, 2842 MHz, 226.70 W
2026/08/19 17:48:03.357, 98 %, 88 %, 15673 MiB, 2842 MHz, 227.74 W
2026/08/19 17:48:04.358, 98 %, 88 %, 15673 MiB, 2842 MHz, 228.74 W
2026/08/19 17:48:05.359, 98 %, 72 %, 15662 MiB, 2827 MHz, 297.11 W
2026/08/19 17:48:06.360, 98 %, 89 %, 15662 MiB, 2842 MHz, 241.38 W
2026/08/19 17:48:07.361, 98 %, 89 %, 15662 MiB, 2842 MHz, 242.57 W
2026/08/19 17:48:08.362, 98 %, 88 %, 15662 MiB, 2842 MHz, 242.05 W
2026/08/19 17:48:09.363, 98 %, 88 %, 15662 MiB, 2842 MHz, 242.35 W
2026/08/19 17:48:10.364, 99 %, 29 %, 15662 MiB, 2827 MHz, 271.69 W
2026/08/19 17:48:13.683, 98 %, 89 %, 15662 MiB, 2842 MHz, 275.20 W
2026/08/19 17:48:14.685, 98 %, 89 %, 15662 MiB, 2842 MHz, 243.90 W
2026/08/19 17:48:15.686, 98 %, 89 %, 15662 MiB, 2842 MHz, 244.07 W
2026/08/19 17:48:16.687, 98 %, 89 %, 15662 MiB, 2842 MHz, 242.85 W
2026/08/19 17:48:17.688, 98 %, 89 %, 15662 MiB, 2842 MHz, 243.87 W
2026/08/19 17:48:18.689, 99 %, 29 %, 15662 MiB, 2797 MHz, 299.11 W
2026/08/19 17:48:19.691, 98 %, 89 %, 15662 MiB, 2842 MHz, 250.20 W
2026/08/19 17:48:20.692, 98 %, 89 %, 15662 MiB, 2842 MHz, 244.66 W
2026/08/19 17:48:21.693, 98 %, 89 %, 15662 MiB, 2842 MHz, 243.91 W
2026/08/19 17:48:22.694, 98 %, 89 %, 15662 MiB, 2842 MHz, 244.18 W
2026/08/19 17:48:23.697, 99 %, 32 %, 15662 MiB, 2842 MHz, 270.01 W
2026/08/19 17:48:24.698, 98 %, 89 %, 15662 MiB, 2820 MHz, 278.41 W
2026/08/19 17:48:25.699, 98 %, 88 %, 15662 MiB, 2842 MHz, 244.45 W
2026/08/19 17:48:26.700, 98 %, 88 %, 15662 MiB, 2842 MHz, 244.78 W
2026/08/19 17:48:27.701, 98 %, 89 %, 15662 MiB, 2842 MHz, 244.17 W
2026/08/19 17:48:28.702, 98 %, 89 %, 15662 MiB, 2842 MHz, 245.08 W
2026/08/19 17:48:29.704, 99 %, 29 %, 15662 MiB, 2827 MHz, 308.04 W
2026/08/19 17:48:30.705, 98 %, 89 %, 15662 MiB, 2842 MHz, 246.44 W
2026/08/19 17:48:31.706, 98 %, 89 %, 15662 MiB, 2842 MHz, 245.20 W
2026/08/19 17:48:32.707, 98 %, 88 %, 15662 MiB, 2842 MHz, 244.52 W
2026/08/19 17:48:33.708, 98 %, 89 %, 15662 MiB, 2842 MHz, 244.66 W
2026/08/19 17:48:34.709, 99 %, 33 %, 15662 MiB, 2835 MHz, 272.35 W
2026/08/19 17:48:35.710, 98 %, 89 %, 15662 MiB, 2797 MHz, 282.29 W
2026/08/19 17:48:36.711, 98 %, 89 %, 15662 MiB, 2842 MHz, 245.34 W
2026/08/19 17:48:37.712, 98 %, 89 %, 15662 MiB, 2842 MHz, 245.80 W
2026/08/19 17:48:38.713, 98 %, 89 %, 15662 MiB, 2842 MHz, 244.62 W
2026/08/19 17:48:39.714, 98 %, 88 %, 15662 MiB, 2842 MHz, 244.96 W
2026/08/19 17:48:40.715, 99 %, 29 %, 15662 MiB, 2805 MHz, 303.71 W
2026/08/19 17:48:41.716, 98 %, 89 %, 15662 MiB, 2842 MHz, 255.42 W
2026/08/19 17:48:42.717, 98 %, 89 %, 15662 MiB, 2842 MHz, 244.95 W
2026/08/19 17:48:43.718, 98 %, 88 %, 15662 MiB, 2842 MHz, 244.58 W
2026/08/19 17:48:44.719, 98 %, 89 %, 15662 MiB, 2842 MHz, 244.04 W
2026/08/19 17:48:45.721, 98 %, 89 %, 15662 MiB, 2842 MHz, 253.07 W
2026/08/19 17:48:49.038, 98 %, 82 %, 15662 MiB, 2812 MHz, 310.07 W
2026/08/19 17:48:50.040, 98 %, 89 %, 15662 MiB, 2842 MHz, 245.30 W
2026/08/19 17:48:51.041, 98 %, 89 %, 15662 MiB, 2842 MHz, 245.68 W
2026/08/19 17:48:52.042, 98 %, 89 %, 15662 MiB, 2842 MHz, 244.22 W
2026/08/19 17:48:53.043, 98 %, 89 %, 15662 MiB, 2842 MHz, 244.84 W
2026/08/19 17:48:54.045, 99 %, 33 %, 15662 MiB, 2827 MHz, 292.38 W
2026/08/19 17:48:55.046, 98 %, 89 %, 15662 MiB, 2827 MHz, 283.07 W
2026/08/19 17:48:56.047, 98 %, 88 %, 15662 MiB, 2842 MHz, 245.30 W
2026/08/19 17:48:57.048, 98 %, 89 %, 15662 MiB, 2842 MHz, 245.74 W
2026/08/19 17:48:58.049, 98 %, 88 %, 15662 MiB, 2842 MHz, 244.53 W
2026/08/19 17:48:59.051, 98 %, 89 %, 15662 MiB, 2842 MHz, 245.39 W
2026/08/19 17:49:00.052, 99 %, 32 %, 15662 MiB, 2790 MHz, 320.52 W
2026/08/19 17:49:01.053, 98 %, 88 %, 15662 MiB, 2842 MHz, 245.35 W
2026/08/19 17:49:02.054, 98 %, 89 %, 15662 MiB, 2842 MHz, 245.80 W
2026/08/19 17:49:03.055, 98 %, 88 %, 15662 MiB, 2842 MHz, 244.75 W
2026/08/19 17:49:04.057, 98 %, 89 %, 15662 MiB, 2842 MHz, 245.26 W
2026/08/19 17:49:05.058, 99 %, 33 %, 15662 MiB, 2820 MHz, 295.37 W
2026/08/19 17:49:06.060, 98 %, 89 %, 15662 MiB, 2835 MHz, 270.26 W
2026/08/19 17:49:07.061, 98 %, 89 %, 15662 MiB, 2842 MHz, 245.51 W
2026/08/19 17:49:08.062, 98 %, 88 %, 15662 MiB, 2842 MHz, 245.27 W
2026/08/19 17:49:09.063, 98 %, 89 %, 15662 MiB, 2842 MHz, 244.42 W
2026/08/19 17:49:10.064, 98 %, 89 %, 15662 MiB, 2842 MHz, 244.72 W
2026/08/19 17:49:11.066, 99 %, 30 %, 15662 MiB, 2797 MHz, 325.83 W
2026/08/19 17:49:12.067, 97 %, 88 %, 15662 MiB, 2842 MHz, 251.76 W
2026/08/19 17:49:13.068, 98 %, 89 %, 15662 MiB, 2842 MHz, 245.29 W
2026/08/19 17:49:14.069, 98 %, 88 %, 15662 MiB, 2842 MHz, 245.04 W
2026/08/19 17:49:15.070, 98 %, 89 %, 15662 MiB, 2842 MHz, 244.41 W
2026/08/19 17:49:16.071, 99 %, 33 %, 15662 MiB, 2820 MHz, 271.37 W
2026/08/19 17:49:17.072, 97 %, 88 %, 15662 MiB, 2820 MHz, 298.33 W
2026/08/19 17:49:18.073, 98 %, 89 %, 15662 MiB, 2842 MHz, 245.76 W
2026/08/19 17:49:19.074, 98 %, 89 %, 15662 MiB, 2842 MHz, 245.86 W
2026/08/19 17:49:20.075, 98 %, 88 %, 15662 MiB, 2842 MHz, 244.46 W
2026/08/19 17:49:23.406, 98 %, 89 %, 15662 MiB, 2842 MHz, 245.39 W
2026/08/19 17:49:24.407, 99 %, 33 %, 15662 MiB, 2820 MHz, 307.72 W
2026/08/19 17:49:25.408, 98 %, 89 %, 15662 MiB, 2820 MHz, 276.11 W
2026/08/19 17:49:26.409, 98 %, 88 %, 15662 MiB, 2842 MHz, 245.12 W
2026/08/19 17:49:27.410, 98 %, 88 %, 15662 MiB, 2842 MHz, 245.43 W
2026/08/19 17:49:28.412, 98 %, 89 %, 15662 MiB, 2842 MHz, 244.76 W
2026/08/19 17:49:29.413, 98 %, 89 %, 15662 MiB, 2842 MHz, 245.54 W
2026/08/19 17:49:30.414, 99 %, 33 %, 15662 MiB, 2805 MHz, 333.41 W
2026/08/19 17:49:31.415, 98 %, 89 %, 15662 MiB, 2842 MHz, 249.01 W
2026/08/19 17:49:32.416, 97 %, 89 %, 15662 MiB, 2842 MHz, 245.15 W
2026/08/19 17:49:33.417, 98 %, 88 %, 15662 MiB, 2842 MHz, 244.64 W
2026/08/19 17:49:34.418, 98 %, 89 %, 15662 MiB, 2842 MHz, 244.54 W
2026/08/19 17:49:35.419, 99 %, 33 %, 15662 MiB, 2820 MHz, 294.01 W
2026/08/19 17:49:36.420, 97 %, 88 %, 15662 MiB, 2820 MHz, 284.05 W
2026/08/19 17:49:37.421, 97 %, 88 %, 15662 MiB, 2842 MHz, 245.10 W
2026/08/19 17:49:38.422, 98 %, 88 %, 15662 MiB, 2842 MHz, 245.20 W
2026/08/19 17:49:39.423, 98 %, 88 %, 15662 MiB, 2842 MHz, 244.42 W
2026/08/19 17:49:40.425, 98 %, 89 %, 15662 MiB, 2842 MHz, 244.83 W
2026/08/19 17:49:41.426, 99 %, 33 %, 15662 MiB, 2790 MHz, 334.88 W
2026/08/19 17:49:42.427, 98 %, 89 %, 15662 MiB, 2842 MHz, 252.46 W
2026/08/19 17:49:43.428, 98 %, 89 %, 15662 MiB, 2842 MHz, 245.54 W
2026/08/19 17:49:44.430, 98 %, 88 %, 15662 MiB, 2842 MHz, 244.65 W
2026/08/19 17:49:45.431, 98 %, 89 %, 15662 MiB, 2842 MHz, 244.24 W
2026/08/19 17:49:46.432, 99 %, 33 %, 15662 MiB, 2820 MHz, 278.90 W
2026/08/19 17:49:47.433, 97 %, 88 %, 15662 MiB, 2820 MHz, 305.52 W
2026/08/19 17:49:48.434, 98 %, 89 %, 15662 MiB, 2842 MHz, 245.53 W
2026/08/19 17:49:49.435, 98 %, 88 %, 15662 MiB, 2842 MHz, 245.81 W
2026/08/19 17:49:50.436, 97 %, 88 %, 15662 MiB, 2842 MHz, 244.29 W
2026/08/19 17:49:51.437, 98 %, 89 %, 15662 MiB, 2842 MHz, 245.38 W
2026/08/19 17:49:52.439, 99 %, 33 %, 15662 MiB, 2820 MHz, 317.52 W
2026/08/19 17:49:53.441, 98 %, 88 %, 15662 MiB, 2842 MHz, 252.37 W
2026/08/19 17:49:54.442, 98 %, 89 %, 15662 MiB, 2842 MHz, 243.32 W
2026/08/19 17:49:55.443, 98 %, 87 %, 15662 MiB, 2842 MHz, 242.78 W
2026/08/19 17:49:56.444, 98 %, 87 %, 15662 MiB, 2842 MHz, 241.71 W
2026/08/19 17:49:57.445, 30 %, 27 %, 15673 MiB, 2842 MHz, 200.01 W
2026/08/19 17:49:58.446, 0 %, 0 %, 15673 MiB, 2857 MHz, 66.55 W
2026/08/19 17:49:59.447, 0 %, 0 %, 15669 MiB, 765 MHz, 52.63 W
2026/08/19 17:50:00.448, 0 %, 3 %, 15669 MiB, 472 MHz, 35.09 W
2026/08/19 17:50:01.450, 0 %, 16 %, 15669 MiB, 322 MHz, 28.68 W
2026/08/19 17:50:02.457, 0 %, 22 %, 15669 MiB, 210 MHz, 24.06 W
2026/08/19 17:50:03.458, 0 %, 31 %, 15669 MiB, 202 MHz, 23.42 W
2026/08/19 17:50:04.483, 0 %, 29 %, 15669 MiB, 187 MHz, 23.15 W
2026/08/19 17:50:05.507, 98 %, 86 %, 15673 MiB, 2857 MHz, 109.36 W
2026/08/19 17:50:06.530, 98 %, 87 %, 15673 MiB, 2857 MHz, 225.96 W
2026/08/19 17:50:07.554, 98 %, 87 %, 15673 MiB, 2842 MHz, 226.63 W
2026/08/19 17:50:08.577, 98 %, 88 %, 15673 MiB, 2842 MHz, 228.06 W
2026/08/19 17:50:09.600, 98 %, 88 %, 15673 MiB, 2842 MHz, 228.91 W
2026/08/19 17:50:13.181, 99 %, 29 %, 15666 MiB, 2812 MHz, 278.19 W
2026/08/19 17:50:14.245, 98 %, 89 %, 15666 MiB, 2842 MHz, 259.71 W
2026/08/19 17:50:15.330, 98 %, 89 %, 15666 MiB, 2842 MHz, 242.46 W
2026/08/19 17:50:16.415, 98 %, 88 %, 15666 MiB, 2842 MHz, 242.66 W
2026/08/19 17:50:17.500, 98 %, 89 %, 15666 MiB, 2842 MHz, 242.52 W
2026/08/19 17:50:18.585, 98 %, 89 %, 15666 MiB, 2842 MHz, 242.92 W
2026/08/19 17:50:19.671, 99 %, 29 %, 15662 MiB, 2827 MHz, 300.97 W
2026/08/19 17:50:20.756, 98 %, 89 %, 15662 MiB, 2842 MHz, 248.72 W
2026/08/19 17:50:21.835, 98 %, 89 %, 15662 MiB, 2842 MHz, 244.62 W
2026/08/19 17:50:22.836, 98 %, 89 %, 15662 MiB, 2842 MHz, 244.23 W
2026/08/19 17:50:23.837, 98 %, 89 %, 15662 MiB, 2842 MHz, 243.71 W
2026/08/19 17:50:24.838, 98 %, 66 %, 15662 MiB, 2842 MHz, 260.33 W
2026/08/19 17:50:25.839, 98 %, 89 %, 15662 MiB, 2827 MHz, 291.05 W
2026/08/19 17:50:26.840, 98 %, 89 %, 15662 MiB, 2842 MHz, 244.60 W
2026/08/19 17:50:27.841, 98 %, 89 %, 15662 MiB, 2842 MHz, 244.60 W
2026/08/19 17:50:28.842, 98 %, 89 %, 15662 MiB, 2842 MHz, 244.05 W
2026/08/19 17:50:29.843, 98 %, 89 %, 15662 MiB, 2842 MHz, 244.76 W
2026/08/19 17:50:30.844, 99 %, 29 %, 15662 MiB, 2797 MHz, 301.41 W
2026/08/19 17:50:31.845, 98 %, 89 %, 15662 MiB, 2842 MHz, 249.88 W
2026/08/19 17:50:32.847, 98 %, 89 %, 15662 MiB, 2842 MHz, 244.97 W
2026/08/19 17:50:33.848, 98 %, 89 %, 15662 MiB, 2842 MHz, 244.68 W
2026/08/19 17:50:34.849, 98 %, 89 %, 15662 MiB, 2842 MHz, 244.59 W
2026/08/19 17:50:35.850, 99 %, 45 %, 15662 MiB, 2842 MHz, 276.40 W
2026/08/19 17:50:36.852, 98 %, 88 %, 15662 MiB, 2827 MHz, 287.77 W
2026/08/19 17:50:37.854, 98 %, 89 %, 15662 MiB, 2842 MHz, 245.57 W
2026/08/19 17:50:38.854, 98 %, 89 %, 15662 MiB, 2842 MHz, 245.49 W
2026/08/19 17:50:39.856, 98 %, 89 %, 15662 MiB, 2842 MHz, 244.36 W
2026/08/19 17:50:40.857, 98 %, 89 %, 15662 MiB, 2842 MHz, 245.31 W
2026/08/19 17:50:41.857, 99 %, 29 %, 15662 MiB, 2812 MHz, 304.36 W
2026/08/19 17:50:42.859, 98 %, 89 %, 15662 MiB, 2842 MHz, 254.00 W
2026/08/19 17:50:43.861, 98 %, 89 %, 15662 MiB, 2842 MHz, 246.11 W
2026/08/19 17:50:44.862, 98 %, 88 %, 15662 MiB, 2842 MHz, 245.16 W
2026/08/19 17:50:47.313, 98 %, 89 %, 15662 MiB, 2842 MHz, 245.51 W
2026/08/19 17:50:48.314, 99 %, 33 %, 15662 MiB, 2842 MHz, 273.90 W
2026/08/19 17:50:49.317, 98 %, 89 %, 15662 MiB, 2797 MHz, 289.41 W
2026/08/19 17:50:50.318, 98 %, 89 %, 15662 MiB, 2842 MHz, 245.73 W
2026/08/19 17:50:51.319, 98 %, 89 %, 15662 MiB, 2842 MHz, 245.99 W
2026/08/19 17:50:52.320, 98 %, 88 %, 15662 MiB, 2842 MHz, 245.08 W
2026/08/19 17:50:53.321, 98 %, 89 %, 15662 MiB, 2842 MHz, 245.25 W
2026/08/19 17:50:54.323, 99 %, 33 %, 15662 MiB, 2842 MHz, 283.82 W
2026/08/19 17:50:55.324, 98 %, 89 %, 15662 MiB, 2820 MHz, 282.67 W
2026/08/19 17:50:56.325, 98 %, 89 %, 15662 MiB, 2842 MHz, 245.84 W
2026/08/19 17:50:57.327, 98 %, 89 %, 15662 MiB, 2842 MHz, 245.50 W
2026/08/19 17:50:58.328, 98 %, 89 %, 15662 MiB, 2842 MHz, 244.88 W
2026/08/19 17:50:59.330, 98 %, 89 %, 15662 MiB, 2842 MHz, 245.72 W
2026/08/19 17:51:00.331, 99 %, 29 %, 15662 MiB, 2820 MHz, 316.23 W
2026/08/19 17:51:01.332, 98 %, 88 %, 15662 MiB, 2842 MHz, 247.49 W
2026/08/19 17:51:02.333, 98 %, 89 %, 15662 MiB, 2842 MHz, 245.60 W
2026/08/19 17:51:03.334, 98 %, 89 %, 15662 MiB, 2842 MHz, 245.28 W
2026/08/19 17:51:04.335, 98 %, 89 %, 15662 MiB, 2842 MHz, 245.29 W
2026/08/19 17:51:05.337, 99 %, 33 %, 15662 MiB, 2835 MHz, 284.19 W
2026/08/19 17:51:06.338, 98 %, 87 %, 15662 MiB, 2827 MHz, 286.67 W
2026/08/19 17:51:07.339, 98 %, 89 %, 15662 MiB, 2842 MHz, 245.82 W
2026/08/19 17:51:08.340, 98 %, 88 %, 15662 MiB, 2842 MHz, 245.31 W
2026/08/19 17:51:09.341, 98 %, 88 %, 15662 MiB, 2842 MHz, 244.49 W
2026/08/19 17:51:10.342, 98 %, 89 %, 15662 MiB, 2842 MHz, 245.56 W
2026/08/19 17:51:11.343, 99 %, 29 %, 15662 MiB, 2790 MHz, 314.95 W
2026/08/19 17:51:12.344, 97 %, 88 %, 15662 MiB, 2842 MHz, 251.84 W
2026/08/19 17:51:13.347, 98 %, 89 %, 15662 MiB, 2842 MHz, 245.75 W
2026/08/19 17:51:14.348, 98 %, 88 %, 15662 MiB, 2842 MHz, 245.37 W
2026/08/19 17:51:15.349, 98 %, 89 %, 15662 MiB, 2842 MHz, 245.10 W
2026/08/19 17:51:16.350, 98 %, 46 %, 15662 MiB, 2835 MHz, 267.01 W
2026/08/19 17:51:17.351, 98 %, 88 %, 15662 MiB, 2820 MHz, 304.81 W
2026/08/19 17:51:18.352, 98 %, 88 %, 15662 MiB, 2842 MHz, 245.91 W
2026/08/19 17:51:21.355, 98 %, 89 %, 15662 MiB, 2842 MHz, 245.52 W
2026/08/19 17:51:22.356, 98 %, 89 %, 15662 MiB, 2842 MHz, 244.70 W
2026/08/19 17:51:23.357, 98 %, 89 %, 15662 MiB, 2842 MHz, 245.42 W
2026/08/19 17:51:24.359, 99 %, 33 %, 15662 MiB, 2790 MHz, 300.74 W
2026/08/19 17:51:25.360, 98 %, 88 %, 15662 MiB, 2842 MHz, 265.02 W
2026/08/19 17:51:26.361, 97 %, 89 %, 15662 MiB, 2842 MHz, 245.57 W
2026/08/19 17:51:27.362, 98 %, 89 %, 15662 MiB, 2842 MHz, 244.98 W
2026/08/19 17:51:28.363, 98 %, 89 %, 15662 MiB, 2842 MHz, 244.76 W
2026/08/19 17:51:29.364, 98 %, 89 %, 15662 MiB, 2842 MHz, 252.25 W
2026/08/19 17:51:30.366, 99 %, 30 %, 15662 MiB, 2797 MHz, 330.22 W
2026/08/19 17:51:31.368, 97 %, 88 %, 15662 MiB, 2842 MHz, 245.99 W
2026/08/19 17:51:32.369, 97 %, 89 %, 15662 MiB, 2842 MHz, 245.53 W
2026/08/19 17:51:33.370, 97 %, 88 %, 15662 MiB, 2842 MHz, 245.06 W
2026/08/19 17:51:34.371, 98 %, 89 %, 15662 MiB, 2842 MHz, 245.33 W
2026/08/19 17:51:35.372, 99 %, 33 %, 15662 MiB, 2827 MHz, 289.98 W
2026/08/19 17:51:36.373, 98 %, 89 %, 15662 MiB, 2805 MHz, 298.50 W
2026/08/19 17:51:37.375, 97 %, 89 %, 15662 MiB, 2842 MHz, 245.54 W
2026/08/19 17:51:38.376, 98 %, 89 %, 15662 MiB, 2842 MHz, 246.06 W
2026/08/19 17:51:39.377, 98 %, 88 %, 15662 MiB, 2842 MHz, 245.02 W
2026/08/19 17:51:40.378, 98 %, 89 %, 15662 MiB, 2842 MHz, 245.47 W
2026/08/19 17:51:41.379, 99 %, 32 %, 15662 MiB, 2805 MHz, 317.97 W
2026/08/19 17:51:42.380, 98 %, 89 %, 15662 MiB, 2842 MHz, 262.17 W
2026/08/19 17:51:43.381, 98 %, 89 %, 15662 MiB, 2842 MHz, 245.81 W
2026/08/19 17:51:44.383, 98 %, 88 %, 15662 MiB, 2842 MHz, 245.49 W
2026/08/19 17:51:45.384, 98 %, 89 %, 15662 MiB, 2842 MHz, 244.89 W
2026/08/19 17:51:46.385, 98 %, 89 %, 15662 MiB, 2842 MHz, 252.04 W
2026/08/19 17:51:47.387, 99 %, 33 %, 15662 MiB, 2797 MHz, 333.61 W
2026/08/19 17:51:48.388, 98 %, 88 %, 15662 MiB, 2842 MHz, 246.03 W
2026/08/19 17:51:49.391, 97 %, 89 %, 15662 MiB, 2842 MHz, 246.06 W
2026/08/19 17:51:50.392, 98 %, 88 %, 15662 MiB, 2842 MHz, 245.12 W
2026/08/19 17:51:51.393, 98 %, 89 %, 15662 MiB, 2842 MHz, 244.87 W
2026/08/19 17:51:52.395, 99 %, 36 %, 15662 MiB, 2827 MHz, 272.27 W
2026/08/19 17:51:55.252, 98 %, 64 %, 15662 MiB, 2805 MHz, 316.61 W
2026/08/19 17:51:56.255, 98 %, 89 %, 15662 MiB, 2842 MHz, 245.94 W
2026/08/19 17:51:57.257, 98 %, 89 %, 15662 MiB, 2842 MHz, 245.76 W
2026/08/19 17:51:58.259, 98 %, 88 %, 15662 MiB, 2842 MHz, 244.47 W
2026/08/19 17:51:59.261, 98 %, 89 %, 15662 MiB, 2842 MHz, 244.85 W
2026/08/19 17:52:00.264, 99 %, 36 %, 15662 MiB, 2827 MHz, 272.08 W
2026/08/19 17:52:01.266, 98 %, 88 %, 15662 MiB, 2842 MHz, 291.41 W
2026/08/19 17:52:02.268, 98 %, 88 %, 15662 MiB, 2842 MHz, 243.40 W
2026/08/19 17:52:03.269, 98 %, 89 %, 15662 MiB, 2842 MHz, 243.03 W
2026/08/19 17:52:04.270, 98 %, 87 %, 15662 MiB, 2842 MHz, 241.78 W
2026/08/19 17:52:05.271, 98 %, 87 %, 15662 MiB, 2842 MHz, 241.34 W
2026/08/19 17:52:06.272, 0 %, 0 %, 15674 MiB, 2857 MHz, 111.66 W
2026/08/19 17:52:07.273, 0 %, 0 %, 15674 MiB, 2302 MHz, 63.92 W
2026/08/19 17:52:08.275, 0 %, 0 %, 15674 MiB, 412 MHz, 37.98 W
2026/08/19 17:52:09.276, 0 %, 7 %, 15674 MiB, 270 MHz, 30.66 W
2026/08/19 17:52:10.278, 0 %, 24 %, 15674 MiB, 210 MHz, 24.82 W
2026/08/19 17:52:11.280, 0 %, 17 %, 15674 MiB, 180 MHz, 23.69 W
2026/08/19 17:52:12.281, 0 %, 19 %, 15674 MiB, 180 MHz, 23.54 W
2026/08/19 17:52:13.283, 98 %, 75 %, 15676 MiB, 2850 MHz, 92.24 W
2026/08/19 17:52:14.284, 98 %, 87 %, 15676 MiB, 2857 MHz, 226.28 W
2026/08/19 17:52:15.285, 98 %, 87 %, 15673 MiB, 2857 MHz, 227.22 W
2026/08/19 17:52:16.286, 98 %, 88 %, 15673 MiB, 2842 MHz, 228.43 W
2026/08/19 17:52:17.288, 98 %, 88 %, 15673 MiB, 2842 MHz, 229.19 W
2026/08/19 17:52:18.289, 99 %, 28 %, 15662 MiB, 2820 MHz, 284.97 W
2026/08/19 17:52:19.290, 98 %, 77 %, 15662 MiB, 2827 MHz, 301.98 W
2026/08/19 17:52:20.291, 98 %, 86 %, 15662 MiB, 2842 MHz, 263.86 W
2026/08/19 17:52:21.292, 98 %, 87 %, 15662 MiB, 2842 MHz, 264.60 W
2026/08/19 17:52:22.293, 98 %, 86 %, 15662 MiB, 2842 MHz, 264.40 W
2026/08/19 17:52:23.294, 98 %, 86 %, 15662 MiB, 2842 MHz, 264.37 W
2026/08/19 17:52:24.296, 98 %, 86 %, 15662 MiB, 2842 MHz, 263.72 W
2026/08/19 17:52:25.297, 99 %, 29 %, 15662 MiB, 2805 MHz, 308.95 W
2026/08/19 17:52:26.298, 99 %, 28 %, 15662 MiB, 2797 MHz, 302.89 W
2026/08/19 17:52:29.036, 98 %, 86 %, 15662 MiB, 2842 MHz, 272.57 W
2026/08/19 17:52:30.037, 98 %, 87 %, 15662 MiB, 2842 MHz, 266.60 W
2026/08/19 17:52:31.039, 98 %, 87 %, 15662 MiB, 2842 MHz, 266.58 W
2026/08/19 17:52:32.040, 98 %, 86 %, 15662 MiB, 2842 MHz, 266.12 W
2026/08/19 17:52:33.041, 98 %, 86 %, 15662 MiB, 2842 MHz, 265.13 W
2026/08/19 17:52:34.042, 99 %, 29 %, 15662 MiB, 2827 MHz, 311.39 W
2026/08/19 17:52:35.043, 99 %, 28 %, 15662 MiB, 2797 MHz, 304.22 W
2026/08/19 17:52:36.045, 98 %, 86 %, 15662 MiB, 2842 MHz, 273.57 W
2026/08/19 17:52:37.046, 98 %, 87 %, 15662 MiB, 2842 MHz, 266.92 W
2026/08/19 17:52:38.047, 98 %, 87 %, 15662 MiB, 2842 MHz, 267.11 W
2026/08/19 17:52:39.048, 98 %, 87 %, 15662 MiB, 2842 MHz, 267.08 W
2026/08/19 17:52:40.049, 98 %, 86 %, 15662 MiB, 2842 MHz, 265.77 W
2026/08/19 17:52:41.051, 99 %, 29 %, 15662 MiB, 2827 MHz, 304.34 W
2026/08/19 17:52:42.052, 99 %, 28 %, 15662 MiB, 2797 MHz, 304.53 W
2026/08/19 17:52:43.053, 98 %, 86 %, 15662 MiB, 2842 MHz, 275.55 W
2026/08/19 17:52:44.054, 98 %, 87 %, 15662 MiB, 2842 MHz, 267.23 W
2026/08/19 17:52:45.055, 98 %, 87 %, 15662 MiB, 2842 MHz, 267.21 W
2026/08/19 17:52:46.057, 98 %, 87 %, 15662 MiB, 2842 MHz, 267.28 W
2026/08/19 17:52:47.058, 98 %, 86 %, 15662 MiB, 2842 MHz, 265.94 W
2026/08/19 17:52:48.059, 99 %, 29 %, 15662 MiB, 2805 MHz, 301.79 W
2026/08/19 17:52:49.060, 99 %, 28 %, 15662 MiB, 2797 MHz, 304.04 W
2026/08/19 17:52:50.061, 98 %, 86 %, 15662 MiB, 2835 MHz, 276.02 W
2026/08/19 17:52:51.063, 98 %, 86 %, 15662 MiB, 2842 MHz, 267.01 W
2026/08/19 17:52:52.064, 98 %, 86 %, 15662 MiB, 2842 MHz, 267.32 W
2026/08/19 17:52:53.065, 98 %, 87 %, 15662 MiB, 2842 MHz, 266.51 W
2026/08/19 17:52:54.066, 98 %, 86 %, 15662 MiB, 2842 MHz, 265.84 W
2026/08/19 17:52:55.067, 99 %, 33 %, 15662 MiB, 2842 MHz, 295.16 W
2026/08/19 17:52:56.068, 99 %, 28 %, 15662 MiB, 2797 MHz, 303.77 W
2026/08/19 17:52:57.069, 98 %, 86 %, 15662 MiB, 2842 MHz, 288.82 W
2026/08/19 17:52:58.070, 98 %, 87 %, 15662 MiB, 2842 MHz, 267.15 W
2026/08/19 17:52:59.071, 98 %, 87 %, 15662 MiB, 2842 MHz, 267.73 W
2026/08/19 17:53:00.073, 98 %, 86 %, 15662 MiB, 2842 MHz, 267.29 W
2026/08/19 17:53:02.808, 98 %, 86 %, 15662 MiB, 2842 MHz, 266.07 W
2026/08/19 17:53:03.809, 98 %, 68 %, 15662 MiB, 2842 MHz, 275.89 W
2026/08/19 17:53:04.810, 99 %, 28 %, 15662 MiB, 2797 MHz, 312.82 W
2026/08/19 17:53:05.811, 98 %, 72 %, 15662 MiB, 2797 MHz, 298.58 W
2026/08/19 17:53:06.812, 98 %, 86 %, 15662 MiB, 2842 MHz, 267.23 W
2026/08/19 17:53:07.813, 98 %, 86 %, 15662 MiB, 2842 MHz, 267.53 W
2026/08/19 17:53:08.815, 98 %, 85 %, 15662 MiB, 2842 MHz, 266.69 W
2026/08/19 17:53:09.817, 98 %, 87 %, 15662 MiB, 2842 MHz, 266.48 W
2026/08/19 17:53:10.818, 98 %, 86 %, 15662 MiB, 2842 MHz, 265.62 W
2026/08/19 17:53:11.819, 99 %, 28 %, 15662 MiB, 2797 MHz, 318.00 W
2026/08/19 17:53:12.820, 99 %, 28 %, 15662 MiB, 2797 MHz, 304.31 W
2026/08/19 17:53:13.821, 98 %, 86 %, 15662 MiB, 2842 MHz, 271.66 W
2026/08/19 17:53:14.823, 98 %, 86 %, 15662 MiB, 2842 MHz, 267.33 W
2026/08/19 17:53:15.824, 98 %, 86 %, 15662 MiB, 2842 MHz, 267.22 W
2026/08/19 17:53:16.825, 98 %, 86 %, 15662 MiB, 2842 MHz, 266.76 W
2026/08/19 17:53:17.826, 98 %, 85 %, 15662 MiB, 2842 MHz, 265.27 W
2026/08/19 17:53:18.827, 99 %, 29 %, 15662 MiB, 2805 MHz, 316.68 W
2026/08/19 17:53:19.828, 99 %, 29 %, 15662 MiB, 2827 MHz, 307.51 W
2026/08/19 17:53:20.829, 98 %, 86 %, 15662 MiB, 2842 MHz, 270.72 W
2026/08/19 17:53:21.830, 98 %, 87 %, 15662 MiB, 2842 MHz, 267.56 W
2026/08/19 17:53:22.831, 98 %, 87 %, 15662 MiB, 2842 MHz, 266.83 W
2026/08/19 17:53:23.832, 98 %, 86 %, 15662 MiB, 2842 MHz, 266.68 W
2026/08/19 17:53:24.833, 98 %, 86 %, 15662 MiB, 2842 MHz, 265.51 W
2026/08/19 17:53:25.834, 99 %, 30 %, 15662 MiB, 2790 MHz, 319.29 W
2026/08/19 17:53:26.835, 98 %, 88 %, 15662 MiB, 2842 MHz, 246.32 W
2026/08/19 17:53:27.836, 98 %, 88 %, 15662 MiB, 2842 MHz, 243.23 W
2026/08/19 17:53:28.837, 98 %, 87 %, 15662 MiB, 2842 MHz, 242.14 W
2026/08/19 17:53:29.838, 98 %, 87 %, 15662 MiB, 2842 MHz, 240.80 W
2026/08/19 17:53:30.839, 0 %, 0 %, 15673 MiB, 2842 MHz, 162.41 W
2026/08/19 17:53:31.840, 0 %, 0 %, 15673 MiB, 2857 MHz, 66.30 W
2026/08/19 17:53:32.842, 0 %, 0 %, 15669 MiB, 1402 MHz, 49.67 W
2026/08/19 17:53:33.843, 0 %, 7 %, 15669 MiB, 405 MHz, 33.18 W
2026/08/19 17:53:34.844, 0 %, 11 %, 15669 MiB, 270 MHz, 28.20 W
2026/08/19 17:53:37.632, 0 %, 23 %, 15669 MiB, 202 MHz, 23.94 W
2026/08/19 17:53:38.634, 0 %, 25 %, 15669 MiB, 202 MHz, 23.41 W
2026/08/19 17:53:39.636, 0 %, 19 %, 15669 MiB, 180 MHz, 23.00 W
2026/08/19 17:53:40.638, 98 %, 86 %, 15673 MiB, 2857 MHz, 106.81 W
2026/08/19 17:53:41.639, 98 %, 87 %, 15673 MiB, 2857 MHz, 225.22 W
2026/08/19 17:53:42.640, 98 %, 87 %, 15673 MiB, 2857 MHz, 225.96 W
2026/08/19 17:53:43.641, 98 %, 88 %, 15673 MiB, 2857 MHz, 227.27 W
2026/08/19 17:53:44.642, 98 %, 88 %, 15673 MiB, 2857 MHz, 228.32 W
2026/08/19 17:53:45.643, 99 %, 29 %, 15673 MiB, 2797 MHz, 281.22 W
2026/08/19 17:53:46.644, 99 %, 30 %, 15673 MiB, 2797 MHz, 305.42 W
2026/08/19 17:53:47.645, 98 %, 87 %, 15669 MiB, 2842 MHz, 264.53 W
2026/08/19 17:53:48.647, 98 %, 87 %, 15669 MiB, 2842 MHz, 263.76 W
2026/08/19 17:53:49.648, 98 %, 87 %, 15669 MiB, 2842 MHz, 263.46 W
2026/08/19 17:53:50.649, 98 %, 86 %, 15669 MiB, 2842 MHz, 264.00 W
2026/08/19 17:53:51.650, 98 %, 86 %, 15665 MiB, 2842 MHz, 263.53 W
2026/08/19 17:53:52.651, 99 %, 29 %, 15662 MiB, 2797 MHz, 310.87 W
2026/08/19 17:53:53.652, 99 %, 44 %, 15662 MiB, 2797 MHz, 297.96 W
2026/08/19 17:53:54.653, 98 %, 86 %, 15662 MiB, 2842 MHz, 265.00 W
2026/08/19 17:53:55.654, 98 %, 87 %, 15662 MiB, 2842 MHz, 265.88 W
2026/08/19 17:53:56.655, 98 %, 86 %, 15662 MiB, 2842 MHz, 265.61 W
2026/08/19 17:53:57.656, 98 %, 86 %, 15662 MiB, 2842 MHz, 265.71 W
2026/08/19 17:53:58.657, 98 %, 86 %, 15662 MiB, 2842 MHz, 270.17 W
2026/08/19 17:53:59.658, 99 %, 29 %, 15662 MiB, 2797 MHz, 308.32 W
2026/08/19 17:54:00.659, 99 %, 59 %, 15662 MiB, 2805 MHz, 298.74 W
2026/08/19 17:54:01.660, 98 %, 86 %, 15662 MiB, 2842 MHz, 266.34 W
2026/08/19 17:54:02.661, 98 %, 87 %, 15662 MiB, 2842 MHz, 266.51 W
2026/08/19 17:54:03.662, 98 %, 86 %, 15662 MiB, 2842 MHz, 266.11 W
2026/08/19 17:54:04.663, 98 %, 86 %, 15662 MiB, 2842 MHz, 265.55 W
2026/08/19 17:54:05.664, 98 %, 72 %, 15662 MiB, 2842 MHz, 275.87 W
2026/08/19 17:54:06.665, 99 %, 29 %, 15662 MiB, 2820 MHz, 311.34 W
2026/08/19 17:54:07.666, 99 %, 29 %, 15662 MiB, 2797 MHz, 301.61 W
2026/08/19 17:54:08.668, 98 %, 86 %, 15662 MiB, 2842 MHz, 268.32 W
2026/08/19 17:54:11.610, 98 %, 86 %, 15662 MiB, 2842 MHz, 266.90 W
2026/08/19 17:54:12.611, 98 %, 86 %, 15662 MiB, 2842 MHz, 266.82 W
2026/08/19 17:54:13.612, 98 %, 87 %, 15662 MiB, 2842 MHz, 266.44 W
2026/08/19 17:54:14.613, 98 %, 86 %, 15662 MiB, 2842 MHz, 265.31 W
2026/08/19 17:54:15.614, 99 %, 29 %, 15662 MiB, 2820 MHz, 305.28 W
2026/08/19 17:54:16.615, 99 %, 28 %, 15662 MiB, 2797 MHz, 303.89 W
2026/08/19 17:54:17.616, 98 %, 86 %, 15662 MiB, 2842 MHz, 280.92 W
2026/08/19 17:54:18.617, 98 %, 87 %, 15662 MiB, 2842 MHz, 266.79 W
2026/08/19 17:54:19.618, 98 %, 87 %, 15662 MiB, 2842 MHz, 266.85 W
2026/08/19 17:54:20.620, 98 %, 87 %, 15662 MiB, 2842 MHz, 266.31 W
2026/08/19 17:54:21.621, 98 %, 86 %, 15662 MiB, 2842 MHz, 265.46 W
2026/08/19 17:54:22.622, 99 %, 30 %, 15662 MiB, 2842 MHz, 300.49 W
2026/08/19 17:54:23.623, 99 %, 29 %, 15662 MiB, 2827 MHz, 305.77 W
2026/08/19 17:54:24.624, 98 %, 85 %, 15662 MiB, 2842 MHz, 280.52 W
2026/08/19 17:54:25.626, 98 %, 87 %, 15662 MiB, 2842 MHz, 267.49 W
2026/08/19 17:54:26.627, 98 %, 86 %, 15662 MiB, 2842 MHz, 267.31 W
2026/08/19 17:54:27.629, 98 %, 87 %, 15662 MiB, 2842 MHz, 267.32 W
2026/08/19 17:54:28.630, 98 %, 86 %, 15662 MiB, 2842 MHz, 265.72 W
2026/08/19 17:54:29.632, 99 %, 33 %, 15662 MiB, 2842 MHz, 300.65 W
2026/08/19 17:54:30.633, 99 %, 29 %, 15662 MiB, 2827 MHz, 305.94 W
2026/08/19 17:54:31.634, 98 %, 86 %, 15662 MiB, 2842 MHz, 283.83 W
2026/08/19 17:54:32.636, 98 %, 87 %, 15662 MiB, 2842 MHz, 267.33 W
2026/08/19 17:54:33.637, 98 %, 87 %, 15662 MiB, 2842 MHz, 266.96 W
2026/08/19 17:54:34.639, 98 %, 87 %, 15662 MiB, 2842 MHz, 266.34 W
2026/08/19 17:54:35.640, 98 %, 86 %, 15662 MiB, 2842 MHz, 266.12 W
2026/08/19 17:54:36.642, 99 %, 33 %, 15662 MiB, 2842 MHz, 291.34 W
2026/08/19 17:54:37.643, 99 %, 29 %, 15662 MiB, 2812 MHz, 306.38 W
2026/08/19 17:54:38.644, 98 %, 86 %, 15662 MiB, 2842 MHz, 288.67 W
2026/08/19 17:54:39.646, 98 %, 86 %, 15662 MiB, 2842 MHz, 267.60 W
2026/08/19 17:54:40.647, 98 %, 87 %, 15662 MiB, 2842 MHz, 267.59 W
2026/08/19 17:54:41.649, 98 %, 87 %, 15662 MiB, 2842 MHz, 267.60 W
2026/08/19 17:54:42.650, 98 %, 86 %, 15662 MiB, 2842 MHz, 267.08 W
2026/08/19 17:54:45.243, 98 %, 86 %, 15662 MiB, 2842 MHz, 270.36 W
2026/08/19 17:54:46.245, 99 %, 29 %, 15662 MiB, 2812 MHz, 320.17 W
2026/08/19 17:54:47.246, 99 %, 48 %, 15662 MiB, 2827 MHz, 307.22 W
2026/08/19 17:54:48.247, 98 %, 86 %, 15662 MiB, 2842 MHz, 267.80 W
2026/08/19 17:54:49.248, 98 %, 87 %, 15662 MiB, 2842 MHz, 267.85 W
2026/08/19 17:54:50.250, 98 %, 86 %, 15662 MiB, 2842 MHz, 267.23 W
2026/08/19 17:54:51.252, 98 %, 86 %, 15662 MiB, 2842 MHz, 267.33 W
2026/08/19 17:54:52.253, 98 %, 86 %, 15662 MiB, 2842 MHz, 266.25 W
2026/08/19 17:54:53.255, 99 %, 31 %, 15662 MiB, 2812 MHz, 314.70 W
2026/08/19 17:54:54.257, 98 %, 88 %, 15662 MiB, 2842 MHz, 246.00 W
2026/08/19 17:54:55.258, 98 %, 88 %, 15662 MiB, 2842 MHz, 242.92 W
2026/08/19 17:54:56.259, 98 %, 87 %, 15662 MiB, 2842 MHz, 241.96 W
2026/08/19 17:54:57.260, 98 %, 87 %, 15662 MiB, 2842 MHz, 241.12 W
2026/08/19 17:54:58.262, 0 %, 0 %, 15677 MiB, 2842 MHz, 162.14 W
2026/08/19 17:54:59.263, 0 %, 0 %, 15677 MiB, 2857 MHz, 66.54 W
2026/08/19 17:55:00.264, 0 %, 0 %, 15673 MiB, 457 MHz, 45.32 W
2026/08/19 17:55:01.265, 0 %, 9 %, 15673 MiB, 285 MHz, 31.84 W
2026/08/19 17:55:02.266, 0 %, 18 %, 15673 MiB, 187 MHz, 28.06 W
2026/08/19 17:55:03.268, 0 %, 13 %, 15673 MiB, 202 MHz, 24.07 W
2026/08/19 17:55:04.270, 0 %, 19 %, 15673 MiB, 210 MHz, 23.59 W
2026/08/19 17:55:05.272, 96 %, 91 %, 15677 MiB, 210 MHz, 56.90 W
2026/08/19 17:55:06.274, 98 %, 86 %, 15677 MiB, 2857 MHz, 225.48 W
2026/08/19 17:55:07.275, 98 %, 87 %, 15673 MiB, 2857 MHz, 226.86 W
2026/08/19 17:55:08.276, 98 %, 87 %, 15673 MiB, 2857 MHz, 227.81 W
2026/08/19 17:55:09.277, 98 %, 88 %, 15673 MiB, 2857 MHz, 228.82 W
2026/08/19 17:55:10.278, 99 %, 28 %, 15673 MiB, 2827 MHz, 276.99 W
2026/08/19 17:55:11.280, 99 %, 28 %, 15673 MiB, 2827 MHz, 307.51 W
2026/08/19 17:55:12.281, 98 %, 86 %, 15669 MiB, 2842 MHz, 264.17 W
2026/08/19 17:55:13.283, 98 %, 86 %, 15669 MiB, 2842 MHz, 264.47 W
2026/08/19 17:55:14.284, 98 %, 86 %, 15669 MiB, 2842 MHz, 264.67 W
2026/08/19 17:55:15.285, 98 %, 87 %, 15669 MiB, 2842 MHz, 264.35 W
2026/08/19 17:55:16.286, 98 %, 86 %, 15669 MiB, 2842 MHz, 264.03 W
2026/08/19 17:55:19.176, 99 %, 29 %, 15662 MiB, 2827 MHz, 296.76 W
2026/08/19 17:55:20.177, 99 %, 28 %, 15662 MiB, 2812 MHz, 302.91 W
2026/08/19 17:55:21.178, 98 %, 86 %, 15662 MiB, 2842 MHz, 285.81 W
2026/08/19 17:55:22.179, 98 %, 87 %, 15662 MiB, 2842 MHz, 265.52 W
2026/08/19 17:55:23.180, 98 %, 87 %, 15662 MiB, 2842 MHz, 266.07 W
2026/08/19 17:55:24.181, 98 %, 87 %, 15662 MiB, 2842 MHz, 266.11 W
2026/08/19 17:55:25.182, 98 %, 86 %, 15662 MiB, 2842 MHz, 265.57 W
2026/08/19 17:55:26.183, 99 %, 33 %, 15662 MiB, 2842 MHz, 279.35 W
2026/08/19 17:55:27.184, 99 %, 28 %, 15662 MiB, 2797 MHz, 303.69 W
2026/08/19 17:55:28.185, 98 %, 86 %, 15662 MiB, 2797 MHz, 292.36 W
2026/08/19 17:55:29.187, 98 %, 87 %, 15662 MiB, 2842 MHz, 266.66 W
2026/08/19 17:55:30.188, 98 %, 87 %, 15662 MiB, 2842 MHz, 266.95 W
2026/08/19 17:55:31.189, 98 %, 87 %, 15662 MiB, 2842 MHz, 266.65 W
2026/08/19 17:55:32.191, 98 %, 86 %, 15662 MiB, 2842 MHz, 266.00 W
2026/08/19 17:55:33.192, 99 %, 33 %, 15662 MiB, 2842 MHz, 284.96 W
2026/08/19 17:55:34.193, 99 %, 28 %, 15662 MiB, 2827 MHz, 305.10 W
2026/08/19 17:55:35.195, 98 %, 86 %, 15662 MiB, 2797 MHz, 294.81 W
2026/08/19 17:55:36.196, 98 %, 86 %, 15662 MiB, 2842 MHz, 266.38 W
2026/08/19 17:55:37.197, 98 %, 87 %, 15662 MiB, 2842 MHz, 267.21 W
2026/08/19 17:55:38.198, 98 %, 87 %, 15662 MiB, 2842 MHz, 267.03 W
2026/08/19 17:55:39.199, 98 %, 86 %, 15662 MiB, 2842 MHz, 266.22 W
2026/08/19 17:55:40.201, 99 %, 44 %, 15662 MiB, 2842 MHz, 281.50 W
2026/08/19 17:55:41.203, 99 %, 28 %, 15662 MiB, 2797 MHz, 309.04 W
2026/08/19 17:55:42.204, 99 %, 47 %, 15662 MiB, 2797 MHz, 298.57 W
2026/08/19 17:55:43.205, 98 %, 87 %, 15662 MiB, 2842 MHz, 267.44 W
2026/08/19 17:55:44.207, 98 %, 87 %, 15662 MiB, 2842 MHz, 267.49 W
2026/08/19 17:55:45.208, 98 %, 87 %, 15662 MiB, 2842 MHz, 266.78 W
2026/08/19 17:55:46.209, 98 %, 86 %, 15662 MiB, 2842 MHz, 266.65 W
2026/08/19 17:55:47.210, 98 %, 81 %, 15662 MiB, 2842 MHz, 274.14 W
2026/08/19 17:55:48.212, 99 %, 28 %, 15662 MiB, 2827 MHz, 316.72 W
2026/08/19 17:55:49.213, 99 %, 28 %, 15662 MiB, 2797 MHz, 304.46 W
2026/08/19 17:55:50.214, 98 %, 86 %, 15662 MiB, 2842 MHz, 270.70 W
2026/08/19 17:55:52.859, 98 %, 86 %, 15662 MiB, 2842 MHz, 267.49 W
2026/08/19 17:55:53.860, 98 %, 86 %, 15662 MiB, 2842 MHz, 267.21 W
2026/08/19 17:55:54.861, 98 %, 86 %, 15662 MiB, 2842 MHz, 267.15 W
2026/08/19 17:55:55.862, 98 %, 86 %, 15662 MiB, 2842 MHz, 265.98 W
2026/08/19 17:55:56.864, 99 %, 29 %, 15662 MiB, 2805 MHz, 310.03 W
2026/08/19 17:55:57.865, 99 %, 28 %, 15662 MiB, 2797 MHz, 303.86 W
2026/08/19 17:55:58.866, 98 %, 86 %, 15662 MiB, 2827 MHz, 279.73 W
2026/08/19 17:55:59.868, 98 %, 87 %, 15662 MiB, 2842 MHz, 266.73 W
2026/08/19 17:56:00.869, 98 %, 87 %, 15662 MiB, 2842 MHz, 267.39 W
2026/08/19 17:56:01.870, 98 %, 86 %, 15662 MiB, 2842 MHz, 266.30 W
2026/08/19 17:56:02.871, 98 %, 86 %, 15662 MiB, 2842 MHz, 266.23 W
2026/08/19 17:56:03.872, 99 %, 33 %, 15662 MiB, 2812 MHz, 301.21 W
2026/08/19 17:56:04.873, 99 %, 28 %, 15662 MiB, 2797 MHz, 304.15 W
2026/08/19 17:56:05.874, 98 %, 85 %, 15662 MiB, 2820 MHz, 284.85 W
2026/08/19 17:56:06.876, 98 %, 86 %, 15662 MiB, 2842 MHz, 267.27 W
2026/08/19 17:56:07.877, 98 %, 86 %, 15662 MiB, 2842 MHz, 267.46 W
2026/08/19 17:56:08.878, 98 %, 86 %, 15662 MiB, 2842 MHz, 267.09 W
2026/08/19 17:56:09.879, 98 %, 86 %, 15662 MiB, 2842 MHz, 266.39 W
2026/08/19 17:56:10.880, 99 %, 32 %, 15662 MiB, 2820 MHz, 310.47 W
2026/08/19 17:56:11.881, 99 %, 28 %, 15662 MiB, 2805 MHz, 303.79 W
2026/08/19 17:56:12.883, 98 %, 86 %, 15662 MiB, 2842 MHz, 279.90 W
2026/08/19 17:56:13.884, 98 %, 87 %, 15662 MiB, 2842 MHz, 267.37 W
2026/08/19 17:56:14.885, 98 %, 87 %, 15662 MiB, 2842 MHz, 267.43 W
2026/08/19 17:56:15.886, 98 %, 87 %, 15662 MiB, 2842 MHz, 267.01 W
2026/08/19 17:56:16.888, 98 %, 86 %, 15662 MiB, 2842 MHz, 266.00 W
2026/08/19 17:56:17.889, 99 %, 33 %, 15662 MiB, 2827 MHz, 304.10 W
2026/08/19 17:56:18.890, 98 %, 88 %, 15662 MiB, 2842 MHz, 260.36 W
2026/08/19 17:56:19.891, 98 %, 88 %, 15662 MiB, 2842 MHz, 242.83 W
2026/08/19 17:56:20.892, 98 %, 87 %, 15662 MiB, 2842 MHz, 242.34 W
2026/08/19 17:56:21.893, 98 %, 87 %, 15662 MiB, 2842 MHz, 241.29 W
2026/08/19 17:56:22.895, 98 %, 88 %, 15673 MiB, 2842 MHz, 240.19 W
2026/08/19 17:56:23.896, 0 %, 0 %, 15674 MiB, 2857 MHz, 69.23 W
2026/08/19 17:56:24.898, 0 %, 0 %, 15674 MiB, 2325 MHz, 58.90 W
2026/08/19 17:56:27.813, 0 %, 0 %, 15674 MiB, 405 MHz, 38.48 W
2026/08/19 17:56:28.814, 0 %, 12 %, 15674 MiB, 255 MHz, 29.69 W
2026/08/19 17:56:29.817, 0 %, 21 %, 15674 MiB, 180 MHz, 25.10 W
2026/08/19 17:56:30.819, 0 %, 24 %, 15674 MiB, 180 MHz, 23.60 W
2026/08/19 17:56:31.821, 0 %, 20 %, 15674 MiB, 180 MHz, 23.45 W
2026/08/19 17:56:32.824, 99 %, 83 %, 15674 MiB, 202 MHz, 55.77 W
2026/08/19 17:56:33.825, 98 %, 87 %, 15674 MiB, 2857 MHz, 218.38 W
2026/08/19 17:56:34.826, 98 %, 87 %, 15673 MiB, 2857 MHz, 226.37 W
2026/08/19 17:56:35.827, 98 %, 87 %, 15673 MiB, 2857 MHz, 227.70 W
2026/08/19 17:56:36.829, 98 %, 88 %, 15673 MiB, 2842 MHz, 228.38 W
2026/08/19 17:56:37.829, 99 %, 29 %, 15662 MiB, 2827 MHz, 281.23 W
2026/08/19 17:56:38.830, 99 %, 29 %, 15662 MiB, 2827 MHz, 307.90 W
2026/08/19 17:56:39.832, 99 %, 28 %, 15662 MiB, 2797 MHz, 307.62 W
2026/08/19 17:56:40.833, 99 %, 30 %, 15662 MiB, 2797 MHz, 299.28 W
2026/08/19 17:56:41.835, 98 %, 87 %, 15662 MiB, 2842 MHz, 282.89 W
2026/08/19 17:56:42.836, 98 %, 87 %, 15662 MiB, 2842 MHz, 282.55 W
2026/08/19 17:56:43.837, 98 %, 87 %, 15662 MiB, 2842 MHz, 282.76 W
2026/08/19 17:56:44.838, 98 %, 88 %, 15662 MiB, 2842 MHz, 282.63 W
2026/08/19 17:56:45.839, 98 %, 88 %, 15662 MiB, 2842 MHz, 282.32 W
2026/08/19 17:56:46.840, 99 %, 38 %, 15662 MiB, 2842 MHz, 293.59 W
2026/08/19 17:56:47.841, 99 %, 32 %, 15662 MiB, 2827 MHz, 307.17 W
2026/08/19 17:56:48.843, 99 %, 30 %, 15662 MiB, 2797 MHz, 303.71 W
2026/08/19 17:56:49.844, 99 %, 28 %, 15662 MiB, 2797 MHz, 302.26 W
2026/08/19 17:56:50.845, 99 %, 29 %, 15662 MiB, 2797 MHz, 301.26 W
2026/08/19 17:56:51.846, 98 %, 87 %, 15662 MiB, 2842 MHz, 284.52 W
2026/08/19 17:56:52.847, 98 %, 88 %, 15662 MiB, 2842 MHz, 284.27 W
2026/08/19 17:56:53.848, 98 %, 87 %, 15662 MiB, 2842 MHz, 284.13 W
2026/08/19 17:56:54.849, 98 %, 88 %, 15662 MiB, 2842 MHz, 283.90 W
2026/08/19 17:56:55.850, 98 %, 88 %, 15662 MiB, 2842 MHz, 283.47 W
2026/08/19 17:56:56.851, 98 %, 88 %, 15662 MiB, 2842 MHz, 283.28 W
2026/08/19 17:56:57.852, 99 %, 33 %, 15662 MiB, 2827 MHz, 310.83 W
2026/08/19 17:56:58.854, 99 %, 30 %, 15662 MiB, 2797 MHz, 305.03 W
2026/08/19 17:57:01.677, 99 %, 29 %, 15662 MiB, 2797 MHz, 303.65 W
2026/08/19 17:57:02.678, 99 %, 28 %, 15662 MiB, 2797 MHz, 301.78 W
2026/08/19 17:57:03.679, 98 %, 87 %, 15662 MiB, 2835 MHz, 294.27 W
2026/08/19 17:57:04.680, 98 %, 87 %, 15662 MiB, 2842 MHz, 285.28 W
2026/08/19 17:57:05.681, 98 %, 88 %, 15662 MiB, 2842 MHz, 285.49 W
2026/08/19 17:57:06.683, 98 %, 88 %, 15662 MiB, 2842 MHz, 285.20 W
2026/08/19 17:57:07.684, 98 %, 87 %, 15662 MiB, 2842 MHz, 284.14 W
2026/08/19 17:57:08.685, 98 %, 88 %, 15662 MiB, 2842 MHz, 284.14 W
2026/08/19 17:57:09.686, 99 %, 39 %, 15662 MiB, 2835 MHz, 303.06 W
2026/08/19 17:57:10.687, 99 %, 32 %, 15662 MiB, 2827 MHz, 308.21 W
2026/08/19 17:57:11.688, 99 %, 30 %, 15662 MiB, 2812 MHz, 306.45 W
2026/08/19 17:57:12.689, 99 %, 29 %, 15662 MiB, 2812 MHz, 305.03 W
2026/08/19 17:57:13.690, 98 %, 87 %, 15662 MiB, 2805 MHz, 299.11 W
2026/08/19 17:57:14.691, 98 %, 87 %, 15662 MiB, 2835 MHz, 285.44 W
2026/08/19 17:57:15.692, 98 %, 87 %, 15662 MiB, 2842 MHz, 285.62 W
2026/08/19 17:57:16.693, 98 %, 87 %, 15662 MiB, 2842 MHz, 285.04 W
2026/08/19 17:57:17.694, 98 %, 88 %, 15662 MiB, 2842 MHz, 283.93 W
2026/08/19 17:57:18.695, 98 %, 88 %, 15662 MiB, 2842 MHz, 284.20 W
2026/08/19 17:57:19.696, 99 %, 42 %, 15662 MiB, 2812 MHz, 304.69 W
2026/08/19 17:57:20.698, 99 %, 31 %, 15662 MiB, 2797 MHz, 306.65 W
2026/08/19 17:57:21.699, 99 %, 30 %, 15662 MiB, 2797 MHz, 304.84 W
2026/08/19 17:57:22.701, 99 %, 29 %, 15662 MiB, 2827 MHz, 305.11 W
2026/08/19 17:57:23.702, 98 %, 87 %, 15662 MiB, 2797 MHz, 301.81 W
2026/08/19 17:57:24.703, 98 %, 87 %, 15662 MiB, 2842 MHz, 286.30 W
2026/08/19 17:57:25.704, 98 %, 87 %, 15662 MiB, 2842 MHz, 286.25 W
2026/08/19 17:57:26.706, 98 %, 88 %, 15662 MiB, 2842 MHz, 285.68 W
2026/08/19 17:57:27.707, 98 %, 88 %, 15662 MiB, 2842 MHz, 285.23 W
2026/08/19 17:57:28.708, 98 %, 88 %, 15662 MiB, 2842 MHz, 284.77 W
2026/08/19 17:57:29.709, 98 %, 87 %, 15662 MiB, 2842 MHz, 283.32 W
2026/08/19 17:57:30.711, 0 %, 0 %, 15673 MiB, 2857 MHz, 98.86 W
2026/08/19 17:57:31.712, 0 %, 0 %, 15669 MiB, 2857 MHz, 62.28 W
2026/08/19 17:57:32.714, 0 %, 0 %, 15669 MiB, 615 MHz, 39.23 W
2026/08/19 17:57:35.577, 0 %, 0 %, 15669 MiB, 390 MHz, 36.18 W
2026/08/19 17:57:36.579, 0 %, 8 %, 15669 MiB, 262 MHz, 34.20 W
2026/08/19 17:57:37.581, 0 %, 14 %, 15669 MiB, 202 MHz, 27.77 W
2026/08/19 17:57:38.583, 0 %, 12 %, 15669 MiB, 180 MHz, 27.02 W
2026/08/19 17:57:39.585, 53 %, 56 %, 15673 MiB, 180 MHz, 53.48 W
2026/08/19 17:57:40.586, 98 %, 86 %, 15673 MiB, 2857 MHz, 227.29 W
2026/08/19 17:57:41.588, 98 %, 87 %, 15673 MiB, 2857 MHz, 226.74 W
2026/08/19 17:57:42.589, 98 %, 88 %, 15673 MiB, 2842 MHz, 227.87 W
2026/08/19 17:57:43.590, 98 %, 88 %, 15673 MiB, 2842 MHz, 228.63 W
2026/08/19 17:57:44.591, 99 %, 28 %, 15673 MiB, 2835 MHz, 273.09 W
2026/08/19 17:57:45.592, 99 %, 28 %, 15673 MiB, 2812 MHz, 306.56 W
2026/08/19 17:57:46.593, 99 %, 28 %, 15669 MiB, 2827 MHz, 309.44 W
2026/08/19 17:57:47.594, 99 %, 28 %, 15669 MiB, 2797 MHz, 302.42 W
2026/08/19 17:57:48.596, 98 %, 87 %, 15669 MiB, 2842 MHz, 283.82 W
2026/08/19 17:57:49.597, 98 %, 87 %, 15669 MiB, 2842 MHz, 282.99 W
2026/08/19 17:57:50.598, 98 %, 87 %, 15669 MiB, 2842 MHz, 283.26 W
2026/08/19 17:57:51.599, 98 %, 87 %, 15669 MiB, 2842 MHz, 283.11 W
2026/08/19 17:57:52.600, 98 %, 88 %, 15669 MiB, 2842 MHz, 282.41 W
2026/08/19 17:57:53.601, 99 %, 56 %, 15662 MiB, 2842 MHz, 289.41 W
2026/08/19 17:57:54.603, 99 %, 32 %, 15662 MiB, 2797 MHz, 306.77 W
2026/08/19 17:57:55.604, 100 %, 30 %, 15662 MiB, 2797 MHz, 303.44 W
2026/08/19 17:57:56.605, 99 %, 28 %, 15662 MiB, 2797 MHz, 302.38 W
2026/08/19 17:57:57.606, 100 %, 28 %, 15662 MiB, 2827 MHz, 304.34 W
2026/08/19 17:57:58.608, 98 %, 87 %, 15662 MiB, 2835 MHz, 286.19 W
2026/08/19 17:57:59.609, 98 %, 87 %, 15662 MiB, 2842 MHz, 284.98 W
2026/08/19 17:58:00.610, 98 %, 88 %, 15662 MiB, 2842 MHz, 284.57 W
2026/08/19 17:58:01.611, 98 %, 88 %, 15662 MiB, 2842 MHz, 284.20 W
2026/08/19 17:58:02.612, 98 %, 87 %, 15662 MiB, 2842 MHz, 283.28 W
2026/08/19 17:58:03.614, 99 %, 62 %, 15662 MiB, 2842 MHz, 288.68 W
2026/08/19 17:58:04.615, 99 %, 32 %, 15662 MiB, 2820 MHz, 311.75 W
2026/08/19 17:58:05.616, 99 %, 30 %, 15662 MiB, 2797 MHz, 304.99 W
2026/08/19 17:58:06.618, 99 %, 29 %, 15662 MiB, 2797 MHz, 303.57 W
2026/08/19 17:58:09.552, 99 %, 28 %, 15662 MiB, 2797 MHz, 302.29 W
2026/08/19 17:58:10.553, 98 %, 86 %, 15662 MiB, 2812 MHz, 292.86 W
2026/08/19 17:58:11.554, 98 %, 87 %, 15662 MiB, 2842 MHz, 285.02 W
2026/08/19 17:58:12.555, 98 %, 88 %, 15662 MiB, 2842 MHz, 285.00 W
2026/08/19 17:58:13.557, 98 %, 87 %, 15662 MiB, 2842 MHz, 284.69 W
2026/08/19 17:58:14.558, 98 %, 87 %, 15662 MiB, 2842 MHz, 283.68 W
2026/08/19 17:58:15.559, 98 %, 88 %, 15662 MiB, 2842 MHz, 283.90 W
2026/08/19 17:58:16.560, 99 %, 37 %, 15662 MiB, 2820 MHz, 304.77 W
2026/08/19 17:58:17.562, 99 %, 32 %, 15662 MiB, 2797 MHz, 306.70 W
2026/08/19 17:58:18.563, 99 %, 29 %, 15662 MiB, 2797 MHz, 304.60 W
2026/08/19 17:58:19.564, 99 %, 29 %, 15662 MiB, 2797 MHz, 302.63 W
2026/08/19 17:58:20.565, 98 %, 87 %, 15662 MiB, 2797 MHz, 298.77 W
2026/08/19 17:58:21.566, 98 %, 87 %, 15662 MiB, 2842 MHz, 285.55 W
2026/08/19 17:58:22.568, 98 %, 87 %, 15662 MiB, 2842 MHz, 285.47 W
2026/08/19 17:58:23.569, 98 %, 88 %, 15662 MiB, 2842 MHz, 285.16 W
2026/08/19 17:58:24.570, 98 %, 87 %, 15662 MiB, 2842 MHz, 283.88 W
2026/08/19 17:58:25.572, 98 %, 88 %, 15662 MiB, 2842 MHz, 284.51 W
2026/08/19 17:58:26.573, 99 %, 41 %, 15662 MiB, 2842 MHz, 304.11 W
2026/08/19 17:58:27.575, 99 %, 32 %, 15662 MiB, 2797 MHz, 307.15 W
2026/08/19 17:58:28.577, 99 %, 29 %, 15662 MiB, 2797 MHz, 305.05 W
2026/08/19 17:58:29.578, 99 %, 28 %, 15662 MiB, 2797 MHz, 303.78 W
2026/08/19 17:58:30.579, 99 %, 28 %, 15662 MiB, 2797 MHz, 303.87 W
2026/08/19 17:58:31.581, 98 %, 87 %, 15662 MiB, 2842 MHz, 289.02 W
2026/08/19 17:58:32.582, 98 %, 87 %, 15662 MiB, 2842 MHz, 286.50 W
2026/08/19 17:58:33.583, 98 %, 88 %, 15662 MiB, 2842 MHz, 285.47 W
2026/08/19 17:58:34.584, 98 %, 87 %, 15662 MiB, 2842 MHz, 285.04 W
2026/08/19 17:58:35.585, 98 %, 88 %, 15662 MiB, 2842 MHz, 284.58 W
2026/08/19 17:58:36.586, 98 %, 87 %, 15662 MiB, 2842 MHz, 284.03 W
2026/08/19 17:58:37.588, 0 %, 0 %, 15673 MiB, 2850 MHz, 127.25 W
2026/08/19 17:58:38.589, 0 %, 0 %, 15669 MiB, 2857 MHz, 66.89 W
2026/08/19 17:58:39.590, 0 %, 0 %, 15669 MiB, 577 MHz, 38.78 W
2026/08/19 17:58:40.592, 0 %, 0 %, 15669 MiB, 292 MHz, 35.94 W
2026/08/19 17:58:41.593, 0 %, 0 %, 15669 MiB, 180 MHz, 35.55 W
2026/08/19 17:58:44.289, 0 %, 0 %, 15669 MiB, 180 MHz, 35.38 W
2026/08/19 17:58:45.290, 0 %, 4 %, 15669 MiB, 210 MHz, 29.83 W
2026/08/19 17:58:46.292, 0 %, 14 %, 15673 MiB, 210 MHz, 28.84 W
2026/08/19 17:58:47.295, 98 %, 86 %, 15673 MiB, 2857 MHz, 201.29 W
2026/08/19 17:58:48.296, 98 %, 87 %, 15673 MiB, 2857 MHz, 226.46 W
2026/08/19 17:58:49.298, 98 %, 87 %, 15673 MiB, 2842 MHz, 227.34 W
2026/08/19 17:58:50.299, 98 %, 88 %, 15673 MiB, 2842 MHz, 228.25 W
2026/08/19 17:58:51.300, 99 %, 28 %, 15673 MiB, 2842 MHz, 254.05 W
2026/08/19 17:58:52.301, 99 %, 28 %, 15673 MiB, 2805 MHz, 305.88 W
2026/08/19 17:58:53.302, 99 %, 28 %, 15669 MiB, 2797 MHz, 307.34 W
2026/08/19 17:58:54.303, 100 %, 28 %, 15669 MiB, 2797 MHz, 307.89 W
2026/08/19 17:58:55.304, 98 %, 87 %, 15669 MiB, 2842 MHz, 290.26 W
2026/08/19 17:58:56.305, 98 %, 88 %, 15669 MiB, 2842 MHz, 282.58 W
2026/08/19 17:58:57.306, 98 %, 88 %, 15669 MiB, 2842 MHz, 283.40 W
2026/08/19 17:58:58.308, 98 %, 88 %, 15669 MiB, 2842 MHz, 283.33 W
2026/08/19 17:58:59.309, 98 %, 88 %, 15669 MiB, 2842 MHz, 282.92 W
2026/08/19 17:59:00.310, 98 %, 88 %, 15669 MiB, 2842 MHz, 282.96 W
2026/08/19 17:59:01.311, 99 %, 34 %, 15662 MiB, 2827 MHz, 302.67 W
2026/08/19 17:59:02.312, 99 %, 31 %, 15662 MiB, 2805 MHz, 306.45 W
2026/08/19 17:59:03.314, 99 %, 29 %, 15662 MiB, 2797 MHz, 303.62 W
2026/08/19 17:59:04.315, 99 %, 28 %, 15662 MiB, 2797 MHz, 302.31 W
2026/08/19 17:59:05.316, 98 %, 87 %, 15662 MiB, 2797 MHz, 296.67 W
2026/08/19 17:59:06.318, 98 %, 87 %, 15662 MiB, 2827 MHz, 284.71 W
2026/08/19 17:59:07.319, 98 %, 87 %, 15662 MiB, 2842 MHz, 284.91 W
2026/08/19 17:59:08.320, 98 %, 87 %, 15662 MiB, 2842 MHz, 284.97 W
2026/08/19 17:59:09.321, 98 %, 88 %, 15662 MiB, 2842 MHz, 284.38 W
2026/08/19 17:59:10.322, 98 %, 88 %, 15662 MiB, 2842 MHz, 283.61 W
2026/08/19 17:59:11.324, 99 %, 38 %, 15662 MiB, 2827 MHz, 302.11 W
2026/08/19 17:59:12.325, 99 %, 32 %, 15662 MiB, 2805 MHz, 306.92 W
2026/08/19 17:59:13.326, 99 %, 30 %, 15662 MiB, 2797 MHz, 304.89 W
2026/08/19 17:59:14.328, 99 %, 29 %, 15662 MiB, 2797 MHz, 303.23 W
2026/08/19 17:59:15.329, 99 %, 33 %, 15662 MiB, 2797 MHz, 300.57 W
2026/08/19 17:59:18.018, 98 %, 87 %, 15662 MiB, 2827 MHz, 285.78 W
2026/08/19 17:59:19.019, 98 %, 87 %, 15662 MiB, 2842 MHz, 285.88 W
2026/08/19 17:59:20.020, 98 %, 88 %, 15662 MiB, 2842 MHz, 285.70 W
2026/08/19 17:59:21.021, 98 %, 88 %, 15662 MiB, 2842 MHz, 284.96 W
2026/08/19 17:59:22.023, 98 %, 88 %, 15662 MiB, 2842 MHz, 284.06 W
2026/08/19 17:59:23.024, 98 %, 88 %, 15662 MiB, 2842 MHz, 284.61 W
2026/08/19 17:59:24.025, 99 %, 32 %, 15662 MiB, 2797 MHz, 313.64 W
2026/08/19 17:59:25.027, 99 %, 30 %, 15662 MiB, 2797 MHz, 306.21 W
2026/08/19 17:59:26.028, 99 %, 29 %, 15662 MiB, 2797 MHz, 304.25 W
2026/08/19 17:59:27.029, 99 %, 28 %, 15662 MiB, 2797 MHz, 303.39 W
2026/08/19 17:59:28.030, 98 %, 87 %, 15662 MiB, 2827 MHz, 290.85 W
2026/08/19 17:59:29.031, 98 %, 87 %, 15662 MiB, 2827 MHz, 285.71 W
2026/08/19 17:59:30.032, 98 %, 88 %, 15662 MiB, 2835 MHz, 285.51 W
2026/08/19 17:59:31.034, 98 %, 87 %, 15662 MiB, 2842 MHz, 285.28 W
2026/08/19 17:59:32.035, 98 %, 87 %, 15662 MiB, 2842 MHz, 284.70 W
2026/08/19 17:59:33.036, 98 %, 88 %, 15662 MiB, 2842 MHz, 284.84 W
2026/08/19 17:59:34.037, 99 %, 34 %, 15662 MiB, 2790 MHz, 312.89 W
2026/08/19 17:59:35.038, 99 %, 31 %, 15662 MiB, 2827 MHz, 308.70 W
2026/08/19 17:59:36.039, 99 %, 29 %, 15662 MiB, 2827 MHz, 305.89 W
2026/08/19 17:59:37.040, 99 %, 28 %, 15662 MiB, 2820 MHz, 304.89 W
2026/08/19 17:59:38.041, 98 %, 87 %, 15662 MiB, 2797 MHz, 297.70 W
2026/08/19 17:59:39.042, 98 %, 87 %, 15662 MiB, 2842 MHz, 285.80 W
2026/08/19 17:59:40.043, 98 %, 87 %, 15662 MiB, 2842 MHz, 285.98 W
2026/08/19 17:59:41.044, 98 %, 87 %, 15662 MiB, 2842 MHz, 284.99 W
2026/08/19 17:59:42.045, 98 %, 87 %, 15662 MiB, 2842 MHz, 284.45 W
2026/08/19 17:59:43.047, 98 %, 88 %, 15662 MiB, 2842 MHz, 284.55 W
2026/08/19 17:59:44.048, 0 %, 0 %, 15673 MiB, 2842 MHz, 230.78 W
2026/08/19 17:59:45.049, 0 %, 0 %, 15674 MiB, 2857 MHz, 68.01 W
2026/08/19 17:59:46.051, 0 %, 0 %, 15674 MiB, 2857 MHz, 54.30 W
2026/08/19 17:59:47.052, 0 %, 6 %, 15674 MiB, 450 MHz, 36.02 W
2026/08/19 17:59:48.054, 0 %, 14 %, 15674 MiB, 232 MHz, 28.73 W
2026/08/19 17:59:49.056, 0 %, 23 %, 15674 MiB, 180 MHz, 24.37 W
2026/08/19 17:59:51.791, 0 %, 23 %, 15674 MiB, 180 MHz, 23.62 W
2026/08/19 17:59:52.793, 0 %, 15 %, 15674 MiB, 180 MHz, 23.68 W
2026/08/19 17:59:53.795, 0 %, 17 %, 15674 MiB, 180 MHz, 23.20 W
2026/08/19 17:59:54.797, 98 %, 86 %, 15674 MiB, 2857 MHz, 174.01 W
2026/08/19 17:59:55.798, 98 %, 86 %, 15674 MiB, 2857 MHz, 225.93 W
2026/08/19 17:59:56.799, 98 %, 88 %, 15673 MiB, 2857 MHz, 226.89 W
2026/08/19 17:59:57.800, 98 %, 88 %, 15673 MiB, 2857 MHz, 227.93 W
2026/08/19 17:59:58.802, 71 %, 37 %, 15665 MiB, 2857 MHz, 225.24 W
2026/08/19 17:59:59.803, 99 %, 28 %, 15662 MiB, 2820 MHz, 304.88 W
2026/08/19 18:00:00.804, 99 %, 28 %, 15662 MiB, 2797 MHz, 307.24 W
2026/08/19 18:00:01.805, 99 %, 28 %, 15662 MiB, 2820 MHz, 308.54 W
2026/08/19 18:00:02.807, 100 %, 29 %, 15662 MiB, 2797 MHz, 304.38 W
2026/08/19 18:00:03.808, 99 %, 33 %, 15662 MiB, 2797 MHz, 302.47 W
2026/08/19 18:00:04.809, 99 %, 40 %, 15662 MiB, 2820 MHz, 306.33 W
2026/08/19 18:00:05.810, 99 %, 45 %, 15662 MiB, 2797 MHz, 308.47 W
2026/08/19 18:00:06.812, 99 %, 48 %, 15662 MiB, 2797 MHz, 311.39 W
2026/08/19 18:00:07.814, 99 %, 87 %, 15662 MiB, 2820 MHz, 314.89 W
2026/08/19 18:00:08.815, 99 %, 87 %, 15662 MiB, 2820 MHz, 312.38 W
2026/08/19 18:00:09.816, 99 %, 88 %, 15662 MiB, 2820 MHz, 312.45 W
2026/08/19 18:00:10.817, 99 %, 87 %, 15662 MiB, 2820 MHz, 311.72 W
2026/08/19 18:00:11.818, 99 %, 87 %, 15662 MiB, 2820 MHz, 311.07 W
2026/08/19 18:00:12.819, 99 %, 88 %, 15662 MiB, 2820 MHz, 310.80 W
2026/08/19 18:00:13.821, 99 %, 88 %, 15662 MiB, 2820 MHz, 309.66 W
2026/08/19 18:00:14.822, 98 %, 88 %, 15662 MiB, 2820 MHz, 309.98 W
2026/08/19 18:00:15.823, 100 %, 53 %, 15662 MiB, 2820 MHz, 308.38 W
2026/08/19 18:00:16.824, 100 %, 53 %, 15662 MiB, 2827 MHz, 308.86 W
2026/08/19 18:00:17.826, 99 %, 52 %, 15662 MiB, 2827 MHz, 308.60 W
2026/08/19 18:00:18.827, 99 %, 51 %, 15662 MiB, 2827 MHz, 307.80 W
2026/08/19 18:00:19.828, 99 %, 52 %, 15662 MiB, 2827 MHz, 308.88 W
2026/08/19 18:00:20.830, 99 %, 51 %, 15662 MiB, 2827 MHz, 309.55 W
2026/08/19 18:00:21.831, 100 %, 50 %, 15662 MiB, 2797 MHz, 308.16 W
2026/08/19 18:00:22.833, 100 %, 49 %, 15662 MiB, 2797 MHz, 307.57 W
2026/08/19 18:00:25.572, 100 %, 49 %, 15662 MiB, 2797 MHz, 308.34 W
2026/08/19 18:00:26.573, 100 %, 48 %, 15662 MiB, 2797 MHz, 308.99 W
2026/08/19 18:00:27.574, 99 %, 87 %, 15662 MiB, 2797 MHz, 311.92 W
2026/08/19 18:00:28.576, 99 %, 87 %, 15662 MiB, 2820 MHz, 315.49 W
2026/08/19 18:00:29.577, 99 %, 88 %, 15662 MiB, 2820 MHz, 314.20 W
2026/08/19 18:00:30.578, 99 %, 88 %, 15662 MiB, 2820 MHz, 314.06 W
2026/08/19 18:00:31.579, 99 %, 88 %, 15662 MiB, 2820 MHz, 313.27 W
2026/08/19 18:00:32.581, 99 %, 88 %, 15662 MiB, 2820 MHz, 312.57 W
2026/08/19 18:00:33.582, 99 %, 88 %, 15662 MiB, 2820 MHz, 312.07 W
2026/08/19 18:00:34.584, 99 %, 88 %, 15662 MiB, 2820 MHz, 311.03 W
2026/08/19 18:00:35.585, 99 %, 66 %, 15662 MiB, 2820 MHz, 311.28 W
2026/08/19 18:00:36.586, 100 %, 53 %, 15662 MiB, 2812 MHz, 308.70 W
2026/08/19 18:00:37.587, 100 %, 53 %, 15662 MiB, 2812 MHz, 308.05 W
2026/08/19 18:00:38.589, 100 %, 53 %, 15662 MiB, 2805 MHz, 308.18 W
2026/08/19 18:00:39.590, 100 %, 52 %, 15662 MiB, 2805 MHz, 307.41 W
2026/08/19 18:00:40.591, 100 %, 51 %, 15662 MiB, 2827 MHz, 308.24 W
2026/08/19 18:00:41.593, 100 %, 51 %, 15662 MiB, 2797 MHz, 308.24 W
2026/08/19 18:00:42.594, 100 %, 50 %, 15662 MiB, 2797 MHz, 307.71 W
2026/08/19 18:00:43.595, 100 %, 50 %, 15662 MiB, 2797 MHz, 308.08 W
2026/08/19 18:00:44.597, 99 %, 49 %, 15662 MiB, 2827 MHz, 310.80 W
2026/08/19 18:00:45.598, 100 %, 48 %, 15662 MiB, 2827 MHz, 312.35 W
2026/08/19 18:00:46.599, 99 %, 87 %, 15662 MiB, 2820 MHz, 316.56 W
2026/08/19 18:00:47.601, 99 %, 87 %, 15662 MiB, 2820 MHz, 315.11 W
2026/08/19 18:00:48.602, 99 %, 88 %, 15662 MiB, 2820 MHz, 314.09 W
2026/08/19 18:00:49.603, 99 %, 88 %, 15662 MiB, 2820 MHz, 313.81 W
2026/08/19 18:00:50.604, 99 %, 88 %, 15662 MiB, 2820 MHz, 313.41 W
2026/08/19 18:00:51.606, 99 %, 88 %, 15662 MiB, 2820 MHz, 313.04 W
2026/08/19 18:00:52.607, 99 %, 88 %, 15662 MiB, 2820 MHz, 312.47 W
2026/08/19 18:00:53.609, 99 %, 88 %, 15662 MiB, 2820 MHz, 311.53 W
2026/08/19 18:00:54.610, 100 %, 54 %, 15662 MiB, 2820 MHz, 310.38 W
2026/08/19 18:00:55.611, 100 %, 54 %, 15662 MiB, 2827 MHz, 307.31 W
2026/08/19 18:00:56.612, 100 %, 53 %, 15662 MiB, 2827 MHz, 308.42 W
2026/08/19 18:00:59.350, 99 %, 52 %, 15662 MiB, 2827 MHz, 307.41 W
2026/08/19 18:01:00.351, 100 %, 52 %, 15662 MiB, 2827 MHz, 308.38 W
2026/08/19 18:01:01.354, 100 %, 51 %, 15662 MiB, 2827 MHz, 308.89 W
2026/08/19 18:01:02.357, 100 %, 51 %, 15662 MiB, 2827 MHz, 309.06 W
2026/08/19 18:01:03.358, 99 %, 51 %, 15662 MiB, 2805 MHz, 309.22 W
2026/08/19 18:01:04.360, 99 %, 49 %, 15662 MiB, 2805 MHz, 308.93 W
2026/08/19 18:01:05.361, 100 %, 49 %, 15662 MiB, 2805 MHz, 310.95 W
2026/08/19 18:01:06.362, 99 %, 49 %, 15662 MiB, 2820 MHz, 311.51 W
2026/08/19 18:01:07.363, 99 %, 87 %, 15662 MiB, 2820 MHz, 316.19 W
2026/08/19 18:01:08.364, 99 %, 87 %, 15662 MiB, 2820 MHz, 315.62 W
2026/08/19 18:01:09.366, 99 %, 87 %, 15662 MiB, 2820 MHz, 314.47 W
2026/08/19 18:01:10.367, 99 %, 88 %, 15662 MiB, 2820 MHz, 314.06 W
2026/08/19 18:01:11.368, 99 %, 88 %, 15662 MiB, 2820 MHz, 313.46 W
2026/08/19 18:01:12.369, 99 %, 88 %, 15662 MiB, 2820 MHz, 312.95 W
2026/08/19 18:01:13.370, 99 %, 88 %, 15662 MiB, 2820 MHz, 312.46 W
2026/08/19 18:01:14.371, 99 %, 86 %, 15662 MiB, 2820 MHz, 310.81 W
2026/08/19 18:01:15.373, 100 %, 53 %, 15662 MiB, 2827 MHz, 309.52 W
2026/08/19 18:01:16.374, 99 %, 53 %, 15662 MiB, 2827 MHz, 307.29 W
2026/08/19 18:01:17.375, 100 %, 53 %, 15662 MiB, 2820 MHz, 308.11 W
2026/08/19 18:01:18.376, 100 %, 52 %, 15662 MiB, 2827 MHz, 307.31 W
2026/08/19 18:01:19.378, 100 %, 52 %, 15662 MiB, 2827 MHz, 308.57 W
2026/08/19 18:01:20.379, 100 %, 51 %, 15662 MiB, 2827 MHz, 309.32 W
2026/08/19 18:01:21.380, 100 %, 50 %, 15662 MiB, 2827 MHz, 309.43 W
2026/08/19 18:01:22.383, 99 %, 50 %, 15662 MiB, 2797 MHz, 309.04 W
2026/08/19 18:01:23.384, 100 %, 49 %, 15662 MiB, 2812 MHz, 310.34 W
2026/08/19 18:01:24.385, 100 %, 48 %, 15662 MiB, 2812 MHz, 310.64 W
2026/08/19 18:01:25.386, 99 %, 70 %, 15662 MiB, 2797 MHz, 313.51 W
2026/08/19 18:01:26.389, 99 %, 87 %, 15662 MiB, 2820 MHz, 316.49 W
2026/08/19 18:01:27.390, 99 %, 88 %, 15662 MiB, 2820 MHz, 315.48 W
2026/08/19 18:01:28.391, 99 %, 88 %, 15662 MiB, 2820 MHz, 314.40 W
2026/08/19 18:01:29.392, 99 %, 87 %, 15662 MiB, 2820 MHz, 314.46 W
2026/08/19 18:01:30.393, 99 %, 88 %, 15662 MiB, 2820 MHz, 313.71 W
2026/08/19 18:01:31.394, 99 %, 88 %, 15662 MiB, 2820 MHz, 312.71 W
2026/08/19 18:01:34.134, 99 %, 88 %, 15662 MiB, 2820 MHz, 312.60 W
2026/08/19 18:01:35.135, 99 %, 84 %, 15662 MiB, 2812 MHz, 306.88 W
2026/08/19 18:01:36.136, 0 %, 0 %, 15673 MiB, 2850 MHz, 190.95 W
2026/08/19 18:01:37.138, 0 %, 0 %, 15673 MiB, 2857 MHz, 68.80 W
2026/08/19 18:01:38.139, 0 %, 0 %, 15669 MiB, 562 MHz, 48.86 W
2026/08/19 18:01:39.140, 0 %, 0 %, 15669 MiB, 345 MHz, 37.06 W
2026/08/19 18:01:40.141, 0 %, 0 %, 15669 MiB, 217 MHz, 36.38 W
2026/08/19 18:01:41.144, 0 %, 7 %, 15669 MiB, 202 MHz, 32.90 W
2026/08/19 18:01:42.146, 0 %, 10 %, 15669 MiB, 210 MHz, 27.00 W
2026/08/19 18:01:43.150, 0 %, 21 %, 15669 MiB, 202 MHz, 24.20 W
2026/08/19 18:01:44.152, 0 %, 21 %, 15669 MiB, 202 MHz, 23.61 W
2026/08/19 18:01:45.158, 98 %, 86 %, 15673 MiB, 2857 MHz, 142.42 W
2026/08/19 18:01:46.159, 98 %, 86 %, 15673 MiB, 2857 MHz, 226.97 W
2026/08/19 18:01:47.160, 98 %, 87 %, 15673 MiB, 2857 MHz, 227.65 W
2026/08/19 18:01:48.161, 98 %, 87 %, 15673 MiB, 2842 MHz, 228.51 W
2026/08/19 18:01:49.162, 70 %, 36 %, 15673 MiB, 2842 MHz, 233.01 W
2026/08/19 18:01:50.163, 99 %, 28 %, 15673 MiB, 2827 MHz, 306.58 W
2026/08/19 18:01:51.166, 99 %, 28 %, 15669 MiB, 2827 MHz, 308.26 W
2026/08/19 18:01:52.166, 99 %, 28 %, 15669 MiB, 2797 MHz, 302.89 W
2026/08/19 18:01:53.167, 99 %, 30 %, 15669 MiB, 2820 MHz, 302.52 W
2026/08/19 18:01:54.169, 99 %, 34 %, 15669 MiB, 2812 MHz, 304.63 W
2026/08/19 18:01:55.170, 100 %, 39 %, 15669 MiB, 2797 MHz, 306.76 W
2026/08/19 18:01:56.171, 100 %, 44 %, 15669 MiB, 2797 MHz, 309.87 W
2026/08/19 18:01:57.172, 99 %, 48 %, 15669 MiB, 2820 MHz, 311.27 W
2026/08/19 18:01:58.173, 99 %, 87 %, 15669 MiB, 2820 MHz, 315.46 W
2026/08/19 18:01:59.174, 99 %, 87 %, 15669 MiB, 2820 MHz, 313.07 W
2026/08/19 18:02:00.175, 99 %, 87 %, 15669 MiB, 2820 MHz, 312.81 W
2026/08/19 18:02:01.177, 99 %, 88 %, 15669 MiB, 2820 MHz, 312.04 W
2026/08/19 18:02:02.178, 99 %, 88 %, 15669 MiB, 2820 MHz, 311.77 W
2026/08/19 18:02:03.180, 99 %, 88 %, 15669 MiB, 2820 MHz, 310.98 W
2026/08/19 18:02:04.181, 99 %, 88 %, 15669 MiB, 2820 MHz, 310.32 W
2026/08/19 18:02:05.182, 99 %, 88 %, 15669 MiB, 2820 MHz, 310.29 W
2026/08/19 18:02:07.925, 100 %, 53 %, 15662 MiB, 2827 MHz, 310.00 W
2026/08/19 18:02:08.926, 100 %, 53 %, 15662 MiB, 2827 MHz, 308.60 W
2026/08/19 18:02:09.927, 100 %, 52 %, 15662 MiB, 2827 MHz, 308.78 W
2026/08/19 18:02:10.929, 100 %, 51 %, 15662 MiB, 2827 MHz, 307.46 W
2026/08/19 18:02:11.930, 100 %, 51 %, 15662 MiB, 2805 MHz, 307.36 W
2026/08/19 18:02:12.932, 100 %, 50 %, 15662 MiB, 2797 MHz, 306.57 W
2026/08/19 18:02:13.933, 99 %, 50 %, 15662 MiB, 2797 MHz, 306.81 W
2026/08/19 18:02:14.934, 99 %, 48 %, 15662 MiB, 2797 MHz, 307.00 W
2026/08/19 18:02:15.935, 99 %, 48 %, 15662 MiB, 2797 MHz, 309.43 W
2026/08/19 18:02:16.936, 99 %, 47 %, 15662 MiB, 2797 MHz, 310.31 W
2026/08/19 18:02:17.938, 100 %, 50 %, 15662 MiB, 2797 MHz, 311.22 W
2026/08/19 18:02:18.939, 99 %, 87 %, 15662 MiB, 2820 MHz, 315.27 W
2026/08/19 18:02:19.940, 99 %, 87 %, 15662 MiB, 2820 MHz, 314.37 W
2026/08/19 18:02:20.941, 99 %, 88 %, 15662 MiB, 2820 MHz, 314.08 W
2026/08/19 18:02:21.942, 99 %, 87 %, 15662 MiB, 2820 MHz, 313.46 W
2026/08/19 18:02:22.943, 99 %, 88 %, 15662 MiB, 2820 MHz, 312.99 W
2026/08/19 18:02:23.945, 99 %, 88 %, 15662 MiB, 2820 MHz, 312.17 W
2026/08/19 18:02:24.945, 99 %, 88 %, 15662 MiB, 2820 MHz, 311.05 W
2026/08/19 18:02:25.947, 99 %, 65 %, 15662 MiB, 2820 MHz, 311.49 W
2026/08/19 18:02:26.948, 100 %, 53 %, 15662 MiB, 2827 MHz, 308.40 W
2026/08/19 18:02:27.949, 100 %, 53 %, 15662 MiB, 2827 MHz, 307.60 W
2026/08/19 18:02:28.950, 100 %, 52 %, 15662 MiB, 2827 MHz, 307.83 W
2026/08/19 18:02:29.951, 100 %, 52 %, 15662 MiB, 2827 MHz, 308.83 W
2026/08/19 18:02:30.952, 99 %, 52 %, 15662 MiB, 2827 MHz, 309.11 W
2026/08/19 18:02:31.953, 99 %, 51 %, 15662 MiB, 2827 MHz, 309.11 W
2026/08/19 18:02:32.954, 100 %, 50 %, 15662 MiB, 2827 MHz, 309.61 W
2026/08/19 18:02:33.956, 100 %, 49 %, 15662 MiB, 2797 MHz, 309.12 W
2026/08/19 18:02:34.957, 100 %, 49 %, 15662 MiB, 2797 MHz, 309.86 W
2026/08/19 18:02:35.958, 100 %, 47 %, 15662 MiB, 2797 MHz, 310.67 W
2026/08/19 18:02:36.959, 99 %, 87 %, 15662 MiB, 2797 MHz, 315.96 W
2026/08/19 18:02:37.961, 99 %, 87 %, 15662 MiB, 2820 MHz, 315.96 W
2026/08/19 18:02:38.962, 99 %, 87 %, 15662 MiB, 2820 MHz, 315.07 W
2026/08/19 18:02:41.717, 99 %, 88 %, 15662 MiB, 2820 MHz, 314.57 W
2026/08/19 18:02:42.719, 99 %, 88 %, 15662 MiB, 2820 MHz, 313.70 W
2026/08/19 18:02:43.720, 99 %, 88 %, 15662 MiB, 2820 MHz, 313.13 W
2026/08/19 18:02:44.721, 99 %, 88 %, 15662 MiB, 2820 MHz, 312.79 W
2026/08/19 18:02:45.722, 99 %, 88 %, 15662 MiB, 2820 MHz, 311.42 W
2026/08/19 18:02:46.724, 99 %, 55 %, 15662 MiB, 2820 MHz, 310.45 W
2026/08/19 18:02:47.725, 100 %, 53 %, 15662 MiB, 2827 MHz, 307.58 W
2026/08/19 18:02:48.726, 100 %, 53 %, 15662 MiB, 2820 MHz, 307.80 W
2026/08/19 18:02:49.727, 100 %, 52 %, 15662 MiB, 2827 MHz, 307.62 W
2026/08/19 18:02:50.728, 100 %, 52 %, 15662 MiB, 2820 MHz, 308.50 W
2026/08/19 18:02:51.730, 100 %, 51 %, 15662 MiB, 2805 MHz, 308.63 W
2026/08/19 18:02:52.731, 99 %, 50 %, 15662 MiB, 2805 MHz, 308.15 W
2026/08/19 18:02:53.732, 100 %, 50 %, 15662 MiB, 2797 MHz, 308.20 W
2026/08/19 18:02:54.734, 99 %, 49 %, 15662 MiB, 2797 MHz, 308.64 W
2026/08/19 18:02:55.735, 99 %, 49 %, 15662 MiB, 2797 MHz, 310.62 W
2026/08/19 18:02:56.736, 100 %, 48 %, 15662 MiB, 2797 MHz, 311.04 W
2026/08/19 18:02:57.737, 99 %, 87 %, 15662 MiB, 2820 MHz, 315.53 W
2026/08/19 18:02:58.738, 99 %, 88 %, 15662 MiB, 2820 MHz, 315.40 W
2026/08/19 18:02:59.741, 99 %, 88 %, 15662 MiB, 2820 MHz, 314.59 W
2026/08/19 18:03:00.742, 99 %, 88 %, 15662 MiB, 2820 MHz, 314.56 W
2026/08/19 18:03:01.743, 99 %, 88 %, 15662 MiB, 2820 MHz, 313.44 W
2026/08/19 18:03:02.744, 99 %, 88 %, 15662 MiB, 2820 MHz, 313.30 W
2026/08/19 18:03:03.746, 99 %, 88 %, 15662 MiB, 2820 MHz, 312.15 W
2026/08/19 18:03:04.747, 99 %, 88 %, 15662 MiB, 2820 MHz, 311.23 W
2026/08/19 18:03:05.748, 99 %, 54 %, 15662 MiB, 2820 MHz, 308.63 W
2026/08/19 18:03:06.750, 100 %, 53 %, 15662 MiB, 2827 MHz, 307.65 W
2026/08/19 18:03:07.751, 100 %, 53 %, 15662 MiB, 2827 MHz, 308.38 W
2026/08/19 18:03:08.753, 100 %, 52 %, 15662 MiB, 2827 MHz, 307.78 W
2026/08/19 18:03:09.754, 100 %, 52 %, 15662 MiB, 2827 MHz, 308.66 W
2026/08/19 18:03:10.756, 100 %, 51 %, 15662 MiB, 2827 MHz, 309.55 W
2026/08/19 18:03:11.757, 100 %, 50 %, 15662 MiB, 2805 MHz, 309.27 W
2026/08/19 18:03:12.758, 100 %, 50 %, 15662 MiB, 2797 MHz, 309.36 W
2026/08/19 18:03:15.509, 99 %, 49 %, 15662 MiB, 2805 MHz, 309.34 W
2026/08/19 18:03:16.510, 100 %, 48 %, 15662 MiB, 2820 MHz, 311.21 W
2026/08/19 18:03:17.511, 99 %, 58 %, 15662 MiB, 2797 MHz, 313.72 W
2026/08/19 18:03:18.512, 99 %, 87 %, 15662 MiB, 2820 MHz, 317.09 W
2026/08/19 18:03:19.513, 99 %, 88 %, 15662 MiB, 2820 MHz, 316.43 W
2026/08/19 18:03:20.514, 99 %, 88 %, 15662 MiB, 2820 MHz, 315.03 W
2026/08/19 18:03:21.516, 99 %, 88 %, 15662 MiB, 2820 MHz, 314.53 W
2026/08/19 18:03:22.516, 99 %, 88 %, 15662 MiB, 2820 MHz, 313.25 W
2026/08/19 18:03:23.518, 99 %, 88 %, 15662 MiB, 2820 MHz, 313.01 W
2026/08/19 18:03:24.519, 99 %, 88 %, 15662 MiB, 2820 MHz, 312.71 W
2026/08/19 18:03:25.520, 99 %, 86 %, 15662 MiB, 2820 MHz, 307.55 W
2026/08/19 18:03:26.521, 0 %, 0 %, 15673 MiB, 2827 MHz, 217.44 W
2026/08/19 18:03:27.522, 0 %, 0 %, 15673 MiB, 2857 MHz, 68.55 W
2026/08/19 18:03:28.523, 0 %, 0 %, 15669 MiB, 2302 MHz, 51.25 W
2026/08/19 18:03:29.524, 0 %, 4 %, 15669 MiB, 337 MHz, 34.26 W
2026/08/19 18:03:30.526, 0 %, 18 %, 15669 MiB, 195 MHz, 28.72 W
2026/08/19 18:03:31.527, 0 %, 17 %, 15669 MiB, 180 MHz, 24.89 W
2026/08/19 18:03:32.529, 0 %, 21 %, 15669 MiB, 172 MHz, 24.01 W
2026/08/19 18:03:33.531, 0 %, 18 %, 15669 MiB, 180 MHz, 23.68 W
2026/08/19 18:03:34.533, 0 %, 20 %, 15673 MiB, 180 MHz, 23.49 W
2026/08/19 18:03:35.536, 98 %, 86 %, 15673 MiB, 2857 MHz, 214.75 W
2026/08/19 18:03:36.537, 98 %, 87 %, 15673 MiB, 2857 MHz, 227.13 W
2026/08/19 18:03:37.538, 98 %, 87 %, 15673 MiB, 2842 MHz, 228.42 W
2026/08/19 18:03:38.540, 97 %, 86 %, 15762 MiB, 2842 MHz, 228.59 W
2026/08/19 18:03:39.541, 99 %, 28 %, 15769 MiB, 2842 MHz, 254.31 W
2026/08/19 18:03:40.542, 99 %, 28 %, 15769 MiB, 2820 MHz, 307.07 W
2026/08/19 18:03:41.543, 99 %, 28 %, 15765 MiB, 2797 MHz, 304.87 W
2026/08/19 18:03:42.545, 99 %, 28 %, 15765 MiB, 2797 MHz, 302.99 W
2026/08/19 18:03:43.546, 100 %, 29 %, 15765 MiB, 2797 MHz, 302.47 W
2026/08/19 18:03:44.547, 99 %, 35 %, 15765 MiB, 2797 MHz, 303.43 W
2026/08/19 18:03:45.549, 99 %, 41 %, 15765 MiB, 2797 MHz, 307.39 W
2026/08/19 18:03:46.550, 99 %, 45 %, 15755 MiB, 2797 MHz, 311.53 W
2026/08/19 18:03:49.216, 100 %, 48 %, 15755 MiB, 2820 MHz, 311.42 W
2026/08/19 18:03:50.217, 99 %, 87 %, 15756 MiB, 2820 MHz, 313.94 W
2026/08/19 18:03:51.218, 99 %, 87 %, 15756 MiB, 2820 MHz, 314.20 W
2026/08/19 18:03:52.219, 99 %, 87 %, 15667 MiB, 2820 MHz, 313.39 W
2026/08/19 18:03:53.221, 99 %, 88 %, 15667 MiB, 2820 MHz, 312.36 W
2026/08/19 18:03:54.222, 99 %, 88 %, 15667 MiB, 2820 MHz, 312.55 W
2026/08/19 18:03:55.223, 99 %, 88 %, 15667 MiB, 2820 MHz, 311.69 W
2026/08/19 18:03:56.224, 99 %, 88 %, 15667 MiB, 2820 MHz, 311.51 W
2026/08/19 18:03:57.225, 99 %, 88 %, 15663 MiB, 2820 MHz, 310.88 W
2026/08/19 18:03:58.226, 100 %, 54 %, 15660 MiB, 2827 MHz, 309.69 W
2026/08/19 18:03:59.228, 100 %, 53 %, 15660 MiB, 2820 MHz, 309.95 W
2026/08/19 18:04:00.229, 99 %, 53 %, 15660 MiB, 2827 MHz, 309.71 W
2026/08/19 18:04:01.230, 100 %, 52 %, 15660 MiB, 2827 MHz, 307.51 W
2026/08/19 18:04:02.231, 99 %, 51 %, 15660 MiB, 2797 MHz, 307.30 W
2026/08/19 18:04:03.232, 99 %, 50 %, 15660 MiB, 2797 MHz, 306.57 W
2026/08/19 18:04:04.234, 100 %, 49 %, 15660 MiB, 2820 MHz, 308.42 W
2026/08/19 18:04:05.235, 99 %, 49 %, 15660 MiB, 2797 MHz, 308.62 W
2026/08/19 18:04:06.236, 99 %, 47 %, 15660 MiB, 2812 MHz, 310.11 W
2026/08/19 18:04:07.237, 99 %, 47 %, 15660 MiB, 2797 MHz, 310.60 W
2026/08/19 18:04:08.238, 99 %, 87 %, 15660 MiB, 2812 MHz, 313.12 W
2026/08/19 18:04:09.240, 99 %, 87 %, 15660 MiB, 2820 MHz, 315.11 W
2026/08/19 18:04:10.241, 99 %, 87 %, 15660 MiB, 2820 MHz, 314.59 W
2026/08/19 18:04:11.242, 99 %, 87 %, 15660 MiB, 2820 MHz, 314.25 W
2026/08/19 18:04:12.243, 99 %, 88 %, 15660 MiB, 2820 MHz, 312.89 W
2026/08/19 18:04:13.244, 99 %, 88 %, 15660 MiB, 2820 MHz, 312.96 W
2026/08/19 18:04:14.245, 99 %, 88 %, 15660 MiB, 2820 MHz, 312.59 W
2026/08/19 18:04:15.247, 99 %, 88 %, 15660 MiB, 2820 MHz, 311.63 W
2026/08/19 18:04:16.248, 99 %, 55 %, 15660 MiB, 2820 MHz, 311.37 W
2026/08/19 18:04:17.249, 99 %, 53 %, 15660 MiB, 2827 MHz, 308.53 W
2026/08/19 18:04:18.251, 100 %, 53 %, 15660 MiB, 2827 MHz, 308.07 W
2026/08/19 18:04:19.253, 100 %, 52 %, 15660 MiB, 2827 MHz, 308.70 W
2026/08/19 18:04:20.254, 100 %, 52 %, 15660 MiB, 2827 MHz, 308.48 W
2026/08/19 18:04:21.256, 99 %, 52 %, 15660 MiB, 2827 MHz, 309.02 W
2026/08/19 18:04:23.978, 100 %, 51 %, 15660 MiB, 2827 MHz, 309.24 W
2026/08/19 18:04:24.980, 100 %, 50 %, 15660 MiB, 2827 MHz, 309.83 W
2026/08/19 18:04:25.981, 100 %, 49 %, 15660 MiB, 2797 MHz, 309.26 W
2026/08/19 18:04:26.983, 100 %, 48 %, 15660 MiB, 2797 MHz, 310.00 W
2026/08/19 18:04:27.985, 100 %, 47 %, 15660 MiB, 2827 MHz, 311.69 W
2026/08/19 18:04:28.986, 99 %, 87 %, 15660 MiB, 2797 MHz, 315.84 W
2026/08/19 18:04:29.987, 99 %, 87 %, 15660 MiB, 2820 MHz, 315.98 W
2026/08/19 18:04:30.988, 99 %, 88 %, 15660 MiB, 2820 MHz, 315.35 W
2026/08/19 18:04:31.989, 99 %, 88 %, 15660 MiB, 2820 MHz, 314.69 W
2026/08/19 18:04:32.990, 99 %, 88 %, 15660 MiB, 2820 MHz, 313.52 W
2026/08/19 18:04:33.991, 99 %, 88 %, 15660 MiB, 2820 MHz, 313.54 W
2026/08/19 18:04:34.992, 99 %, 88 %, 15660 MiB, 2820 MHz, 313.15 W
2026/08/19 18:04:35.993, 99 %, 88 %, 15660 MiB, 2820 MHz, 312.05 W
2026/08/19 18:04:36.994, 100 %, 54 %, 15660 MiB, 2827 MHz, 308.92 W
2026/08/19 18:04:37.995, 100 %, 53 %, 15660 MiB, 2827 MHz, 307.86 W
2026/08/19 18:04:38.996, 100 %, 53 %, 15660 MiB, 2827 MHz, 308.04 W
2026/08/19 18:04:39.998, 100 %, 52 %, 15660 MiB, 2827 MHz, 307.86 W
2026/08/19 18:04:40.999, 100 %, 52 %, 15660 MiB, 2820 MHz, 308.90 W
2026/08/19 18:04:42.000, 100 %, 50 %, 15660 MiB, 2805 MHz, 307.88 W
2026/08/19 18:04:43.001, 100 %, 50 %, 15660 MiB, 2820 MHz, 308.77 W
2026/08/19 18:04:44.003, 99 %, 50 %, 15660 MiB, 2805 MHz, 309.14 W
2026/08/19 18:04:45.004, 99 %, 49 %, 15660 MiB, 2797 MHz, 309.53 W
2026/08/19 18:04:46.006, 100 %, 48 %, 15660 MiB, 2797 MHz, 310.42 W
2026/08/19 18:04:47.007, 100 %, 47 %, 15660 MiB, 2797 MHz, 310.42 W
2026/08/19 18:04:48.009, 99 %, 87 %, 15660 MiB, 2820 MHz, 316.50 W
2026/08/19 18:04:49.010, 99 %, 87 %, 15660 MiB, 2820 MHz, 316.12 W
2026/08/19 18:04:50.011, 99 %, 88 %, 15660 MiB, 2820 MHz, 315.05 W
2026/08/19 18:04:51.013, 99 %, 87 %, 15660 MiB, 2820 MHz, 314.65 W
2026/08/19 18:04:52.015, 99 %, 88 %, 15660 MiB, 2820 MHz, 313.14 W
2026/08/19 18:04:53.016, 99 %, 88 %, 15660 MiB, 2820 MHz, 313.04 W
2026/08/19 18:04:54.017, 99 %, 88 %, 15660 MiB, 2820 MHz, 312.64 W
2026/08/19 18:04:55.019, 99 %, 88 %, 15660 MiB, 2820 MHz, 312.08 W
2026/08/19 18:04:57.429, 100 %, 57 %, 15660 MiB, 2820 MHz, 309.93 W
2026/08/19 18:04:58.430, 100 %, 54 %, 15660 MiB, 2827 MHz, 306.91 W
2026/08/19 18:04:59.432, 100 %, 53 %, 15660 MiB, 2827 MHz, 307.67 W
2026/08/19 18:05:00.433, 100 %, 52 %, 15660 MiB, 2820 MHz, 307.94 W
2026/08/19 18:05:01.437, 100 %, 51 %, 15660 MiB, 2797 MHz, 307.10 W
2026/08/19 18:05:02.438, 99 %, 52 %, 15660 MiB, 2827 MHz, 308.93 W
2026/08/19 18:05:03.439, 100 %, 51 %, 15660 MiB, 2827 MHz, 308.96 W
2026/08/19 18:05:04.440, 100 %, 50 %, 15660 MiB, 2827 MHz, 310.22 W
2026/08/19 18:05:05.441, 99 %, 49 %, 15660 MiB, 2797 MHz, 309.36 W
2026/08/19 18:05:06.442, 99 %, 48 %, 15660 MiB, 2797 MHz, 310.25 W
2026/08/19 18:05:07.447, 100 %, 48 %, 15660 MiB, 2797 MHz, 311.70 W
2026/08/19 18:05:08.448, 99 %, 87 %, 15660 MiB, 2820 MHz, 316.72 W
2026/08/19 18:05:09.449, 99 %, 87 %, 15660 MiB, 2820 MHz, 315.77 W
2026/08/19 18:05:10.450, 99 %, 88 %, 15660 MiB, 2820 MHz, 315.40 W
2026/08/19 18:05:11.451, 99 %, 88 %, 15660 MiB, 2820 MHz, 314.40 W
2026/08/19 18:05:12.453, 99 %, 87 %, 15660 MiB, 2820 MHz, 313.19 W
2026/08/19 18:05:13.454, 99 %, 88 %, 15660 MiB, 2820 MHz, 312.96 W
2026/08/19 18:05:14.455, 99 %, 88 %, 15660 MiB, 2820 MHz, 312.19 W
2026/08/19 18:05:15.457, 99 %, 86 %, 15660 MiB, 2820 MHz, 308.20 W
2026/08/19 18:05:16.458, 0 %, 0 %, 15671 MiB, 2820 MHz, 216.28 W
2026/08/19 18:05:17.460, 0 %, 0 %, 610 MiB, 2857 MHz, 68.07 W
2026/08/19 18:05:18.461, 0 %, 0 %, 610 MiB, 2857 MHz, 52.81 W
2026/08/19 18:05:19.463, 0 %, 0 %, 610 MiB, 337 MHz, 37.14 W
2026/08/19 18:05:20.464, 0 %, 0 %, 610 MiB, 210 MHz, 35.98 W
