timestamp, temperature.gpu, clocks.current.sm [MHz], power.draw [W]
2026/08/17 19:09:04.564, 38, 240 MHz, 21.23 W
2026/08/17 19:09:05.613, 38, 180 MHz, 20.69 W
2026/08/17 19:09:06.656, 38, 180 MHz, 20.61 W
2026/08/17 19:09:07.699, 38, 180 MHz, 20.71 W
2026/08/17 19:09:08.742, 38, 180 MHz, 20.87 W
2026/08/17 19:09:09.785, 38, 195 MHz, 20.45 W
2026/08/17 19:09:09.517, 38, 180 MHz, 21.11 W
2026/08/17 19:09:10.560, 38, 180 MHz, 21.11 W
2026/08/17 19:09:11.603, 38, 180 MHz, 20.32 W
2026/08/17 19:09:12.646, 38, 180 MHz, 20.81 W
2026/08/17 19:09:13.688, 38, 180 MHz, 20.55 W
2026/08/17 19:09:14.730, 38, 180 MHz, 20.48 W
2026/08/17 19:09:15.772, 38, 180 MHz, 19.84 W
2026/08/17 19:09:16.815, 38, 180 MHz, 20.20 W
2026/08/17 19:09:17.857, 38, 180 MHz, 20.25 W
2026/08/17 19:09:18.900, 38, 180 MHz, 20.30 W
2026/08/17 19:09:19.943, 38, 180 MHz, 20.72 W
2026/08/17 19:09:20.985, 38, 180 MHz, 20.07 W
2026/08/17 19:09:22.027, 38, 180 MHz, 19.50 W
2026/08/17 19:09:23.070, 39, 2662 MHz, 34.94 W
2026/08/17 19:09:24.113, 39, 2632 MHz, 56.35 W
2026/08/17 19:09:25.154, 39, 2640 MHz, 57.24 W
2026/08/17 19:09:26.197, 39, 2647 MHz, 56.72 W
2026/08/17 19:09:27.239, 40, 2647 MHz, 56.81 W
2026/08/17 19:09:28.281, 40, 2647 MHz, 56.61 W
2026/08/17 19:09:29.324, 39, 2542 MHz, 53.21 W
2026/08/17 19:09:30.367, 39, 547 MHz, 31.28 W
2026/08/17 19:09:31.409, 38, 307 MHz, 25.44 W
2026/08/17 19:09:32.452, 40, 2887 MHz, 77.31 W
2026/08/17 19:09:33.495, 41, 2887 MHz, 88.51 W
2026/08/17 19:09:34.537, 41, 2887 MHz, 60.24 W
2026/08/17 19:09:35.579, 39, 472 MHz, 39.68 W
2026/08/17 19:09:36.622, 39, 420 MHz, 34.52 W
2026/08/17 19:09:37.664, 39, 262 MHz, 34.20 W
2026/08/17 19:09:38.707, 51, 2865 MHz, 97.85 W
2026/08/17 19:09:39.749, 49, 2865 MHz, 148.37 W
2026/08/17 19:09:40.792, 49, 2857 MHz, 146.48 W
2026/08/17 19:09:40.565, 43, 2872 MHz, 96.12 W
2026/08/17 19:09:41.607, 42, 2887 MHz, 60.61 W
2026/08/17 19:09:42.649, 40, 637 MHz, 41.99 W
2026/08/17 19:09:43.691, 40, 510 MHz, 34.58 W
2026/08/17 19:09:44.732, 40, 255 MHz, 34.33 W
2026/08/17 19:09:45.775, 40, 180 MHz, 34.50 W
2026/08/17 19:09:46.818, 40, 592 MHz, 35.56 W
2026/08/17 19:09:47.860, 40, 187 MHz, 29.88 W
2026/08/17 19:09:48.903, 40, 180 MHz, 24.57 W
2026/08/17 19:09:49.945, 40, 180 MHz, 22.12 W
2026/08/17 19:09:50.987, 40, 180 MHz, 22.03 W
2026/08/17 19:09:52.030, 40, 180 MHz, 21.03 W
2026/08/17 19:09:53.072, 40, 172 MHz, 35.46 W
2026/08/17 19:09:54.115, 49, 2865 MHz, 170.32 W
2026/08/17 19:09:55.157, 51, 2872 MHz, 217.06 W
2026/08/17 19:09:56.199, 51, 2872 MHz, 220.15 W
2026/08/17 19:09:57.241, 52, 2857 MHz, 221.72 W
2026/08/17 19:09:58.284, 52, 2857 MHz, 222.31 W
2026/08/17 19:09:59.327, 53, 2857 MHz, 223.84 W
2026/08/17 19:10:00.369, 53, 2857 MHz, 223.85 W
2026/08/17 19:10:01.412, 53, 2857 MHz, 217.94 W
2026/08/17 19:10:02.455, 54, 2857 MHz, 220.05 W
2026/08/17 19:10:03.497, 54, 2857 MHz, 223.35 W
2026/08/17 19:10:04.540, 54, 2857 MHz, 224.33 W
2026/08/17 19:10:05.582, 55, 2857 MHz, 225.38 W
2026/08/17 19:10:06.625, 55, 2857 MHz, 225.95 W
2026/08/17 19:10:07.668, 55, 2857 MHz, 226.42 W
2026/08/17 19:10:08.710, 55, 2857 MHz, 226.92 W
2026/08/17 19:10:09.753, 55, 2857 MHz, 226.87 W
2026/08/17 19:10:10.794, 56, 2857 MHz, 226.54 W
2026/08/17 19:10:11.835, 56, 2857 MHz, 225.60 W
2026/08/17 19:10:11.603, 65, 2850 MHz, 239.45 W
2026/08/17 19:10:12.644, 57, 2857 MHz, 232.78 W
2026/08/17 19:10:13.686, 57, 2857 MHz, 235.94 W
2026/08/17 19:10:14.727, 57, 2857 MHz, 237.57 W
2026/08/17 19:10:15.769, 57, 2857 MHz, 237.40 W
2026/08/17 19:10:16.810, 58, 2857 MHz, 237.38 W
2026/08/17 19:10:17.851, 58, 2857 MHz, 238.81 W
2026/08/17 19:10:18.893, 58, 2857 MHz, 238.99 W
2026/08/17 19:10:19.936, 58, 2857 MHz, 240.02 W
2026/08/17 19:10:20.979, 59, 2857 MHz, 240.66 W
2026/08/17 19:10:22.022, 59, 2857 MHz, 240.71 W
2026/08/17 19:10:23.064, 59, 2857 MHz, 240.59 W
2026/08/17 19:10:24.107, 59, 2857 MHz, 241.43 W
2026/08/17 19:10:25.149, 60, 2857 MHz, 242.73 W
2026/08/17 19:10:26.191, 60, 2857 MHz, 242.84 W
2026/08/17 19:10:27.235, 60, 2857 MHz, 243.32 W
2026/08/17 19:10:28.278, 60, 2857 MHz, 243.73 W
2026/08/17 19:10:29.321, 60, 2857 MHz, 243.01 W
2026/08/17 19:10:30.364, 61, 2857 MHz, 243.99 W
2026/08/17 19:10:31.408, 61, 2850 MHz, 244.02 W
2026/08/17 19:10:32.451, 66, 2842 MHz, 255.38 W
2026/08/17 19:10:33.494, 61, 2842 MHz, 254.73 W
2026/08/17 19:10:34.537, 61, 2842 MHz, 239.54 W
2026/08/17 19:10:35.580, 61, 2842 MHz, 240.70 W
2026/08/17 19:10:36.623, 61, 2842 MHz, 240.43 W
2026/08/17 19:10:37.666, 61, 2842 MHz, 240.08 W
2026/08/17 19:10:38.709, 61, 2842 MHz, 241.40 W
2026/08/17 19:10:39.752, 61, 2842 MHz, 239.74 W
2026/08/17 19:10:40.794, 62, 2842 MHz, 243.02 W
2026/08/17 19:10:41.838, 61, 2842 MHz, 234.63 W
2026/08/17 19:10:42.880, 62, 2842 MHz, 237.39 W
2026/08/17 19:10:42.642, 62, 2842 MHz, 237.43 W
2026/08/17 19:10:43.685, 62, 2842 MHz, 240.60 W
2026/08/17 19:10:44.727, 62, 2842 MHz, 243.44 W
2026/08/17 19:10:45.769, 62, 2842 MHz, 245.00 W
2026/08/17 19:10:46.812, 63, 2842 MHz, 245.45 W
2026/08/17 19:10:47.854, 63, 2842 MHz, 245.88 W
2026/08/17 19:10:48.896, 63, 2842 MHz, 244.24 W
2026/08/17 19:10:49.938, 63, 2842 MHz, 245.99 W
2026/08/17 19:10:50.983, 63, 2842 MHz, 245.92 W
2026/08/17 19:10:52.029, 63, 2842 MHz, 244.34 W
2026/08/17 19:10:53.073, 64, 2835 MHz, 262.61 W
2026/08/17 19:10:54.118, 63, 2842 MHz, 239.33 W
2026/08/17 19:10:55.163, 63, 2842 MHz, 238.99 W
2026/08/17 19:10:56.208, 63, 2842 MHz, 241.45 W
2026/08/17 19:10:57.252, 63, 2842 MHz, 240.31 W
2026/08/17 19:10:58.298, 63, 2842 MHz, 240.86 W
2026/08/17 19:10:59.347, 63, 2842 MHz, 242.70 W
2026/08/17 19:11:00.395, 64, 2842 MHz, 243.85 W
2026/08/17 19:11:01.442, 64, 2842 MHz, 244.87 W
2026/08/17 19:11:02.490, 64, 2842 MHz, 245.93 W
2026/08/17 19:11:03.537, 64, 2842 MHz, 242.85 W
2026/08/17 19:11:04.585, 64, 2842 MHz, 242.13 W
2026/08/17 19:11:05.633, 64, 2842 MHz, 244.67 W
2026/08/17 19:11:06.677, 64, 2842 MHz, 246.19 W
2026/08/17 19:11:07.720, 64, 2842 MHz, 246.12 W
2026/08/17 19:11:08.763, 64, 2842 MHz, 246.12 W
2026/08/17 19:11:09.805, 64, 2842 MHz, 246.91 W
2026/08/17 19:11:10.847, 64, 2842 MHz, 245.68 W
2026/08/17 19:11:11.890, 64, 2842 MHz, 246.58 W
2026/08/17 19:11:12.932, 65, 2842 MHz, 246.87 W
2026/08/17 19:11:13.974, 65, 2842 MHz, 257.26 W
2026/08/17 19:11:13.681, 65, 2842 MHz, 253.55 W
2026/08/17 19:11:14.720, 65, 2842 MHz, 243.14 W
2026/08/17 19:11:15.759, 64, 2842 MHz, 240.08 W
2026/08/17 19:11:16.799, 65, 2842 MHz, 242.36 W
2026/08/17 19:11:17.838, 65, 2842 MHz, 241.54 W
2026/08/17 19:11:18.877, 64, 2842 MHz, 242.97 W
2026/08/17 19:11:19.916, 65, 2842 MHz, 245.20 W
2026/08/17 19:11:20.956, 65, 2842 MHz, 245.32 W
2026/08/17 19:11:21.995, 65, 2842 MHz, 245.36 W
2026/08/17 19:11:23.053, 65, 2842 MHz, 245.34 W
2026/08/17 19:11:24.110, 65, 2842 MHz, 245.99 W
2026/08/17 19:11:25.166, 65, 2842 MHz, 246.57 W
2026/08/17 19:11:26.224, 65, 2842 MHz, 245.51 W
2026/08/17 19:11:27.281, 65, 2842 MHz, 246.34 W
2026/08/17 19:11:28.339, 65, 2842 MHz, 244.68 W
2026/08/17 19:11:29.396, 65, 2842 MHz, 245.71 W
2026/08/17 19:11:30.450, 65, 2842 MHz, 245.73 W
2026/08/17 19:11:31.498, 65, 2842 MHz, 248.56 W
2026/08/17 19:11:32.547, 65, 2842 MHz, 248.59 W
2026/08/17 19:11:33.595, 65, 2842 MHz, 248.58 W
2026/08/17 19:11:34.644, 66, 2827 MHz, 264.86 W
2026/08/17 19:11:35.691, 65, 2842 MHz, 242.14 W
2026/08/17 19:11:36.739, 65, 2842 MHz, 242.27 W
2026/08/17 19:11:37.787, 65, 2842 MHz, 243.53 W
2026/08/17 19:11:38.830, 65, 2842 MHz, 243.43 W
2026/08/17 19:11:39.871, 65, 2842 MHz, 244.08 W
2026/08/17 19:11:40.913, 65, 2842 MHz, 245.13 W
2026/08/17 19:11:41.954, 65, 2842 MHz, 244.89 W
2026/08/17 19:11:42.995, 65, 2842 MHz, 243.08 W
2026/08/17 19:11:44.036, 65, 2842 MHz, 244.71 W
2026/08/17 19:11:45.077, 65, 2842 MHz, 246.43 W
2026/08/17 19:11:44.727, 65, 2842 MHz, 246.19 W
2026/08/17 19:11:45.768, 65, 2842 MHz, 247.04 W
2026/08/17 19:11:46.800, 65, 2842 MHz, 247.62 W
2026/08/17 19:11:47.829, 65, 2842 MHz, 248.13 W
2026/08/17 19:11:48.859, 65, 2842 MHz, 248.49 W
2026/08/17 19:11:49.888, 65, 2842 MHz, 248.23 W
2026/08/17 19:11:50.917, 65, 2842 MHz, 248.31 W
2026/08/17 19:11:51.946, 65, 2842 MHz, 247.85 W
2026/08/17 19:11:52.975, 65, 2842 MHz, 248.12 W
2026/08/17 19:11:54.004, 69, 2842 MHz, 265.11 W
2026/08/17 19:11:55.070, 65, 2842 MHz, 250.62 W
2026/08/17 19:11:56.140, 65, 2842 MHz, 243.91 W
2026/08/17 19:11:57.210, 65, 2842 MHz, 244.30 W
2026/08/17 19:11:58.280, 65, 2842 MHz, 244.54 W
2026/08/17 19:11:59.350, 65, 2842 MHz, 243.77 W
2026/08/17 19:12:00.411, 65, 2842 MHz, 244.05 W
2026/08/17 19:12:01.453, 65, 2842 MHz, 244.85 W
2026/08/17 19:12:02.496, 65, 2842 MHz, 246.25 W
2026/08/17 19:12:03.539, 65, 2842 MHz, 246.60 W
2026/08/17 19:12:04.581, 65, 2842 MHz, 246.54 W
2026/08/17 19:12:05.623, 65, 2842 MHz, 246.06 W
2026/08/17 19:12:06.666, 65, 2842 MHz, 247.15 W
2026/08/17 19:12:07.708, 65, 2842 MHz, 247.36 W
2026/08/17 19:12:08.750, 65, 2842 MHz, 247.09 W
2026/08/17 19:12:09.793, 65, 2842 MHz, 247.85 W
2026/08/17 19:12:10.835, 65, 2842 MHz, 248.23 W
2026/08/17 19:12:11.877, 65, 2842 MHz, 247.71 W
2026/08/17 19:12:12.920, 65, 2842 MHz, 247.20 W
2026/08/17 19:12:13.962, 65, 2842 MHz, 247.61 W
2026/08/17 19:12:15.004, 65, 2842 MHz, 248.69 W
2026/08/17 19:12:16.046, 65, 2842 MHz, 262.05 W
2026/08/17 19:12:15.773, 65, 2842 MHz, 243.19 W
2026/08/17 19:12:16.815, 65, 2842 MHz, 243.49 W
2026/08/17 19:12:17.858, 65, 2842 MHz, 243.35 W
2026/08/17 19:12:18.900, 65, 2842 MHz, 242.04 W
2026/08/17 19:12:19.942, 65, 2842 MHz, 243.05 W
2026/08/17 19:12:20.984, 65, 2842 MHz, 244.09 W
2026/08/17 19:12:22.027, 65, 2842 MHz, 245.20 W
2026/08/17 19:12:23.069, 65, 2842 MHz, 246.24 W
2026/08/17 19:12:24.112, 65, 2842 MHz, 246.41 W
2026/08/17 19:12:25.154, 65, 2842 MHz, 245.08 W
2026/08/17 19:12:26.197, 65, 2842 MHz, 245.43 W
2026/08/17 19:12:27.239, 65, 2842 MHz, 246.42 W
2026/08/17 19:12:28.282, 65, 2842 MHz, 246.38 W
2026/08/17 19:12:29.324, 65, 2842 MHz, 247.32 W
2026/08/17 19:12:30.367, 65, 2842 MHz, 247.34 W
2026/08/17 19:12:31.409, 65, 2842 MHz, 247.96 W
2026/08/17 19:12:32.451, 65, 2842 MHz, 247.51 W
2026/08/17 19:12:33.493, 65, 2842 MHz, 248.29 W
2026/08/17 19:12:34.535, 65, 2842 MHz, 247.97 W
2026/08/17 19:12:35.577, 73, 2835 MHz, 265.16 W
2026/08/17 19:12:36.620, 65, 2842 MHz, 243.12 W
2026/08/17 19:12:37.663, 65, 2842 MHz, 243.94 W
2026/08/17 19:12:38.706, 65, 2842 MHz, 244.46 W
2026/08/17 19:12:39.748, 65, 2842 MHz, 242.75 W
2026/08/17 19:12:40.791, 65, 2842 MHz, 242.82 W
2026/08/17 19:12:41.834, 65, 2842 MHz, 244.01 W
2026/08/17 19:12:42.876, 65, 2842 MHz, 244.92 W
2026/08/17 19:12:43.919, 65, 2842 MHz, 245.13 W
2026/08/17 19:12:44.962, 65, 2842 MHz, 246.39 W
2026/08/17 19:12:46.004, 65, 2842 MHz, 239.51 W
2026/08/17 19:12:47.047, 65, 2842 MHz, 241.60 W
2026/08/17 19:12:46.813, 65, 2842 MHz, 243.01 W
2026/08/17 19:12:47.855, 65, 2842 MHz, 246.64 W
2026/08/17 19:12:48.898, 65, 2842 MHz, 243.35 W
2026/08/17 19:12:49.942, 65, 2842 MHz, 246.33 W
2026/08/17 19:12:50.984, 65, 2842 MHz, 246.81 W
2026/08/17 19:12:52.026, 65, 2842 MHz, 245.74 W
2026/08/17 19:12:53.068, 65, 2842 MHz, 245.92 W
2026/08/17 19:12:54.111, 65, 2842 MHz, 246.51 W
2026/08/17 19:12:55.154, 65, 2842 MHz, 246.31 W
2026/08/17 19:12:56.196, 65, 2835 MHz, 262.13 W
2026/08/17 19:12:57.239, 65, 2842 MHz, 242.52 W
2026/08/17 19:12:58.282, 65, 2842 MHz, 244.15 W
2026/08/17 19:12:59.324, 65, 2842 MHz, 244.53 W
2026/08/17 19:13:00.368, 65, 2842 MHz, 243.17 W
2026/08/17 19:13:01.411, 65, 2842 MHz, 244.38 W
2026/08/17 19:13:02.454, 65, 2842 MHz, 245.02 W
2026/08/17 19:13:03.497, 65, 2842 MHz, 245.89 W
2026/08/17 19:13:04.541, 65, 2842 MHz, 246.61 W
2026/08/17 19:13:05.584, 65, 2842 MHz, 246.58 W
2026/08/17 19:13:06.629, 65, 2842 MHz, 246.29 W
2026/08/17 19:13:07.672, 65, 2842 MHz, 246.32 W
2026/08/17 19:13:08.716, 65, 2842 MHz, 247.07 W
2026/08/17 19:13:09.759, 65, 2842 MHz, 247.60 W
2026/08/17 19:13:10.802, 65, 2842 MHz, 247.55 W
2026/08/17 19:13:11.846, 65, 2842 MHz, 248.79 W
2026/08/17 19:13:12.889, 65, 2842 MHz, 248.38 W
2026/08/17 19:13:13.932, 65, 2842 MHz, 247.97 W
2026/08/17 19:13:14.976, 65, 2842 MHz, 247.00 W
2026/08/17 19:13:16.019, 65, 2842 MHz, 246.48 W
2026/08/17 19:13:17.063, 73, 2835 MHz, 264.26 W
2026/08/17 19:13:18.105, 65, 2842 MHz, 242.77 W
2026/08/17 19:13:17.853, 65, 2842 MHz, 243.10 W
2026/08/17 19:13:18.895, 65, 2842 MHz, 244.31 W
2026/08/17 19:13:19.939, 65, 2842 MHz, 238.54 W
2026/08/17 19:13:20.982, 65, 2842 MHz, 240.99 W
2026/08/17 19:13:22.025, 65, 2842 MHz, 242.59 W
2026/08/17 19:13:23.067, 65, 2842 MHz, 242.87 W
2026/08/17 19:13:24.110, 65, 2842 MHz, 244.28 W
2026/08/17 19:13:25.153, 65, 2842 MHz, 243.96 W
2026/08/17 19:13:26.198, 65, 2842 MHz, 244.45 W
2026/08/17 19:13:27.243, 65, 2842 MHz, 243.98 W
2026/08/17 19:13:28.287, 65, 2842 MHz, 244.88 W
2026/08/17 19:13:29.332, 65, 2842 MHz, 245.43 W
2026/08/17 19:13:30.376, 65, 2842 MHz, 245.80 W
2026/08/17 19:13:31.420, 65, 2842 MHz, 248.26 W
2026/08/17 19:13:32.464, 65, 2842 MHz, 248.51 W
2026/08/17 19:13:33.508, 65, 2842 MHz, 246.98 W
2026/08/17 19:13:34.552, 65, 2842 MHz, 246.04 W
2026/08/17 19:13:35.597, 65, 2842 MHz, 246.91 W
2026/08/17 19:13:36.641, 65, 2842 MHz, 248.43 W
2026/08/17 19:13:37.685, 65, 2842 MHz, 263.45 W
2026/08/17 19:13:38.729, 65, 2842 MHz, 243.62 W
2026/08/17 19:13:39.773, 65, 2842 MHz, 244.03 W
2026/08/17 19:13:40.817, 65, 2842 MHz, 244.25 W
2026/08/17 19:13:41.861, 65, 2842 MHz, 241.61 W
2026/08/17 19:13:42.904, 65, 2842 MHz, 242.55 W
2026/08/17 19:13:43.947, 65, 2842 MHz, 243.46 W
2026/08/17 19:13:44.989, 65, 2842 MHz, 243.88 W
2026/08/17 19:13:46.032, 65, 2842 MHz, 244.41 W
2026/08/17 19:13:47.075, 65, 2842 MHz, 244.88 W
2026/08/17 19:13:48.118, 65, 2842 MHz, 246.05 W
2026/08/17 19:13:49.161, 65, 2842 MHz, 246.82 W
2026/08/17 19:13:48.895, 65, 2842 MHz, 247.63 W
2026/08/17 19:13:49.938, 65, 2842 MHz, 247.54 W
2026/08/17 19:13:50.980, 65, 2842 MHz, 248.32 W
2026/08/17 19:13:52.022, 65, 2842 MHz, 248.64 W
2026/08/17 19:13:53.063, 65, 2842 MHz, 248.46 W
2026/08/17 19:13:54.105, 65, 2842 MHz, 248.02 W
2026/08/17 19:13:55.148, 65, 2842 MHz, 248.22 W
2026/08/17 19:13:56.189, 65, 2842 MHz, 249.37 W
2026/08/17 19:13:57.231, 73, 2835 MHz, 264.70 W
2026/08/17 19:13:58.274, 65, 2842 MHz, 243.62 W
2026/08/17 19:13:59.320, 65, 2842 MHz, 244.16 W
2026/08/17 19:14:00.365, 65, 2842 MHz, 244.65 W
2026/08/17 19:14:01.410, 65, 2842 MHz, 244.07 W
2026/08/17 19:14:02.455, 65, 2842 MHz, 244.19 W
2026/08/17 19:14:03.500, 65, 2842 MHz, 245.34 W
2026/08/17 19:14:04.545, 65, 2842 MHz, 245.88 W
2026/08/17 19:14:05.589, 65, 2842 MHz, 246.50 W
2026/08/17 19:14:06.636, 65, 2842 MHz, 247.40 W
2026/08/17 19:14:07.682, 65, 2842 MHz, 246.88 W
2026/08/17 19:14:08.728, 65, 2842 MHz, 246.43 W
2026/08/17 19:14:09.775, 65, 2842 MHz, 247.30 W
2026/08/17 19:14:10.821, 65, 2842 MHz, 247.54 W
2026/08/17 19:14:11.868, 65, 2842 MHz, 248.21 W
2026/08/17 19:14:12.914, 65, 2842 MHz, 248.75 W
2026/08/17 19:14:13.960, 65, 2842 MHz, 248.93 W
2026/08/17 19:14:15.004, 65, 2842 MHz, 248.48 W
2026/08/17 19:14:16.046, 65, 2842 MHz, 248.78 W
2026/08/17 19:14:17.088, 65, 2842 MHz, 249.48 W
2026/08/17 19:14:18.131, 65, 2842 MHz, 259.54 W
2026/08/17 19:14:19.174, 65, 2842 MHz, 249.12 W
2026/08/17 19:14:18.896, 65, 2842 MHz, 244.10 W
2026/08/17 19:14:19.939, 65, 2842 MHz, 244.49 W
2026/08/17 19:14:20.981, 65, 2842 MHz, 244.86 W
2026/08/17 19:14:22.023, 65, 2842 MHz, 244.06 W
2026/08/17 19:14:23.065, 65, 2842 MHz, 245.13 W
2026/08/17 19:14:24.108, 65, 2842 MHz, 246.07 W
2026/08/17 19:14:25.151, 65, 2842 MHz, 246.16 W
2026/08/17 19:14:26.192, 65, 2842 MHz, 247.16 W
2026/08/17 19:14:27.235, 65, 2842 MHz, 247.35 W
2026/08/17 19:14:28.277, 65, 2842 MHz, 246.21 W
2026/08/17 19:14:29.320, 65, 2842 MHz, 247.27 W
2026/08/17 19:14:30.362, 65, 2842 MHz, 247.31 W
2026/08/17 19:14:31.405, 65, 2842 MHz, 248.06 W
2026/08/17 19:14:32.448, 65, 2842 MHz, 248.36 W
2026/08/17 19:14:33.491, 65, 2842 MHz, 248.57 W
2026/08/17 19:14:34.535, 65, 2842 MHz, 248.48 W
2026/08/17 19:14:35.578, 65, 2842 MHz, 248.39 W
2026/08/17 19:14:36.621, 65, 2842 MHz, 249.41 W
2026/08/17 19:14:37.663, 65, 2842 MHz, 249.81 W
2026/08/17 19:14:38.706, 66, 2827 MHz, 263.95 W
2026/08/17 19:14:39.749, 65, 2842 MHz, 244.28 W
2026/08/17 19:14:40.792, 65, 2842 MHz, 244.57 W
2026/08/17 19:14:41.836, 65, 2842 MHz, 245.06 W
2026/08/17 19:14:42.879, 65, 2842 MHz, 243.56 W
2026/08/17 19:14:43.922, 65, 2842 MHz, 244.94 W
2026/08/17 19:14:44.965, 65, 2842 MHz, 245.60 W
2026/08/17 19:14:46.008, 65, 2842 MHz, 245.91 W
2026/08/17 19:14:47.051, 65, 2842 MHz, 247.00 W
2026/08/17 19:14:48.094, 65, 2842 MHz, 247.40 W
2026/08/17 19:14:49.138, 65, 2842 MHz, 246.52 W
2026/08/17 19:14:50.181, 65, 2842 MHz, 247.01 W
2026/08/17 19:14:49.938, 65, 2842 MHz, 247.44 W
2026/08/17 19:14:50.980, 65, 2842 MHz, 247.95 W
2026/08/17 19:14:52.023, 65, 2842 MHz, 248.33 W
2026/08/17 19:14:53.066, 65, 2842 MHz, 248.91 W
2026/08/17 19:14:54.110, 65, 2842 MHz, 248.68 W
2026/08/17 19:14:55.153, 65, 2842 MHz, 248.26 W
2026/08/17 19:14:56.199, 65, 2842 MHz, 249.26 W
2026/08/17 19:14:57.244, 65, 2842 MHz, 249.35 W
2026/08/17 19:14:58.290, 73, 2842 MHz, 266.17 W
2026/08/17 19:14:59.335, 65, 2842 MHz, 244.12 W
2026/08/17 19:15:00.381, 65, 2842 MHz, 244.15 W
2026/08/17 19:15:01.427, 65, 2842 MHz, 245.11 W
2026/08/17 19:15:02.472, 65, 2842 MHz, 244.22 W
2026/08/17 19:15:03.517, 65, 2842 MHz, 244.56 W
2026/08/17 19:15:04.562, 65, 2842 MHz, 245.51 W
2026/08/17 19:15:05.607, 65, 2842 MHz, 245.72 W
2026/08/17 19:15:06.652, 65, 2842 MHz, 246.69 W
2026/08/17 19:15:07.697, 65, 2842 MHz, 246.67 W
2026/08/17 19:15:08.742, 65, 2842 MHz, 246.34 W
2026/08/17 19:15:09.787, 65, 2842 MHz, 246.22 W
2026/08/17 19:15:10.831, 65, 2842 MHz, 246.54 W
2026/08/17 19:15:11.876, 65, 2842 MHz, 247.28 W
2026/08/17 19:15:12.920, 65, 2842 MHz, 247.84 W
2026/08/17 19:15:13.963, 65, 2842 MHz, 248.15 W
2026/08/17 19:15:15.007, 65, 2842 MHz, 248.33 W
2026/08/17 19:15:16.051, 65, 2842 MHz, 247.71 W
2026/08/17 19:15:17.095, 65, 2842 MHz, 248.60 W
2026/08/17 19:15:18.140, 65, 2842 MHz, 249.13 W
2026/08/17 19:15:19.184, 65, 2842 MHz, 261.85 W
2026/08/17 19:15:20.227, 65, 2842 MHz, 249.18 W
2026/08/17 19:15:21.272, 65, 2842 MHz, 243.94 W
2026/08/17 19:15:20.984, 65, 2842 MHz, 244.47 W
2026/08/17 19:15:22.026, 65, 2842 MHz, 244.41 W
2026/08/17 19:15:23.069, 65, 2842 MHz, 243.71 W
2026/08/17 19:15:24.112, 65, 2842 MHz, 245.17 W
2026/08/17 19:15:25.154, 65, 2842 MHz, 245.30 W
2026/08/17 19:15:26.197, 65, 2842 MHz, 245.94 W
2026/08/17 19:15:27.240, 65, 2842 MHz, 246.87 W
2026/08/17 19:15:28.282, 65, 2842 MHz, 247.11 W
2026/08/17 19:15:29.325, 65, 2842 MHz, 246.19 W
2026/08/17 19:15:30.368, 65, 2842 MHz, 246.65 W
2026/08/17 19:15:31.411, 65, 2842 MHz, 247.14 W
2026/08/17 19:15:32.455, 65, 2842 MHz, 247.60 W
2026/08/17 19:15:33.498, 65, 2842 MHz, 247.99 W
2026/08/17 19:15:34.542, 65, 2842 MHz, 248.44 W
2026/08/17 19:15:35.584, 65, 2842 MHz, 247.81 W
2026/08/17 19:15:36.628, 65, 2842 MHz, 247.86 W
2026/08/17 19:15:37.672, 65, 2842 MHz, 248.78 W
2026/08/17 19:15:38.716, 65, 2842 MHz, 249.06 W
2026/08/17 19:15:39.760, 66, 2820 MHz, 263.29 W
2026/08/17 19:15:40.804, 65, 2842 MHz, 243.36 W
2026/08/17 19:15:41.848, 65, 2842 MHz, 244.07 W
2026/08/17 19:15:42.892, 65, 2842 MHz, 244.83 W
2026/08/17 19:15:43.936, 65, 2842 MHz, 243.75 W
2026/08/17 19:15:44.980, 65, 2842 MHz, 244.56 W
2026/08/17 19:15:46.024, 65, 2842 MHz, 244.95 W
2026/08/17 19:15:47.067, 65, 2842 MHz, 246.04 W
2026/08/17 19:15:48.110, 65, 2842 MHz, 246.63 W
2026/08/17 19:15:49.154, 65, 2842 MHz, 247.28 W
2026/08/17 19:15:50.198, 65, 2842 MHz, 246.40 W
2026/08/17 19:15:51.240, 65, 2842 MHz, 246.30 W
2026/08/17 19:15:52.284, 65, 2842 MHz, 247.33 W
2026/08/17 19:15:52.026, 65, 2842 MHz, 247.79 W
2026/08/17 19:15:53.068, 65, 2842 MHz, 248.12 W
2026/08/17 19:15:54.110, 65, 2842 MHz, 248.42 W
2026/08/17 19:15:55.152, 65, 2842 MHz, 247.70 W
2026/08/17 19:15:56.195, 65, 2842 MHz, 248.15 W
2026/08/17 19:15:57.237, 65, 2842 MHz, 248.81 W
2026/08/17 19:15:58.280, 65, 2842 MHz, 249.33 W
2026/08/17 19:15:59.322, 72, 2842 MHz, 265.51 W
2026/08/17 19:16:00.365, 65, 2842 MHz, 243.12 W
2026/08/17 19:16:01.410, 65, 2842 MHz, 243.91 W
2026/08/17 19:16:02.455, 65, 2842 MHz, 244.52 W
2026/08/17 19:16:03.499, 65, 2842 MHz, 243.61 W
2026/08/17 19:16:04.543, 65, 2842 MHz, 243.84 W
2026/08/17 19:16:05.588, 65, 2842 MHz, 244.29 W
2026/08/17 19:16:06.633, 65, 2842 MHz, 245.69 W
2026/08/17 19:16:07.678, 65, 2842 MHz, 246.23 W
2026/08/17 19:16:08.724, 65, 2842 MHz, 246.73 W
2026/08/17 19:16:09.770, 65, 2842 MHz, 246.03 W
2026/08/17 19:16:10.816, 65, 2842 MHz, 245.60 W
2026/08/17 19:16:11.862, 65, 2842 MHz, 247.21 W
2026/08/17 19:16:12.908, 65, 2842 MHz, 247.82 W
2026/08/17 19:16:13.955, 65, 2842 MHz, 248.18 W
2026/08/17 19:16:15.001, 65, 2842 MHz, 248.41 W
2026/08/17 19:16:16.047, 65, 2842 MHz, 248.38 W
2026/08/17 19:16:17.091, 65, 2842 MHz, 248.08 W
2026/08/17 19:16:18.134, 65, 2842 MHz, 248.46 W
2026/08/17 19:16:19.178, 65, 2842 MHz, 249.10 W
2026/08/17 19:16:20.220, 65, 2842 MHz, 264.19 W
2026/08/17 19:16:21.264, 65, 2842 MHz, 249.43 W
2026/08/17 19:16:22.307, 65, 2842 MHz, 242.90 W
2026/08/17 19:16:23.350, 65, 2842 MHz, 243.28 W
2026/08/17 19:16:23.064, 65, 2842 MHz, 244.00 W
2026/08/17 19:16:24.107, 65, 2842 MHz, 244.03 W
2026/08/17 19:16:25.149, 65, 2842 MHz, 243.03 W
2026/08/17 19:16:26.190, 65, 2842 MHz, 243.07 W
2026/08/17 19:16:27.233, 65, 2842 MHz, 243.71 W
2026/08/17 19:16:28.275, 65, 2842 MHz, 244.25 W
2026/08/17 19:16:29.316, 65, 2842 MHz, 243.73 W
2026/08/17 19:16:30.358, 65, 2842 MHz, 242.27 W
2026/08/17 19:16:31.400, 65, 2842 MHz, 242.64 W
2026/08/17 19:16:32.441, 65, 2842 MHz, 243.47 W
2026/08/17 19:16:33.487, 65, 2842 MHz, 244.10 W
2026/08/17 19:16:34.535, 65, 2842 MHz, 244.53 W
2026/08/17 19:16:35.583, 65, 2842 MHz, 244.40 W
2026/08/17 19:16:36.630, 65, 2842 MHz, 242.14 W
2026/08/17 19:16:37.678, 65, 2842 MHz, 243.00 W
2026/08/17 19:16:38.726, 65, 2842 MHz, 243.86 W
2026/08/17 19:16:39.773, 58, 2850 MHz, 202.50 W
2026/08/17 19:16:40.820, 56, 2857 MHz, 66.49 W
2026/08/17 19:16:41.870, 53, 690 MHz, 53.27 W
2026/08/17 19:16:42.919, 53, 435 MHz, 35.92 W
2026/08/17 19:16:43.968, 52, 300 MHz, 35.20 W
2026/08/17 19:16:45.018, 51, 172 MHz, 28.12 W
2026/08/17 19:16:46.068, 51, 180 MHz, 24.53 W
2026/08/17 19:16:47.117, 51, 180 MHz, 25.25 W
2026/08/17 19:16:48.167, 60, 2857 MHz, 118.73 W
2026/08/17 19:16:49.217, 61, 2857 MHz, 227.67 W
2026/08/17 19:16:50.259, 61, 2850 MHz, 228.85 W
2026/08/17 19:16:51.301, 61, 2842 MHz, 229.27 W
2026/08/17 19:16:52.343, 61, 2842 MHz, 230.00 W
2026/08/17 19:16:53.386, 61, 2842 MHz, 229.98 W
2026/08/17 19:16:54.427, 62, 2842 MHz, 230.69 W
2026/08/17 19:16:54.107, 62, 2842 MHz, 229.59 W
2026/08/17 19:16:55.149, 62, 2842 MHz, 229.64 W
2026/08/17 19:16:56.192, 62, 2842 MHz, 230.39 W
2026/08/17 19:16:57.234, 62, 2842 MHz, 230.82 W
2026/08/17 19:16:58.276, 62, 2842 MHz, 231.46 W
2026/08/17 19:16:59.318, 63, 2842 MHz, 232.18 W
2026/08/17 19:17:00.361, 63, 2842 MHz, 232.53 W
2026/08/17 19:17:01.403, 63, 2842 MHz, 232.67 W
2026/08/17 19:17:02.445, 63, 2842 MHz, 232.81 W
2026/08/17 19:17:03.487, 63, 2842 MHz, 232.39 W
2026/08/17 19:17:04.530, 63, 2842 MHz, 231.59 W
2026/08/17 19:17:05.572, 67, 2842 MHz, 245.12 W
2026/08/17 19:17:06.616, 64, 2842 MHz, 242.13 W
2026/08/17 19:17:07.659, 64, 2842 MHz, 242.00 W
2026/08/17 19:17:08.702, 64, 2842 MHz, 243.22 W
2026/08/17 19:17:09.747, 64, 2842 MHz, 243.22 W
2026/08/17 19:17:10.790, 64, 2842 MHz, 242.88 W
2026/08/17 19:17:11.833, 65, 2842 MHz, 243.93 W
2026/08/17 19:17:12.877, 65, 2842 MHz, 244.42 W
2026/08/17 19:17:13.920, 65, 2842 MHz, 245.53 W
2026/08/17 19:17:14.964, 65, 2842 MHz, 246.23 W
2026/08/17 19:17:16.008, 65, 2842 MHz, 246.37 W
2026/08/17 19:17:17.052, 65, 2842 MHz, 245.92 W
2026/08/17 19:17:18.095, 65, 2842 MHz, 246.21 W
2026/08/17 19:17:19.139, 65, 2842 MHz, 247.25 W
2026/08/17 19:17:20.183, 66, 2842 MHz, 247.90 W
2026/08/17 19:17:21.227, 65, 2842 MHz, 248.44 W
2026/08/17 19:17:22.270, 66, 2842 MHz, 248.93 W
2026/08/17 19:17:23.313, 66, 2842 MHz, 248.21 W
2026/08/17 19:17:24.356, 66, 2842 MHz, 249.12 W
2026/08/17 19:17:25.400, 66, 2842 MHz, 249.41 W
2026/08/17 19:17:25.153, 66, 2842 MHz, 249.54 W
2026/08/17 19:17:26.196, 66, 2842 MHz, 265.04 W
2026/08/17 19:17:27.239, 65, 2842 MHz, 243.77 W
2026/08/17 19:17:28.282, 65, 2842 MHz, 245.21 W
2026/08/17 19:17:29.325, 65, 2842 MHz, 245.41 W
2026/08/17 19:17:30.369, 65, 2842 MHz, 244.36 W
2026/08/17 19:17:31.411, 65, 2842 MHz, 245.70 W
2026/08/17 19:17:32.455, 65, 2842 MHz, 245.73 W
2026/08/17 19:17:33.499, 65, 2842 MHz, 246.98 W
2026/08/17 19:17:34.541, 65, 2842 MHz, 247.41 W
2026/08/17 19:17:35.585, 65, 2842 MHz, 247.84 W
2026/08/17 19:17:36.628, 65, 2842 MHz, 246.70 W
2026/08/17 19:17:37.671, 65, 2842 MHz, 247.00 W
2026/08/17 19:17:38.715, 65, 2842 MHz, 247.62 W
2026/08/17 19:17:39.759, 65, 2842 MHz, 248.14 W
2026/08/17 19:17:40.803, 65, 2842 MHz, 248.35 W
2026/08/17 19:17:41.847, 65, 2842 MHz, 248.48 W
2026/08/17 19:17:42.891, 65, 2842 MHz, 247.85 W
2026/08/17 19:17:43.936, 65, 2842 MHz, 248.10 W
2026/08/17 19:17:44.980, 65, 2842 MHz, 248.66 W
2026/08/17 19:17:46.025, 65, 2842 MHz, 248.84 W
2026/08/17 19:17:47.069, 65, 2827 MHz, 263.19 W
2026/08/17 19:17:48.113, 64, 2842 MHz, 243.22 W
2026/08/17 19:17:49.156, 64, 2842 MHz, 243.98 W
2026/08/17 19:17:50.200, 64, 2842 MHz, 244.57 W
2026/08/17 19:17:51.244, 64, 2842 MHz, 243.73 W
2026/08/17 19:17:52.288, 64, 2842 MHz, 243.63 W
2026/08/17 19:17:53.332, 64, 2842 MHz, 244.23 W
2026/08/17 19:17:54.375, 64, 2842 MHz, 244.84 W
2026/08/17 19:17:55.419, 64, 2842 MHz, 245.84 W
2026/08/17 19:17:56.462, 64, 2842 MHz, 246.50 W
2026/08/17 19:17:56.195, 64, 2842 MHz, 245.53 W
2026/08/17 19:17:57.238, 64, 2842 MHz, 245.48 W
2026/08/17 19:17:58.281, 64, 2842 MHz, 246.53 W
2026/08/17 19:17:59.324, 64, 2842 MHz, 247.11 W
2026/08/17 19:18:00.367, 64, 2842 MHz, 247.55 W
2026/08/17 19:18:01.410, 64, 2842 MHz, 247.29 W
2026/08/17 19:18:02.453, 64, 2842 MHz, 247.10 W
2026/08/17 19:18:03.496, 64, 2842 MHz, 246.82 W
2026/08/17 19:18:04.539, 64, 2842 MHz, 247.15 W
2026/08/17 19:18:05.582, 64, 2842 MHz, 247.21 W
2026/08/17 19:18:06.625, 72, 2835 MHz, 265.21 W
2026/08/17 19:18:07.669, 64, 2842 MHz, 244.98 W
2026/08/17 19:18:08.712, 63, 2842 MHz, 242.87 W
2026/08/17 19:18:09.754, 63, 2842 MHz, 243.53 W
2026/08/17 19:18:10.798, 63, 2842 MHz, 242.74 W
2026/08/17 19:18:11.842, 63, 2842 MHz, 242.40 W
2026/08/17 19:18:12.886, 63, 2842 MHz, 243.38 W
2026/08/17 19:18:13.931, 63, 2842 MHz, 244.38 W
2026/08/17 19:18:14.975, 63, 2842 MHz, 245.16 W
2026/08/17 19:18:16.019, 63, 2842 MHz, 245.52 W
2026/08/17 19:18:17.063, 63, 2842 MHz, 245.57 W
2026/08/17 19:18:18.107, 63, 2842 MHz, 244.51 W
2026/08/17 19:18:19.151, 63, 2842 MHz, 246.10 W
2026/08/17 19:18:20.195, 63, 2842 MHz, 246.51 W
2026/08/17 19:18:21.239, 63, 2842 MHz, 246.48 W
2026/08/17 19:18:22.282, 63, 2842 MHz, 246.98 W
2026/08/17 19:18:23.326, 63, 2842 MHz, 246.76 W
2026/08/17 19:18:24.370, 63, 2842 MHz, 246.44 W
2026/08/17 19:18:25.414, 63, 2842 MHz, 246.85 W
2026/08/17 19:18:26.457, 63, 2842 MHz, 247.01 W
2026/08/17 19:18:27.500, 63, 2842 MHz, 247.58 W
2026/08/17 19:18:27.236, 63, 2842 MHz, 260.26 W
2026/08/17 19:18:28.279, 63, 2842 MHz, 242.29 W
2026/08/17 19:18:29.322, 63, 2842 MHz, 242.87 W
2026/08/17 19:18:30.364, 63, 2842 MHz, 243.21 W
2026/08/17 19:18:31.407, 63, 2842 MHz, 241.79 W
2026/08/17 19:18:32.450, 63, 2842 MHz, 242.76 W
2026/08/17 19:18:33.493, 63, 2842 MHz, 243.85 W
2026/08/17 19:18:34.536, 63, 2842 MHz, 244.30 W
2026/08/17 19:18:35.581, 63, 2842 MHz, 244.66 W
2026/08/17 19:18:36.625, 63, 2842 MHz, 245.14 W
2026/08/17 19:18:37.670, 63, 2842 MHz, 243.71 W
2026/08/17 19:18:38.714, 63, 2842 MHz, 245.02 W
2026/08/17 19:18:39.759, 63, 2842 MHz, 245.68 W
2026/08/17 19:18:40.804, 63, 2842 MHz, 246.16 W
2026/08/17 19:18:41.849, 63, 2842 MHz, 246.04 W
2026/08/17 19:18:42.894, 63, 2842 MHz, 246.52 W
2026/08/17 19:18:43.940, 63, 2842 MHz, 246.35 W
2026/08/17 19:18:44.986, 63, 2842 MHz, 245.85 W
2026/08/17 19:18:46.033, 63, 2842 MHz, 247.02 W
2026/08/17 19:18:47.079, 63, 2842 MHz, 247.02 W
2026/08/17 19:18:48.125, 64, 2827 MHz, 261.42 W
2026/08/17 19:18:49.171, 63, 2842 MHz, 241.89 W
2026/08/17 19:18:50.217, 63, 2842 MHz, 242.34 W
2026/08/17 19:18:51.261, 63, 2842 MHz, 243.21 W
2026/08/17 19:18:52.304, 63, 2842 MHz, 241.97 W
2026/08/17 19:18:53.347, 63, 2842 MHz, 242.92 W
2026/08/17 19:18:54.390, 63, 2842 MHz, 243.56 W
2026/08/17 19:18:55.433, 63, 2842 MHz, 244.11 W
2026/08/17 19:18:56.477, 63, 2842 MHz, 244.96 W
2026/08/17 19:18:57.520, 63, 2842 MHz, 245.33 W
2026/08/17 19:18:58.564, 63, 2842 MHz, 244.93 W
2026/08/17 19:18:58.274, 63, 2842 MHz, 245.19 W
2026/08/17 19:18:59.316, 63, 2842 MHz, 245.62 W
2026/08/17 19:19:00.359, 63, 2842 MHz, 246.27 W
2026/08/17 19:19:01.401, 63, 2842 MHz, 246.35 W
2026/08/17 19:19:02.444, 63, 2842 MHz, 246.94 W
2026/08/17 19:19:03.486, 63, 2842 MHz, 246.92 W
2026/08/17 19:19:04.528, 63, 2842 MHz, 246.39 W
2026/08/17 19:19:05.571, 63, 2842 MHz, 247.02 W
2026/08/17 19:19:06.614, 63, 2842 MHz, 246.99 W
2026/08/17 19:19:07.662, 71, 2842 MHz, 265.41 W
2026/08/17 19:19:08.710, 63, 2842 MHz, 243.58 W
2026/08/17 19:19:09.757, 63, 2842 MHz, 242.60 W
2026/08/17 19:19:10.805, 63, 2842 MHz, 243.16 W
2026/08/17 19:19:11.852, 63, 2842 MHz, 242.79 W
2026/08/17 19:19:12.899, 63, 2842 MHz, 241.96 W
2026/08/17 19:19:13.946, 63, 2842 MHz, 243.40 W
2026/08/17 19:19:14.994, 63, 2842 MHz, 244.21 W
2026/08/17 19:19:16.042, 63, 2842 MHz, 244.56 W
2026/08/17 19:19:17.090, 63, 2842 MHz, 245.28 W
2026/08/17 19:19:18.138, 63, 2842 MHz, 244.92 W
2026/08/17 19:19:19.187, 63, 2842 MHz, 244.32 W
2026/08/17 19:19:20.235, 63, 2842 MHz, 245.27 W
2026/08/17 19:19:21.283, 63, 2842 MHz, 245.67 W
2026/08/17 19:19:22.331, 63, 2842 MHz, 246.26 W
2026/08/17 19:19:23.376, 63, 2842 MHz, 246.14 W
2026/08/17 19:19:24.420, 63, 2842 MHz, 246.92 W
2026/08/17 19:19:25.465, 63, 2842 MHz, 246.57 W
2026/08/17 19:19:26.509, 63, 2842 MHz, 246.92 W
2026/08/17 19:19:27.553, 64, 2842 MHz, 247.26 W
2026/08/17 19:19:28.598, 63, 2842 MHz, 247.24 W
2026/08/17 19:19:28.280, 64, 2842 MHz, 260.31 W
2026/08/17 19:19:29.324, 63, 2842 MHz, 242.02 W
2026/08/17 19:19:30.368, 63, 2842 MHz, 242.44 W
2026/08/17 19:19:31.411, 63, 2842 MHz, 242.89 W
2026/08/17 19:19:32.452, 63, 2842 MHz, 241.39 W
2026/08/17 19:19:33.495, 63, 2842 MHz, 242.85 W
2026/08/17 19:19:34.537, 63, 2842 MHz, 243.75 W
2026/08/17 19:19:35.579, 63, 2842 MHz, 244.24 W
2026/08/17 19:19:36.621, 63, 2842 MHz, 244.82 W
2026/08/17 19:19:37.663, 63, 2842 MHz, 244.75 W
2026/08/17 19:19:38.707, 63, 2842 MHz, 244.35 W
2026/08/17 19:19:39.757, 63, 2842 MHz, 245.15 W
2026/08/17 19:19:40.807, 64, 2842 MHz, 245.73 W
2026/08/17 19:19:41.857, 64, 2842 MHz, 246.21 W
2026/08/17 19:19:42.907, 64, 2842 MHz, 245.70 W
2026/08/17 19:19:43.957, 64, 2842 MHz, 246.82 W
2026/08/17 19:19:45.007, 64, 2842 MHz, 246.54 W
2026/08/17 19:19:46.057, 64, 2842 MHz, 246.59 W
2026/08/17 19:19:47.105, 64, 2842 MHz, 247.06 W
2026/08/17 19:19:48.152, 64, 2842 MHz, 246.93 W
2026/08/17 19:19:49.200, 65, 2827 MHz, 264.35 W
2026/08/17 19:19:50.246, 64, 2842 MHz, 242.45 W
2026/08/17 19:19:51.293, 64, 2842 MHz, 242.78 W
2026/08/17 19:19:52.340, 64, 2842 MHz, 243.48 W
2026/08/17 19:19:53.387, 63, 2842 MHz, 241.73 W
2026/08/17 19:19:54.435, 63, 2842 MHz, 242.79 W
2026/08/17 19:19:55.479, 64, 2842 MHz, 243.68 W
2026/08/17 19:19:56.522, 64, 2842 MHz, 244.52 W
2026/08/17 19:19:57.565, 64, 2842 MHz, 244.24 W
2026/08/17 19:19:58.608, 64, 2842 MHz, 244.76 W
2026/08/17 19:19:59.652, 64, 2842 MHz, 244.91 W
2026/08/17 19:20:00.695, 64, 2842 MHz, 245.12 W
2026/08/17 19:20:01.739, 64, 2842 MHz, 245.38 W
2026/08/17 19:20:02.779, 64, 2842 MHz, 245.54 W
2026/08/17 19:20:03.808, 64, 2842 MHz, 246.04 W
2026/08/17 19:20:04.837, 64, 2842 MHz, 246.87 W
2026/08/17 19:20:05.867, 64, 2842 MHz, 246.89 W
2026/08/17 19:20:06.895, 64, 2842 MHz, 246.42 W
2026/08/17 19:20:07.924, 64, 2842 MHz, 246.65 W
2026/08/17 19:20:08.952, 64, 2842 MHz, 247.32 W
2026/08/17 19:20:09.981, 67, 2842 MHz, 265.60 W
2026/08/17 19:20:11.005, 64, 2842 MHz, 243.61 W
2026/08/17 19:20:12.005, 64, 2842 MHz, 242.79 W
2026/08/17 19:20:13.006, 64, 2842 MHz, 242.85 W
2026/08/17 19:20:14.007, 64, 2842 MHz, 242.77 W
2026/08/17 19:20:15.014, 64, 2842 MHz, 242.59 W
2026/08/17 19:20:14.365, 64, 2842 MHz, 243.91 W
2026/08/17 19:20:15.408, 64, 2842 MHz, 244.49 W
2026/08/17 19:20:16.451, 64, 2842 MHz, 244.49 W
2026/08/17 19:20:17.494, 64, 2842 MHz, 245.63 W
2026/08/17 19:20:18.538, 64, 2842 MHz, 245.52 W
2026/08/17 19:20:19.581, 64, 2842 MHz, 245.03 W
2026/08/17 19:20:20.624, 64, 2842 MHz, 246.00 W
2026/08/17 19:20:21.667, 64, 2842 MHz, 246.01 W
2026/08/17 19:20:22.710, 64, 2842 MHz, 246.87 W
2026/08/17 19:20:23.753, 64, 2842 MHz, 247.09 W
2026/08/17 19:20:24.796, 64, 2842 MHz, 247.65 W
2026/08/17 19:20:25.840, 64, 2842 MHz, 247.35 W
2026/08/17 19:20:26.882, 64, 2842 MHz, 246.84 W
2026/08/17 19:20:27.924, 64, 2842 MHz, 247.63 W
2026/08/17 19:20:28.967, 64, 2842 MHz, 248.20 W
2026/08/17 19:20:30.009, 64, 2842 MHz, 261.45 W
2026/08/17 19:20:31.052, 64, 2842 MHz, 243.05 W
2026/08/17 19:20:32.093, 64, 2842 MHz, 243.18 W
2026/08/17 19:20:33.135, 64, 2842 MHz, 243.61 W
2026/08/17 19:20:34.177, 64, 2842 MHz, 242.59 W
2026/08/17 19:20:35.220, 64, 2842 MHz, 243.79 W
2026/08/17 19:20:36.263, 64, 2842 MHz, 244.30 W
2026/08/17 19:20:37.306, 64, 2842 MHz, 244.27 W
2026/08/17 19:20:38.350, 64, 2842 MHz, 245.58 W
2026/08/17 19:20:39.393, 64, 2842 MHz, 246.30 W
2026/08/17 19:20:40.435, 64, 2842 MHz, 245.11 W
2026/08/17 19:20:41.478, 64, 2842 MHz, 245.79 W
2026/08/17 19:20:42.521, 64, 2842 MHz, 246.24 W
2026/08/17 19:20:43.564, 64, 2842 MHz, 246.60 W
2026/08/17 19:20:44.607, 64, 2842 MHz, 247.31 W
2026/08/17 19:20:45.650, 64, 2842 MHz, 247.83 W
2026/08/17 19:20:45.406, 64, 2842 MHz, 247.27 W
2026/08/17 19:20:46.449, 64, 2842 MHz, 246.77 W
2026/08/17 19:20:47.492, 64, 2842 MHz, 247.44 W
2026/08/17 19:20:48.535, 64, 2842 MHz, 248.53 W
2026/08/17 19:20:49.578, 67, 2827 MHz, 264.55 W
2026/08/17 19:20:50.621, 64, 2842 MHz, 242.80 W
2026/08/17 19:20:51.664, 64, 2842 MHz, 243.26 W
2026/08/17 19:20:52.706, 64, 2842 MHz, 243.53 W
2026/08/17 19:20:53.748, 64, 2842 MHz, 242.74 W
2026/08/17 19:20:54.790, 64, 2842 MHz, 243.45 W
2026/08/17 19:20:55.833, 64, 2842 MHz, 244.10 W
2026/08/17 19:20:56.875, 64, 2842 MHz, 244.97 W
2026/08/17 19:20:57.917, 64, 2842 MHz, 245.14 W
2026/08/17 19:20:58.960, 64, 2842 MHz, 246.10 W
2026/08/17 19:21:00.002, 64, 2842 MHz, 245.32 W
2026/08/17 19:21:01.045, 64, 2842 MHz, 245.21 W
2026/08/17 19:21:02.088, 64, 2842 MHz, 246.28 W
2026/08/17 19:21:03.131, 64, 2842 MHz, 246.63 W
2026/08/17 19:21:04.174, 64, 2842 MHz, 247.20 W
2026/08/17 19:21:05.218, 64, 2842 MHz, 247.65 W
2026/08/17 19:21:06.261, 64, 2842 MHz, 247.47 W
2026/08/17 19:21:07.304, 64, 2842 MHz, 247.14 W
2026/08/17 19:21:08.347, 64, 2842 MHz, 247.82 W
2026/08/17 19:21:09.390, 65, 2842 MHz, 248.33 W
2026/08/17 19:21:10.433, 65, 2842 MHz, 266.13 W
2026/08/17 19:21:11.476, 64, 2842 MHz, 244.76 W
2026/08/17 19:21:12.520, 64, 2842 MHz, 243.15 W
2026/08/17 19:21:13.563, 64, 2842 MHz, 244.07 W
2026/08/17 19:21:14.605, 64, 2842 MHz, 243.67 W
2026/08/17 19:21:15.648, 64, 2842 MHz, 243.10 W
2026/08/17 19:21:16.691, 64, 2842 MHz, 244.38 W
2026/08/17 19:21:16.451, 64, 2842 MHz, 245.03 W
2026/08/17 19:21:17.493, 64, 2842 MHz, 245.68 W
2026/08/17 19:21:18.536, 64, 2842 MHz, 246.49 W
2026/08/17 19:21:19.579, 64, 2842 MHz, 246.15 W
2026/08/17 19:21:20.622, 64, 2842 MHz, 245.61 W
2026/08/17 19:21:21.665, 65, 2842 MHz, 245.97 W
2026/08/17 19:21:22.708, 64, 2842 MHz, 246.57 W
2026/08/17 19:21:23.751, 65, 2842 MHz, 247.38 W
2026/08/17 19:21:24.794, 65, 2842 MHz, 247.65 W
2026/08/17 19:21:25.837, 65, 2842 MHz, 248.17 W
2026/08/17 19:21:26.879, 65, 2842 MHz, 247.29 W
2026/08/17 19:21:27.921, 65, 2842 MHz, 247.41 W
2026/08/17 19:21:28.964, 65, 2842 MHz, 248.32 W
2026/08/17 19:21:30.007, 65, 2842 MHz, 248.35 W
2026/08/17 19:21:31.051, 65, 2835 MHz, 261.50 W
2026/08/17 19:21:32.094, 64, 2842 MHz, 242.79 W
2026/08/17 19:21:33.136, 64, 2842 MHz, 243.43 W
2026/08/17 19:21:34.179, 64, 2842 MHz, 243.79 W
2026/08/17 19:21:35.222, 64, 2842 MHz, 242.65 W
2026/08/17 19:21:36.265, 64, 2842 MHz, 243.98 W
2026/08/17 19:21:37.307, 64, 2842 MHz, 244.57 W
2026/08/17 19:21:38.350, 64, 2842 MHz, 244.92 W
2026/08/17 19:21:39.393, 65, 2842 MHz, 245.86 W
2026/08/17 19:21:40.435, 65, 2842 MHz, 246.07 W
2026/08/17 19:21:41.478, 64, 2842 MHz, 245.34 W
2026/08/17 19:21:42.520, 65, 2842 MHz, 245.93 W
2026/08/17 19:21:43.563, 65, 2842 MHz, 246.67 W
2026/08/17 19:21:44.606, 65, 2842 MHz, 247.18 W
2026/08/17 19:21:45.648, 65, 2842 MHz, 247.83 W
2026/08/17 19:21:46.691, 65, 2842 MHz, 248.23 W
2026/08/17 19:21:47.734, 65, 2842 MHz, 247.87 W
2026/08/17 19:21:47.492, 65, 2842 MHz, 247.81 W
2026/08/17 19:21:48.534, 65, 2842 MHz, 248.05 W
2026/08/17 19:21:49.577, 65, 2842 MHz, 248.70 W
2026/08/17 19:21:50.620, 73, 2835 MHz, 264.90 W
2026/08/17 19:21:51.662, 65, 2842 MHz, 242.73 W
2026/08/17 19:21:52.704, 65, 2842 MHz, 243.12 W
2026/08/17 19:21:53.747, 65, 2842 MHz, 244.09 W
2026/08/17 19:21:54.790, 65, 2842 MHz, 243.16 W
2026/08/17 19:21:55.833, 65, 2842 MHz, 243.36 W
2026/08/17 19:21:56.875, 65, 2842 MHz, 244.24 W
2026/08/17 19:21:57.918, 65, 2842 MHz, 245.04 W
2026/08/17 19:21:58.961, 65, 2842 MHz, 245.58 W
2026/08/17 19:22:00.004, 65, 2842 MHz, 246.60 W
2026/08/17 19:22:01.047, 65, 2842 MHz, 245.78 W
2026/08/17 19:22:02.089, 65, 2842 MHz, 245.34 W
2026/08/17 19:22:03.132, 65, 2842 MHz, 246.19 W
2026/08/17 19:22:04.174, 65, 2842 MHz, 246.82 W
2026/08/17 19:22:05.217, 65, 2842 MHz, 247.35 W
2026/08/17 19:22:06.261, 65, 2842 MHz, 247.68 W
2026/08/17 19:22:07.303, 65, 2842 MHz, 247.53 W
2026/08/17 19:22:08.347, 65, 2842 MHz, 246.99 W
2026/08/17 19:22:09.390, 65, 2842 MHz, 247.87 W
2026/08/17 19:22:10.433, 65, 2842 MHz, 248.38 W
2026/08/17 19:22:11.476, 65, 2842 MHz, 266.53 W
2026/08/17 19:22:12.520, 65, 2842 MHz, 248.28 W
2026/08/17 19:22:13.563, 65, 2842 MHz, 242.83 W
2026/08/17 19:22:14.606, 65, 2842 MHz, 243.75 W
2026/08/17 19:22:15.649, 65, 2842 MHz, 243.22 W
2026/08/17 19:22:16.692, 65, 2842 MHz, 242.88 W
2026/08/17 19:22:17.735, 65, 2842 MHz, 244.13 W
2026/08/17 19:22:18.778, 65, 2842 MHz, 244.55 W
2026/08/17 19:22:18.533, 65, 2842 MHz, 245.48 W
2026/08/17 19:22:19.577, 65, 2842 MHz, 245.88 W
2026/08/17 19:22:20.619, 65, 2842 MHz, 246.18 W
2026/08/17 19:22:21.661, 65, 2842 MHz, 245.71 W
2026/08/17 19:22:22.703, 65, 2842 MHz, 245.84 W
2026/08/17 19:22:23.745, 65, 2842 MHz, 247.20 W
2026/08/17 19:22:24.787, 65, 2842 MHz, 247.42 W
2026/08/17 19:22:25.829, 65, 2842 MHz, 247.95 W
2026/08/17 19:22:26.871, 65, 2842 MHz, 248.38 W
2026/08/17 19:22:27.914, 65, 2842 MHz, 247.16 W
2026/08/17 19:22:28.957, 65, 2842 MHz, 247.93 W
2026/08/17 19:22:29.999, 65, 2842 MHz, 248.28 W
2026/08/17 19:22:31.041, 65, 2842 MHz, 249.29 W
2026/08/17 19:22:32.084, 65, 2820 MHz, 261.48 W
2026/08/17 19:22:33.126, 65, 2842 MHz, 243.15 W
2026/08/17 19:22:34.168, 65, 2842 MHz, 244.07 W
2026/08/17 19:22:35.211, 65, 2842 MHz, 244.09 W
2026/08/17 19:22:36.254, 65, 2842 MHz, 242.90 W
2026/08/17 19:22:37.297, 65, 2842 MHz, 243.73 W
2026/08/17 19:22:38.341, 65, 2842 MHz, 244.39 W
2026/08/17 19:22:39.384, 65, 2842 MHz, 245.31 W
2026/08/17 19:22:40.427, 65, 2842 MHz, 246.25 W
2026/08/17 19:22:41.471, 65, 2842 MHz, 246.58 W
2026/08/17 19:22:42.515, 65, 2842 MHz, 245.21 W
2026/08/17 19:22:43.558, 65, 2842 MHz, 246.54 W
2026/08/17 19:22:44.602, 65, 2842 MHz, 247.18 W
2026/08/17 19:22:45.645, 65, 2842 MHz, 247.68 W
2026/08/17 19:22:46.689, 65, 2842 MHz, 247.92 W
2026/08/17 19:22:47.732, 65, 2842 MHz, 247.74 W
2026/08/17 19:22:48.775, 65, 2842 MHz, 247.60 W
2026/08/17 19:22:49.818, 65, 2842 MHz, 247.98 W
2026/08/17 19:22:49.569, 65, 2842 MHz, 248.48 W
2026/08/17 19:22:50.612, 65, 2842 MHz, 249.01 W
2026/08/17 19:22:51.656, 70, 2842 MHz, 262.66 W
2026/08/17 19:22:52.698, 65, 2842 MHz, 243.03 W
2026/08/17 19:22:53.739, 65, 2842 MHz, 243.75 W
2026/08/17 19:22:54.780, 65, 2842 MHz, 244.31 W
2026/08/17 19:22:55.821, 65, 2842 MHz, 243.20 W
2026/08/17 19:22:56.862, 65, 2842 MHz, 243.14 W
2026/08/17 19:22:57.903, 65, 2842 MHz, 244.79 W
2026/08/17 19:22:58.945, 65, 2842 MHz, 245.50 W
2026/08/17 19:22:59.986, 65, 2842 MHz, 246.02 W
2026/08/17 19:23:01.028, 65, 2842 MHz, 246.38 W
2026/08/17 19:23:02.070, 65, 2842 MHz, 245.25 W
2026/08/17 19:23:03.112, 65, 2842 MHz, 245.75 W
2026/08/17 19:23:04.154, 65, 2842 MHz, 246.44 W
2026/08/17 19:23:05.197, 65, 2842 MHz, 247.17 W
2026/08/17 19:23:06.239, 65, 2842 MHz, 247.48 W
2026/08/17 19:23:07.282, 65, 2842 MHz, 247.21 W
2026/08/17 19:23:08.324, 65, 2842 MHz, 247.51 W
2026/08/17 19:23:09.366, 65, 2842 MHz, 247.47 W
2026/08/17 19:23:10.409, 65, 2842 MHz, 247.86 W
2026/08/17 19:23:11.451, 65, 2842 MHz, 248.37 W
2026/08/17 19:23:12.493, 65, 2842 MHz, 262.92 W
2026/08/17 19:23:13.536, 65, 2842 MHz, 243.14 W
2026/08/17 19:23:14.578, 65, 2842 MHz, 242.55 W
2026/08/17 19:23:15.621, 65, 2842 MHz, 242.78 W
2026/08/17 19:23:16.663, 65, 2842 MHz, 243.20 W
2026/08/17 19:23:17.705, 65, 2842 MHz, 243.15 W
2026/08/17 19:23:18.747, 65, 2842 MHz, 242.42 W
2026/08/17 19:23:19.789, 65, 2842 MHz, 242.54 W
2026/08/17 19:23:20.831, 65, 2842 MHz, 243.38 W
2026/08/17 19:23:20.606, 65, 2842 MHz, 243.81 W
2026/08/17 19:23:21.648, 65, 2842 MHz, 243.07 W
2026/08/17 19:23:22.690, 65, 2842 MHz, 242.40 W
2026/08/17 19:23:23.732, 65, 2842 MHz, 242.41 W
2026/08/17 19:23:24.775, 65, 2842 MHz, 243.63 W
2026/08/17 19:23:25.818, 65, 2842 MHz, 243.99 W
2026/08/17 19:23:26.861, 65, 2842 MHz, 244.60 W
2026/08/17 19:23:27.903, 65, 2842 MHz, 244.07 W
2026/08/17 19:23:28.946, 65, 2842 MHz, 241.68 W
2026/08/17 19:23:29.989, 65, 2842 MHz, 242.71 W
2026/08/17 19:23:31.032, 65, 2842 MHz, 243.29 W
2026/08/17 19:23:32.075, 65, 2842 MHz, 186.97 W
2026/08/17 19:23:33.118, 56, 2857 MHz, 66.29 W
2026/08/17 19:23:34.161, 54, 2865 MHz, 50.15 W
2026/08/17 19:23:35.204, 53, 600 MHz, 35.92 W
2026/08/17 19:23:36.247, 52, 405 MHz, 35.64 W
2026/08/17 19:23:37.291, 52, 270 MHz, 35.18 W
2026/08/17 19:23:38.334, 51, 180 MHz, 35.13 W
2026/08/17 19:23:39.378, 51, 180 MHz, 35.33 W
2026/08/17 19:23:40.421, 59, 2857 MHz, 185.34 W
2026/08/17 19:23:41.464, 61, 2857 MHz, 227.34 W
2026/08/17 19:23:42.507, 61, 2842 MHz, 228.32 W
2026/08/17 19:23:43.549, 61, 2842 MHz, 228.92 W
2026/08/17 19:23:44.593, 61, 2842 MHz, 229.21 W
2026/08/17 19:23:45.635, 61, 2842 MHz, 229.81 W
2026/08/17 19:23:46.678, 62, 2842 MHz, 230.34 W
2026/08/17 19:23:47.721, 62, 2842 MHz, 229.01 W
2026/08/17 19:23:48.764, 62, 2842 MHz, 229.32 W
2026/08/17 19:23:49.806, 62, 2842 MHz, 230.18 W
2026/08/17 19:23:50.849, 62, 2842 MHz, 230.68 W
2026/08/17 19:23:51.891, 62, 2842 MHz, 231.67 W
2026/08/17 19:23:51.650, 62, 2842 MHz, 232.00 W
2026/08/17 19:23:52.692, 63, 2842 MHz, 232.41 W
2026/08/17 19:23:53.735, 63, 2842 MHz, 232.52 W
2026/08/17 19:23:54.777, 63, 2842 MHz, 232.65 W
2026/08/17 19:23:55.820, 63, 2842 MHz, 231.99 W
2026/08/17 19:23:56.863, 63, 2842 MHz, 231.25 W
2026/08/17 19:23:57.905, 61, 2842 MHz, 247.51 W
2026/08/17 19:23:58.948, 64, 2842 MHz, 236.82 W
2026/08/17 19:23:59.990, 64, 2842 MHz, 242.07 W
2026/08/17 19:24:01.033, 64, 2842 MHz, 243.24 W
2026/08/17 19:24:02.075, 64, 2842 MHz, 242.47 W
2026/08/17 19:24:03.119, 64, 2842 MHz, 242.79 W
2026/08/17 19:24:04.162, 65, 2842 MHz, 243.27 W
2026/08/17 19:24:05.204, 65, 2842 MHz, 244.36 W
2026/08/17 19:24:06.248, 65, 2842 MHz, 245.48 W
2026/08/17 19:24:07.291, 65, 2842 MHz, 246.19 W
2026/08/17 19:24:08.334, 65, 2842 MHz, 245.75 W
2026/08/17 19:24:09.376, 65, 2842 MHz, 245.39 W
2026/08/17 19:24:10.419, 65, 2842 MHz, 246.46 W
2026/08/17 19:24:11.462, 66, 2842 MHz, 247.20 W
2026/08/17 19:24:12.505, 66, 2842 MHz, 247.54 W
2026/08/17 19:24:13.548, 66, 2842 MHz, 248.05 W
2026/08/17 19:24:14.591, 66, 2842 MHz, 247.82 W
2026/08/17 19:24:15.635, 66, 2842 MHz, 247.96 W
2026/08/17 19:24:16.678, 66, 2842 MHz, 248.55 W
2026/08/17 19:24:17.721, 66, 2842 MHz, 249.19 W
2026/08/17 19:24:18.764, 73, 2842 MHz, 257.08 W
2026/08/17 19:24:19.808, 66, 2842 MHz, 257.81 W
2026/08/17 19:24:20.850, 66, 2842 MHz, 244.25 W
2026/08/17 19:24:21.893, 66, 2842 MHz, 244.95 W
2026/08/17 19:24:22.935, 66, 2842 MHz, 245.07 W
2026/08/17 19:24:22.692, 66, 2842 MHz, 244.34 W
2026/08/17 19:24:23.735, 66, 2842 MHz, 244.91 W
2026/08/17 19:24:24.777, 66, 2842 MHz, 246.08 W
2026/08/17 19:24:25.820, 66, 2842 MHz, 246.71 W
2026/08/17 19:24:26.862, 66, 2842 MHz, 247.70 W
2026/08/17 19:24:27.904, 66, 2842 MHz, 247.78 W
2026/08/17 19:24:28.947, 66, 2842 MHz, 246.35 W
2026/08/17 19:24:29.989, 66, 2842 MHz, 247.52 W
2026/08/17 19:24:31.031, 66, 2842 MHz, 248.19 W
2026/08/17 19:24:32.074, 66, 2842 MHz, 248.79 W
2026/08/17 19:24:33.116, 66, 2842 MHz, 249.24 W
2026/08/17 19:24:34.159, 66, 2842 MHz, 248.62 W
2026/08/17 19:24:35.201, 66, 2842 MHz, 248.99 W
2026/08/17 19:24:36.244, 66, 2842 MHz, 249.23 W
2026/08/17 19:24:37.287, 66, 2842 MHz, 249.48 W
2026/08/17 19:24:38.330, 66, 2842 MHz, 249.86 W
2026/08/17 19:24:39.373, 66, 2842 MHz, 261.11 W
2026/08/17 19:24:40.416, 66, 2842 MHz, 244.25 W
2026/08/17 19:24:41.459, 66, 2842 MHz, 244.75 W
2026/08/17 19:24:42.502, 66, 2842 MHz, 244.99 W
2026/08/17 19:24:43.545, 66, 2842 MHz, 243.76 W
2026/08/17 19:24:44.588, 65, 2842 MHz, 244.53 W
2026/08/17 19:24:45.632, 66, 2842 MHz, 245.92 W
2026/08/17 19:24:46.675, 66, 2842 MHz, 246.42 W
2026/08/17 19:24:47.718, 66, 2842 MHz, 246.82 W
2026/08/17 19:24:48.762, 66, 2842 MHz, 247.24 W
2026/08/17 19:24:49.805, 66, 2842 MHz, 246.44 W
2026/08/17 19:24:50.848, 66, 2842 MHz, 247.00 W
2026/08/17 19:24:51.890, 66, 2842 MHz, 247.57 W
2026/08/17 19:24:52.933, 66, 2842 MHz, 248.05 W
2026/08/17 19:24:52.690, 66, 2842 MHz, 248.20 W
2026/08/17 19:24:53.733, 66, 2842 MHz, 248.58 W
2026/08/17 19:24:54.775, 66, 2842 MHz, 248.48 W
2026/08/17 19:24:55.817, 66, 2842 MHz, 248.49 W
2026/08/17 19:24:56.860, 66, 2842 MHz, 248.97 W
2026/08/17 19:24:57.902, 66, 2842 MHz, 249.40 W
2026/08/17 19:24:58.944, 67, 2835 MHz, 264.95 W
2026/08/17 19:24:59.987, 65, 2842 MHz, 243.61 W
2026/08/17 19:25:01.029, 65, 2842 MHz, 244.38 W
2026/08/17 19:25:02.071, 65, 2842 MHz, 244.94 W
2026/08/17 19:25:03.114, 65, 2842 MHz, 244.04 W
2026/08/17 19:25:04.156, 65, 2842 MHz, 243.85 W
2026/08/17 19:25:05.198, 65, 2842 MHz, 244.81 W
2026/08/17 19:25:06.241, 65, 2842 MHz, 246.04 W
2026/08/17 19:25:07.284, 65, 2842 MHz, 246.60 W
2026/08/17 19:25:08.326, 65, 2842 MHz, 247.13 W
2026/08/17 19:25:09.370, 65, 2842 MHz, 246.32 W
2026/08/17 19:25:10.414, 65, 2842 MHz, 245.82 W
2026/08/17 19:25:11.459, 65, 2842 MHz, 246.98 W
2026/08/17 19:25:12.503, 65, 2842 MHz, 247.33 W
2026/08/17 19:25:13.549, 65, 2842 MHz, 248.05 W
2026/08/17 19:25:14.593, 65, 2842 MHz, 248.12 W
2026/08/17 19:25:15.637, 65, 2842 MHz, 248.16 W
2026/08/17 19:25:16.682, 65, 2842 MHz, 248.14 W
2026/08/17 19:25:17.727, 65, 2842 MHz, 248.34 W
2026/08/17 19:25:18.771, 66, 2842 MHz, 248.73 W
2026/08/17 19:25:19.816, 71, 2835 MHz, 258.11 W
2026/08/17 19:25:20.861, 65, 2842 MHz, 256.23 W
2026/08/17 19:25:21.906, 65, 2842 MHz, 243.70 W
2026/08/17 19:25:22.950, 65, 2842 MHz, 244.11 W
2026/08/17 19:25:23.994, 65, 2842 MHz, 244.39 W
2026/08/17 19:25:23.732, 65, 2842 MHz, 243.25 W
2026/08/17 19:25:24.773, 65, 2842 MHz, 244.80 W
2026/08/17 19:25:25.814, 65, 2842 MHz, 245.57 W
2026/08/17 19:25:26.855, 65, 2842 MHz, 245.94 W
2026/08/17 19:25:27.897, 65, 2842 MHz, 246.69 W
2026/08/17 19:25:28.938, 65, 2842 MHz, 246.40 W
2026/08/17 19:25:29.979, 65, 2842 MHz, 246.18 W
2026/08/17 19:25:31.020, 65, 2842 MHz, 246.91 W
2026/08/17 19:25:32.063, 65, 2842 MHz, 247.23 W
2026/08/17 19:25:33.105, 65, 2842 MHz, 247.73 W
2026/08/17 19:25:34.150, 65, 2842 MHz, 247.48 W
2026/08/17 19:25:35.194, 65, 2842 MHz, 248.22 W
2026/08/17 19:25:36.238, 65, 2842 MHz, 248.06 W
2026/08/17 19:25:37.283, 65, 2842 MHz, 247.98 W
2026/08/17 19:25:38.328, 65, 2842 MHz, 248.35 W
2026/08/17 19:25:39.372, 65, 2842 MHz, 248.50 W
2026/08/17 19:25:40.417, 66, 2842 MHz, 261.90 W
2026/08/17 19:25:41.464, 65, 2842 MHz, 243.38 W
2026/08/17 19:25:42.513, 65, 2842 MHz, 244.18 W
2026/08/17 19:25:43.561, 65, 2842 MHz, 244.59 W
2026/08/17 19:25:44.610, 64, 2842 MHz, 243.16 W
2026/08/17 19:25:45.660, 65, 2842 MHz, 244.44 W
2026/08/17 19:25:46.709, 65, 2842 MHz, 244.90 W
2026/08/17 19:25:47.757, 65, 2842 MHz, 245.84 W
2026/08/17 19:25:48.806, 65, 2842 MHz, 246.35 W
2026/08/17 19:25:49.850, 65, 2842 MHz, 246.59 W
2026/08/17 19:25:50.892, 65, 2842 MHz, 246.30 W
2026/08/17 19:25:51.936, 65, 2842 MHz, 246.21 W
2026/08/17 19:25:52.978, 65, 2842 MHz, 247.21 W
2026/08/17 19:25:54.021, 65, 2842 MHz, 247.60 W
2026/08/17 19:25:55.064, 65, 2842 MHz, 247.83 W
2026/08/17 19:25:54.777, 65, 2842 MHz, 248.45 W
2026/08/17 19:25:55.820, 65, 2842 MHz, 248.36 W
2026/08/17 19:25:56.863, 65, 2842 MHz, 248.31 W
2026/08/17 19:25:57.906, 65, 2842 MHz, 248.83 W
2026/08/17 19:25:58.949, 65, 2842 MHz, 249.07 W
2026/08/17 19:25:59.993, 67, 2827 MHz, 263.27 W
2026/08/17 19:26:01.036, 65, 2842 MHz, 243.21 W
2026/08/17 19:26:02.079, 65, 2842 MHz, 244.11 W
2026/08/17 19:26:03.122, 65, 2842 MHz, 244.87 W
2026/08/17 19:26:04.165, 65, 2842 MHz, 243.77 W
2026/08/17 19:26:05.208, 65, 2842 MHz, 243.69 W
2026/08/17 19:26:06.252, 65, 2842 MHz, 245.05 W
2026/08/17 19:26:07.295, 65, 2842 MHz, 245.75 W
2026/08/17 19:26:08.338, 65, 2842 MHz, 246.54 W
2026/08/17 19:26:09.382, 65, 2842 MHz, 246.65 W
2026/08/17 19:26:10.425, 65, 2842 MHz, 246.60 W
2026/08/17 19:26:11.468, 65, 2842 MHz, 246.32 W
2026/08/17 19:26:12.511, 65, 2842 MHz, 247.25 W
2026/08/17 19:26:13.554, 65, 2842 MHz, 247.56 W
2026/08/17 19:26:14.597, 65, 2842 MHz, 247.84 W
2026/08/17 19:26:15.640, 65, 2842 MHz, 248.16 W
2026/08/17 19:26:16.683, 65, 2842 MHz, 248.71 W
2026/08/17 19:26:17.727, 65, 2842 MHz, 247.99 W
2026/08/17 19:26:18.770, 65, 2842 MHz, 248.58 W
2026/08/17 19:26:19.813, 65, 2842 MHz, 248.63 W
2026/08/17 19:26:20.857, 65, 2842 MHz, 254.93 W
2026/08/17 19:26:21.900, 65, 2842 MHz, 260.74 W
2026/08/17 19:26:22.944, 65, 2842 MHz, 243.88 W
2026/08/17 19:26:23.987, 65, 2842 MHz, 244.40 W
2026/08/17 19:26:25.031, 65, 2842 MHz, 243.87 W
2026/08/17 19:26:26.074, 65, 2842 MHz, 243.04 W
2026/08/17 19:26:25.816, 65, 2842 MHz, 244.60 W
2026/08/17 19:26:26.858, 65, 2842 MHz, 245.61 W
2026/08/17 19:26:27.901, 65, 2842 MHz, 246.24 W
2026/08/17 19:26:28.944, 65, 2842 MHz, 246.49 W
2026/08/17 19:26:29.987, 65, 2842 MHz, 246.42 W
2026/08/17 19:26:31.030, 65, 2842 MHz, 245.95 W
2026/08/17 19:26:32.073, 65, 2842 MHz, 246.49 W
2026/08/17 19:26:33.116, 65, 2842 MHz, 247.22 W
2026/08/17 19:26:34.159, 65, 2842 MHz, 247.29 W
2026/08/17 19:26:35.202, 65, 2842 MHz, 247.74 W
2026/08/17 19:26:36.245, 65, 2842 MHz, 248.16 W
2026/08/17 19:26:37.288, 65, 2842 MHz, 248.16 W
2026/08/17 19:26:38.332, 65, 2842 MHz, 248.31 W
2026/08/17 19:26:39.375, 65, 2842 MHz, 248.39 W
2026/08/17 19:26:40.418, 65, 2842 MHz, 249.12 W
2026/08/17 19:26:41.461, 66, 2842 MHz, 263.16 W
2026/08/17 19:26:42.504, 65, 2842 MHz, 243.55 W
2026/08/17 19:26:43.547, 65, 2842 MHz, 244.23 W
2026/08/17 19:26:44.590, 65, 2842 MHz, 243.96 W
2026/08/17 19:26:45.633, 65, 2842 MHz, 243.37 W
2026/08/17 19:26:46.677, 65, 2842 MHz, 244.13 W
2026/08/17 19:26:47.720, 65, 2842 MHz, 245.06 W
2026/08/17 19:26:48.763, 65, 2842 MHz, 245.58 W
2026/08/17 19:26:49.806, 65, 2842 MHz, 245.66 W
2026/08/17 19:26:50.849, 65, 2842 MHz, 246.77 W
2026/08/17 19:26:51.892, 65, 2842 MHz, 245.79 W
2026/08/17 19:26:52.935, 65, 2842 MHz, 246.30 W
2026/08/17 19:26:53.978, 65, 2842 MHz, 246.83 W
2026/08/17 19:26:55.022, 65, 2842 MHz, 246.69 W
2026/08/17 19:26:56.065, 65, 2842 MHz, 247.74 W
2026/08/17 19:26:57.108, 65, 2842 MHz, 247.90 W
2026/08/17 19:26:56.853, 65, 2842 MHz, 247.81 W
2026/08/17 19:26:57.897, 65, 2842 MHz, 247.41 W
2026/08/17 19:26:58.940, 65, 2842 MHz, 247.41 W
2026/08/17 19:26:59.983, 65, 2842 MHz, 248.36 W
2026/08/17 19:27:01.026, 73, 2827 MHz, 264.60 W
2026/08/17 19:27:02.069, 65, 2842 MHz, 243.08 W
2026/08/17 19:27:03.113, 65, 2842 MHz, 243.31 W
2026/08/17 19:27:04.156, 65, 2842 MHz, 243.67 W
2026/08/17 19:27:05.199, 65, 2842 MHz, 243.25 W
2026/08/17 19:27:06.242, 65, 2842 MHz, 243.26 W
2026/08/17 19:27:07.285, 65, 2842 MHz, 244.64 W
2026/08/17 19:27:08.328, 65, 2842 MHz, 245.08 W
2026/08/17 19:27:09.371, 65, 2842 MHz, 245.73 W
2026/08/17 19:27:10.414, 65, 2842 MHz, 246.44 W
2026/08/17 19:27:11.457, 65, 2842 MHz, 246.39 W
2026/08/17 19:27:12.500, 65, 2842 MHz, 245.90 W
2026/08/17 19:27:13.543, 65, 2842 MHz, 246.45 W
2026/08/17 19:27:14.587, 65, 2842 MHz, 246.57 W
2026/08/17 19:27:15.630, 65, 2842 MHz, 247.35 W
2026/08/17 19:27:16.674, 65, 2842 MHz, 247.80 W
2026/08/17 19:27:17.717, 65, 2842 MHz, 248.09 W
2026/08/17 19:27:18.761, 65, 2842 MHz, 247.66 W
2026/08/17 19:27:19.805, 65, 2842 MHz, 247.74 W
2026/08/17 19:27:20.849, 65, 2842 MHz, 247.77 W
2026/08/17 19:27:21.893, 65, 2842 MHz, 253.36 W
2026/08/17 19:27:22.936, 65, 2842 MHz, 260.71 W
2026/08/17 19:27:23.980, 65, 2842 MHz, 243.42 W
2026/08/17 19:27:25.024, 65, 2842 MHz, 243.91 W
2026/08/17 19:27:26.067, 65, 2842 MHz, 243.86 W
2026/08/17 19:27:27.110, 65, 2842 MHz, 243.12 W
2026/08/17 19:27:28.153, 65, 2842 MHz, 244.63 W
2026/08/17 19:27:27.894, 65, 2842 MHz, 244.93 W
2026/08/17 19:27:28.937, 65, 2842 MHz, 245.44 W
2026/08/17 19:27:29.980, 65, 2842 MHz, 246.37 W
2026/08/17 19:27:31.023, 65, 2842 MHz, 246.89 W
2026/08/17 19:27:32.067, 65, 2842 MHz, 245.83 W
2026/08/17 19:27:33.110, 65, 2842 MHz, 246.50 W
2026/08/17 19:27:34.153, 65, 2842 MHz, 246.68 W
2026/08/17 19:27:35.196, 65, 2842 MHz, 247.07 W
2026/08/17 19:27:36.240, 65, 2842 MHz, 247.74 W
2026/08/17 19:27:37.283, 65, 2842 MHz, 248.13 W
2026/08/17 19:27:38.327, 65, 2842 MHz, 247.90 W
2026/08/17 19:27:39.370, 65, 2842 MHz, 247.59 W
2026/08/17 19:27:40.413, 65, 2842 MHz, 247.75 W
2026/08/17 19:27:41.457, 65, 2842 MHz, 248.88 W
2026/08/17 19:27:42.501, 66, 2842 MHz, 263.48 W
2026/08/17 19:27:43.546, 65, 2842 MHz, 243.51 W
2026/08/17 19:27:44.590, 65, 2842 MHz, 243.56 W
2026/08/17 19:27:45.634, 65, 2842 MHz, 244.61 W
2026/08/17 19:27:46.678, 65, 2842 MHz, 243.82 W
2026/08/17 19:27:47.723, 65, 2842 MHz, 244.06 W
2026/08/17 19:27:48.767, 65, 2842 MHz, 245.01 W
2026/08/17 19:27:49.811, 65, 2842 MHz, 245.35 W
2026/08/17 19:27:50.855, 65, 2842 MHz, 246.45 W
2026/08/17 19:27:51.900, 65, 2842 MHz, 247.09 W
2026/08/17 19:27:52.945, 65, 2842 MHz, 246.18 W
2026/08/17 19:27:53.990, 65, 2842 MHz, 246.51 W
2026/08/17 19:27:55.035, 65, 2842 MHz, 246.50 W
2026/08/17 19:27:56.079, 65, 2842 MHz, 246.98 W
2026/08/17 19:27:57.124, 65, 2842 MHz, 247.70 W
2026/08/17 19:27:58.168, 65, 2842 MHz, 247.92 W
2026/08/17 19:27:59.211, 65, 2842 MHz, 248.54 W
2026/08/17 19:28:00.255, 65, 2842 MHz, 247.46 W
2026/08/17 19:28:01.298, 65, 2842 MHz, 248.14 W
2026/08/17 19:28:02.341, 65, 2842 MHz, 248.54 W
2026/08/17 19:28:03.385, 72, 2835 MHz, 265.93 W
2026/08/17 19:28:04.428, 65, 2842 MHz, 246.18 W
2026/08/17 19:28:05.471, 65, 2842 MHz, 243.79 W
2026/08/17 19:28:06.514, 65, 2842 MHz, 244.51 W
2026/08/17 19:28:07.557, 65, 2842 MHz, 243.94 W
2026/08/17 19:28:08.599, 65, 2842 MHz, 243.97 W
2026/08/17 19:28:09.642, 65, 2842 MHz, 244.93 W
2026/08/17 19:28:10.685, 65, 2842 MHz, 244.95 W
2026/08/17 19:28:11.726, 65, 2842 MHz, 246.20 W
2026/08/17 19:28:12.769, 65, 2842 MHz, 246.75 W
2026/08/17 19:28:13.812, 65, 2842 MHz, 246.63 W
2026/08/17 19:28:14.853, 65, 2842 MHz, 246.12 W
2026/08/17 19:28:13.969, 65, 2842 MHz, 246.68 W
2026/08/17 19:28:15.010, 65, 2842 MHz, 247.43 W
2026/08/17 19:28:16.052, 65, 2842 MHz, 247.57 W
2026/08/17 19:28:17.095, 65, 2842 MHz, 248.16 W
2026/08/17 19:28:18.136, 65, 2842 MHz, 248.05 W
2026/08/17 19:28:19.178, 65, 2842 MHz, 247.37 W
2026/08/17 19:28:20.219, 65, 2842 MHz, 248.31 W
2026/08/17 19:28:21.261, 65, 2842 MHz, 248.37 W
2026/08/17 19:28:22.302, 65, 2842 MHz, 252.60 W
2026/08/17 19:28:23.343, 65, 2842 MHz, 260.74 W
2026/08/17 19:28:24.384, 65, 2842 MHz, 243.70 W
2026/08/17 19:28:25.424, 65, 2842 MHz, 244.19 W
2026/08/17 19:28:26.464, 65, 2842 MHz, 244.37 W
2026/08/17 19:28:27.505, 65, 2842 MHz, 243.24 W
2026/08/17 19:28:28.545, 65, 2842 MHz, 244.78 W
2026/08/17 19:28:29.586, 65, 2842 MHz, 245.11 W
2026/08/17 19:28:30.628, 65, 2842 MHz, 246.14 W
2026/08/17 19:28:31.671, 65, 2842 MHz, 246.41 W
2026/08/17 19:28:32.714, 65, 2842 MHz, 246.93 W
2026/08/17 19:28:33.757, 65, 2842 MHz, 246.11 W
2026/08/17 19:28:34.800, 65, 2842 MHz, 246.62 W
2026/08/17 19:28:35.843, 65, 2842 MHz, 246.90 W
2026/08/17 19:28:36.887, 65, 2842 MHz, 247.92 W
2026/08/17 19:28:37.930, 65, 2842 MHz, 247.97 W
2026/08/17 19:28:38.974, 65, 2842 MHz, 248.55 W
2026/08/17 19:28:40.017, 65, 2842 MHz, 248.06 W
2026/08/17 19:28:41.060, 65, 2842 MHz, 248.44 W
2026/08/17 19:28:42.103, 65, 2842 MHz, 248.76 W
2026/08/17 19:28:43.146, 65, 2842 MHz, 249.38 W
2026/08/17 19:28:44.189, 67, 2835 MHz, 262.57 W
2026/08/17 19:28:45.233, 65, 2842 MHz, 243.51 W
2026/08/17 19:28:45.009, 65, 2842 MHz, 243.51 W
2026/08/17 19:28:46.051, 65, 2842 MHz, 244.69 W
2026/08/17 19:28:47.089, 65, 2842 MHz, 243.80 W
2026/08/17 19:28:48.128, 65, 2842 MHz, 244.49 W
2026/08/17 19:28:49.166, 65, 2842 MHz, 244.90 W
2026/08/17 19:28:50.205, 65, 2842 MHz, 245.80 W
2026/08/17 19:28:51.243, 65, 2842 MHz, 246.59 W
2026/08/17 19:28:52.282, 65, 2842 MHz, 247.33 W
2026/08/17 19:28:53.321, 65, 2842 MHz, 246.71 W
2026/08/17 19:28:54.366, 65, 2842 MHz, 246.32 W
2026/08/17 19:28:55.420, 65, 2842 MHz, 246.83 W
2026/08/17 19:28:56.475, 65, 2842 MHz, 248.15 W
2026/08/17 19:28:57.529, 65, 2842 MHz, 248.19 W
2026/08/17 19:28:58.582, 65, 2842 MHz, 248.35 W
2026/08/17 19:28:59.636, 65, 2842 MHz, 248.38 W
2026/08/17 19:29:00.691, 65, 2842 MHz, 247.43 W
2026/08/17 19:29:01.745, 65, 2842 MHz, 248.44 W
2026/08/17 19:29:02.791, 65, 2842 MHz, 248.89 W
2026/08/17 19:29:03.836, 70, 2842 MHz, 265.40 W
2026/08/17 19:29:04.881, 65, 2842 MHz, 245.38 W
2026/08/17 19:29:05.926, 65, 2842 MHz, 243.93 W
2026/08/17 19:29:06.972, 65, 2842 MHz, 244.61 W
2026/08/17 19:29:08.017, 65, 2842 MHz, 244.14 W
2026/08/17 19:29:09.062, 65, 2842 MHz, 243.75 W
2026/08/17 19:29:10.108, 65, 2842 MHz, 244.92 W
2026/08/17 19:29:11.150, 65, 2842 MHz, 245.22 W
2026/08/17 19:29:12.192, 65, 2842 MHz, 246.33 W
2026/08/17 19:29:13.235, 65, 2842 MHz, 246.73 W
2026/08/17 19:29:14.278, 65, 2842 MHz, 246.42 W
2026/08/17 19:29:15.321, 65, 2842 MHz, 245.68 W
2026/08/17 19:29:15.011, 65, 2842 MHz, 246.60 W
2026/08/17 19:29:16.053, 65, 2842 MHz, 247.09 W
2026/08/17 19:29:17.095, 65, 2842 MHz, 247.50 W
2026/08/17 19:29:18.138, 65, 2842 MHz, 247.83 W
2026/08/17 19:29:19.180, 65, 2842 MHz, 247.93 W
2026/08/17 19:29:20.222, 65, 2842 MHz, 247.26 W
2026/08/17 19:29:21.264, 65, 2842 MHz, 248.23 W
2026/08/17 19:29:22.307, 65, 2842 MHz, 248.38 W
2026/08/17 19:29:23.350, 65, 2842 MHz, 248.77 W
2026/08/17 19:29:24.393, 66, 2842 MHz, 262.15 W
2026/08/17 19:29:25.435, 65, 2842 MHz, 243.35 W
2026/08/17 19:29:26.478, 65, 2842 MHz, 244.14 W
2026/08/17 19:29:27.520, 65, 2842 MHz, 244.41 W
2026/08/17 19:29:28.563, 65, 2842 MHz, 243.34 W
2026/08/17 19:29:29.606, 65, 2842 MHz, 244.25 W
2026/08/17 19:29:30.648, 65, 2842 MHz, 245.12 W
2026/08/17 19:29:31.691, 65, 2842 MHz, 246.09 W
2026/08/17 19:29:32.733, 65, 2842 MHz, 246.71 W
2026/08/17 19:29:33.776, 65, 2842 MHz, 246.79 W
2026/08/17 19:29:34.819, 65, 2842 MHz, 245.46 W
2026/08/17 19:29:35.863, 65, 2842 MHz, 246.31 W
2026/08/17 19:29:36.907, 65, 2842 MHz, 247.58 W
2026/08/17 19:29:37.949, 65, 2842 MHz, 247.96 W
2026/08/17 19:29:38.992, 65, 2842 MHz, 248.02 W
2026/08/17 19:29:40.036, 65, 2842 MHz, 248.24 W
2026/08/17 19:29:41.079, 65, 2842 MHz, 247.95 W
2026/08/17 19:29:42.122, 65, 2842 MHz, 248.15 W
2026/08/17 19:29:43.164, 65, 2842 MHz, 248.50 W
2026/08/17 19:29:44.208, 65, 2842 MHz, 248.77 W
2026/08/17 19:29:45.250, 68, 2820 MHz, 263.40 W
2026/08/17 19:29:46.293, 65, 2842 MHz, 242.71 W
2026/08/17 19:29:46.045, 65, 2842 MHz, 243.49 W
2026/08/17 19:29:47.088, 65, 2842 MHz, 244.38 W
2026/08/17 19:29:48.131, 65, 2842 MHz, 242.81 W
2026/08/17 19:29:49.174, 65, 2842 MHz, 243.68 W
2026/08/17 19:29:50.218, 65, 2842 MHz, 244.61 W
2026/08/17 19:29:51.261, 65, 2842 MHz, 245.63 W
2026/08/17 19:29:52.305, 65, 2842 MHz, 246.46 W
2026/08/17 19:29:53.347, 65, 2842 MHz, 246.82 W
2026/08/17 19:29:54.390, 65, 2842 MHz, 246.23 W
2026/08/17 19:29:55.433, 65, 2842 MHz, 246.11 W
2026/08/17 19:29:56.475, 65, 2842 MHz, 247.02 W
2026/08/17 19:29:57.517, 65, 2842 MHz, 247.78 W
2026/08/17 19:29:58.561, 65, 2842 MHz, 248.05 W
2026/08/17 19:29:59.604, 65, 2842 MHz, 248.20 W
2026/08/17 19:30:00.647, 65, 2842 MHz, 248.21 W
2026/08/17 19:30:01.690, 65, 2842 MHz, 247.78 W
2026/08/17 19:30:02.733, 65, 2842 MHz, 248.46 W
2026/08/17 19:30:03.777, 65, 2842 MHz, 249.12 W
2026/08/17 19:30:04.819, 65, 2842 MHz, 262.20 W
2026/08/17 19:30:05.863, 65, 2842 MHz, 243.22 W
2026/08/17 19:30:06.907, 65, 2842 MHz, 242.51 W
2026/08/17 19:30:07.950, 65, 2842 MHz, 242.88 W
2026/08/17 19:30:08.994, 65, 2842 MHz, 243.81 W
2026/08/17 19:30:10.037, 65, 2842 MHz, 243.32 W
2026/08/17 19:30:11.081, 65, 2842 MHz, 242.93 W
2026/08/17 19:30:12.124, 65, 2842 MHz, 242.72 W
2026/08/17 19:30:13.167, 65, 2842 MHz, 243.48 W
2026/08/17 19:30:14.210, 65, 2842 MHz, 244.35 W
2026/08/17 19:30:15.253, 65, 2842 MHz, 242.79 W
2026/08/17 19:30:16.296, 65, 2842 MHz, 242.32 W
2026/08/17 19:30:17.339, 65, 2842 MHz, 242.63 W
2026/08/17 19:30:17.088, 65, 2842 MHz, 243.46 W
2026/08/17 19:30:18.131, 65, 2842 MHz, 244.62 W
2026/08/17 19:30:19.174, 65, 2842 MHz, 245.23 W
2026/08/17 19:30:20.217, 65, 2842 MHz, 244.68 W
2026/08/17 19:30:21.260, 65, 2842 MHz, 242.62 W
2026/08/17 19:30:22.303, 65, 2842 MHz, 243.33 W
2026/08/17 19:30:23.346, 65, 2842 MHz, 244.42 W
2026/08/17 19:30:24.389, 65, 2842 MHz, 183.29 W
2026/08/17 19:30:25.432, 56, 2857 MHz, 66.53 W
2026/08/17 19:30:26.475, 54, 1882 MHz, 53.42 W
2026/08/17 19:30:27.517, 53, 450 MHz, 34.59 W
2026/08/17 19:30:28.561, 52, 292 MHz, 28.35 W
2026/08/17 19:30:29.604, 52, 180 MHz, 25.89 W
2026/08/17 19:30:30.648, 51, 180 MHz, 22.67 W
2026/08/17 19:30:31.691, 51, 180 MHz, 22.59 W
2026/08/17 19:30:32.735, 57, 2857 MHz, 138.05 W
2026/08/17 19:30:33.778, 60, 2857 MHz, 227.27 W
2026/08/17 19:30:34.821, 61, 2842 MHz, 228.12 W
2026/08/17 19:30:35.865, 61, 2842 MHz, 228.78 W
2026/08/17 19:30:36.908, 61, 2842 MHz, 229.26 W
2026/08/17 19:30:37.951, 61, 2842 MHz, 229.62 W
2026/08/17 19:30:38.995, 61, 2842 MHz, 230.54 W
2026/08/17 19:30:40.039, 62, 2842 MHz, 229.99 W
2026/08/17 19:30:41.082, 62, 2842 MHz, 229.88 W
2026/08/17 19:30:42.125, 62, 2842 MHz, 230.23 W
2026/08/17 19:30:43.169, 62, 2842 MHz, 230.46 W
2026/08/17 19:30:44.211, 62, 2842 MHz, 231.11 W
2026/08/17 19:30:45.255, 62, 2842 MHz, 231.40 W
2026/08/17 19:30:46.299, 63, 2842 MHz, 231.71 W
2026/08/17 19:30:47.342, 63, 2842 MHz, 231.79 W
2026/08/17 19:30:48.385, 63, 2842 MHz, 232.17 W
2026/08/17 19:30:48.139, 63, 2842 MHz, 232.19 W
2026/08/17 19:30:49.182, 63, 2842 MHz, 231.40 W
2026/08/17 19:30:50.225, 63, 2842 MHz, 239.71 W
2026/08/17 19:30:51.269, 64, 2842 MHz, 248.05 W
2026/08/17 19:30:52.312, 64, 2842 MHz, 241.54 W
2026/08/17 19:30:53.355, 64, 2842 MHz, 243.36 W
2026/08/17 19:30:54.399, 64, 2842 MHz, 243.18 W
2026/08/17 19:30:55.441, 64, 2842 MHz, 242.44 W
2026/08/17 19:30:56.483, 65, 2842 MHz, 243.53 W
2026/08/17 19:30:57.525, 65, 2842 MHz, 244.12 W
2026/08/17 19:30:58.567, 65, 2842 MHz, 245.24 W
2026/08/17 19:30:59.610, 65, 2842 MHz, 246.19 W
2026/08/17 19:31:00.652, 65, 2842 MHz, 246.21 W
2026/08/17 19:31:01.694, 65, 2842 MHz, 245.52 W
2026/08/17 19:31:02.737, 65, 2842 MHz, 246.75 W
2026/08/17 19:31:03.781, 65, 2842 MHz, 247.18 W
2026/08/17 19:31:04.824, 65, 2842 MHz, 247.95 W
2026/08/17 19:31:05.867, 66, 2842 MHz, 248.25 W
2026/08/17 19:31:06.910, 66, 2842 MHz, 248.79 W
2026/08/17 19:31:07.954, 66, 2842 MHz, 247.85 W
2026/08/17 19:31:08.998, 66, 2842 MHz, 248.74 W
2026/08/17 19:31:10.041, 66, 2842 MHz, 249.49 W
2026/08/17 19:31:11.085, 66, 2842 MHz, 249.82 W
2026/08/17 19:31:12.129, 68, 2827 MHz, 263.58 W
2026/08/17 19:31:13.173, 66, 2842 MHz, 244.21 W
2026/08/17 19:31:14.218, 66, 2842 MHz, 244.86 W
2026/08/17 19:31:15.262, 66, 2842 MHz, 245.57 W
2026/08/17 19:31:16.307, 66, 2842 MHz, 244.10 W
2026/08/17 19:31:17.351, 66, 2842 MHz, 245.32 W
2026/08/17 19:31:18.396, 66, 2842 MHz, 245.84 W
2026/08/17 19:31:19.438, 66, 2842 MHz, 246.94 W
2026/08/17 19:31:19.177, 66, 2842 MHz, 247.54 W
2026/08/17 19:31:20.220, 66, 2842 MHz, 247.59 W
2026/08/17 19:31:21.263, 66, 2842 MHz, 246.97 W
2026/08/17 19:31:22.306, 66, 2842 MHz, 247.12 W
2026/08/17 19:31:23.349, 66, 2842 MHz, 247.93 W
2026/08/17 19:31:24.392, 66, 2842 MHz, 248.21 W
2026/08/17 19:31:25.435, 66, 2842 MHz, 248.37 W
2026/08/17 19:31:26.479, 66, 2842 MHz, 248.93 W
2026/08/17 19:31:27.522, 66, 2842 MHz, 248.48 W
2026/08/17 19:31:28.565, 66, 2842 MHz, 248.75 W
2026/08/17 19:31:29.609, 66, 2842 MHz, 248.87 W
2026/08/17 19:31:30.652, 66, 2842 MHz, 249.18 W
2026/08/17 19:31:31.696, 66, 2842 MHz, 266.03 W
2026/08/17 19:31:32.739, 66, 2842 MHz, 243.99 W
2026/08/17 19:31:33.782, 65, 2842 MHz, 244.58 W
2026/08/17 19:31:34.826, 65, 2842 MHz, 244.94 W
2026/08/17 19:31:35.871, 65, 2842 MHz, 244.34 W
2026/08/17 19:31:36.916, 65, 2842 MHz, 244.42 W
2026/08/17 19:31:37.961, 65, 2842 MHz, 245.09 W
2026/08/17 19:31:39.007, 65, 2842 MHz, 245.96 W
2026/08/17 19:31:40.052, 66, 2842 MHz, 246.20 W
2026/08/17 19:31:41.097, 65, 2842 MHz, 246.79 W
2026/08/17 19:31:42.142, 65, 2842 MHz, 246.68 W
2026/08/17 19:31:43.187, 65, 2842 MHz, 246.05 W
2026/08/17 19:31:44.231, 65, 2842 MHz, 246.99 W
2026/08/17 19:31:45.275, 66, 2842 MHz, 247.41 W
2026/08/17 19:31:46.319, 65, 2842 MHz, 248.06 W
2026/08/17 19:31:47.363, 65, 2842 MHz, 248.18 W
2026/08/17 19:31:48.407, 65, 2842 MHz, 248.27 W
2026/08/17 19:31:49.451, 66, 2842 MHz, 248.25 W
2026/08/17 19:31:50.495, 66, 2842 MHz, 248.32 W
2026/08/17 19:31:50.218, 66, 2842 MHz, 249.18 W
2026/08/17 19:31:51.260, 66, 2842 MHz, 257.70 W
2026/08/17 19:31:52.302, 66, 2842 MHz, 260.02 W
2026/08/17 19:31:53.345, 65, 2842 MHz, 244.04 W
2026/08/17 19:31:54.387, 65, 2842 MHz, 244.27 W
2026/08/17 19:31:55.429, 65, 2842 MHz, 244.51 W
2026/08/17 19:31:56.471, 65, 2842 MHz, 243.84 W
2026/08/17 19:31:57.513, 65, 2842 MHz, 244.57 W
2026/08/17 19:31:58.556, 65, 2842 MHz, 245.75 W
2026/08/17 19:31:59.600, 65, 2842 MHz, 245.76 W
2026/08/17 19:32:00.645, 65, 2842 MHz, 246.58 W
2026/08/17 19:32:01.690, 65, 2842 MHz, 246.75 W
2026/08/17 19:32:02.736, 65, 2842 MHz, 245.79 W
2026/08/17 19:32:03.781, 65, 2842 MHz, 246.67 W
2026/08/17 19:32:04.826, 65, 2842 MHz, 247.27 W
2026/08/17 19:32:05.872, 65, 2842 MHz, 247.89 W
2026/08/17 19:32:06.917, 65, 2842 MHz, 248.41 W
2026/08/17 19:32:07.966, 65, 2842 MHz, 248.58 W
2026/08/17 19:32:09.014, 65, 2842 MHz, 248.09 W
2026/08/17 19:32:10.062, 65, 2842 MHz, 248.09 W
2026/08/17 19:32:11.110, 65, 2842 MHz, 248.46 W
2026/08/17 19:32:12.159, 65, 2842 MHz, 249.18 W
2026/08/17 19:32:13.207, 65, 2842 MHz, 262.26 W
2026/08/17 19:32:14.256, 65, 2842 MHz, 243.34 W
2026/08/17 19:32:15.302, 65, 2842 MHz, 244.20 W
2026/08/17 19:32:16.346, 65, 2842 MHz, 244.89 W
2026/08/17 19:32:17.389, 65, 2842 MHz, 243.48 W
2026/08/17 19:32:18.432, 65, 2842 MHz, 244.10 W
2026/08/17 19:32:19.475, 65, 2842 MHz, 244.91 W
2026/08/17 19:32:20.519, 65, 2842 MHz, 246.08 W
2026/08/17 19:32:21.563, 65, 2842 MHz, 246.34 W
2026/08/17 19:32:21.260, 65, 2842 MHz, 247.00 W
2026/08/17 19:32:22.302, 65, 2842 MHz, 245.77 W
2026/08/17 19:32:23.345, 65, 2842 MHz, 246.32 W
2026/08/17 19:32:24.383, 65, 2842 MHz, 247.31 W
2026/08/17 19:32:25.421, 65, 2842 MHz, 247.35 W
2026/08/17 19:32:26.459, 65, 2842 MHz, 248.11 W
2026/08/17 19:32:27.498, 65, 2842 MHz, 248.06 W
2026/08/17 19:32:28.536, 65, 2842 MHz, 247.87 W
2026/08/17 19:32:29.574, 65, 2842 MHz, 247.81 W
2026/08/17 19:32:30.613, 65, 2842 MHz, 248.22 W
2026/08/17 19:32:31.657, 65, 2842 MHz, 248.76 W
2026/08/17 19:32:32.705, 66, 2835 MHz, 263.29 W
2026/08/17 19:32:33.754, 65, 2842 MHz, 243.39 W
2026/08/17 19:32:34.802, 65, 2842 MHz, 243.98 W
2026/08/17 19:32:35.850, 65, 2842 MHz, 244.60 W
2026/08/17 19:32:36.899, 65, 2842 MHz, 243.75 W
2026/08/17 19:32:37.948, 65, 2842 MHz, 243.63 W
2026/08/17 19:32:38.996, 65, 2842 MHz, 245.17 W
2026/08/17 19:32:40.043, 65, 2842 MHz, 245.71 W
2026/08/17 19:32:41.090, 65, 2842 MHz, 246.51 W
2026/08/17 19:32:42.138, 65, 2842 MHz, 247.10 W
2026/08/17 19:32:43.185, 65, 2842 MHz, 246.09 W
2026/08/17 19:32:44.232, 65, 2842 MHz, 246.49 W
2026/08/17 19:32:45.279, 65, 2842 MHz, 247.36 W
2026/08/17 19:32:46.327, 65, 2842 MHz, 248.03 W
2026/08/17 19:32:47.373, 65, 2842 MHz, 248.24 W
2026/08/17 19:32:48.416, 65, 2842 MHz, 248.02 W
2026/08/17 19:32:49.460, 65, 2842 MHz, 248.55 W
2026/08/17 19:32:50.503, 65, 2842 MHz, 248.06 W
2026/08/17 19:32:51.547, 65, 2842 MHz, 248.61 W
2026/08/17 19:32:52.589, 65, 2842 MHz, 248.73 W
2026/08/17 19:32:52.298, 71, 2835 MHz, 259.64 W
2026/08/17 19:32:53.343, 65, 2842 MHz, 256.28 W
2026/08/17 19:32:54.386, 65, 2842 MHz, 243.62 W
2026/08/17 19:32:55.429, 65, 2842 MHz, 244.07 W
2026/08/17 19:32:56.472, 65, 2842 MHz, 243.80 W
2026/08/17 19:32:57.515, 65, 2842 MHz, 242.99 W
2026/08/17 19:32:58.558, 65, 2842 MHz, 244.39 W
2026/08/17 19:32:59.602, 65, 2842 MHz, 245.49 W
2026/08/17 19:33:00.646, 65, 2842 MHz, 245.86 W
2026/08/17 19:33:01.689, 65, 2842 MHz, 246.26 W
2026/08/17 19:33:02.732, 65, 2842 MHz, 245.72 W
2026/08/17 19:33:03.775, 65, 2842 MHz, 245.74 W
2026/08/17 19:33:04.819, 65, 2842 MHz, 246.66 W
2026/08/17 19:33:05.862, 65, 2842 MHz, 247.13 W
2026/08/17 19:33:06.906, 65, 2842 MHz, 247.16 W
2026/08/17 19:33:07.949, 65, 2842 MHz, 247.54 W
2026/08/17 19:33:08.992, 65, 2842 MHz, 248.18 W
2026/08/17 19:33:10.036, 65, 2842 MHz, 247.84 W
2026/08/17 19:33:11.079, 65, 2842 MHz, 247.62 W
2026/08/17 19:33:12.123, 65, 2842 MHz, 248.01 W
2026/08/17 19:33:13.166, 65, 2842 MHz, 248.44 W
2026/08/17 19:33:14.209, 65, 2842 MHz, 263.53 W
2026/08/17 19:33:15.253, 65, 2842 MHz, 243.09 W
2026/08/17 19:33:16.296, 65, 2842 MHz, 244.00 W
2026/08/17 19:33:17.340, 65, 2842 MHz, 244.35 W
2026/08/17 19:33:18.383, 65, 2842 MHz, 242.86 W
2026/08/17 19:33:19.427, 65, 2842 MHz, 244.30 W
2026/08/17 19:33:20.471, 65, 2842 MHz, 244.97 W
2026/08/17 19:33:21.515, 65, 2842 MHz, 245.29 W
2026/08/17 19:33:22.558, 65, 2842 MHz, 245.87 W
2026/08/17 19:33:23.601, 65, 2842 MHz, 246.47 W
2026/08/17 19:33:23.340, 65, 2842 MHz, 245.91 W
2026/08/17 19:33:24.384, 65, 2842 MHz, 246.45 W
2026/08/17 19:33:25.427, 65, 2842 MHz, 246.82 W
2026/08/17 19:33:26.471, 65, 2842 MHz, 247.17 W
2026/08/17 19:33:27.514, 65, 2842 MHz, 247.38 W
2026/08/17 19:33:28.558, 65, 2842 MHz, 247.97 W
2026/08/17 19:33:29.601, 65, 2842 MHz, 247.95 W
2026/08/17 19:33:30.645, 65, 2842 MHz, 247.64 W
2026/08/17 19:33:31.689, 65, 2842 MHz, 248.44 W
2026/08/17 19:33:32.732, 65, 2842 MHz, 248.46 W
2026/08/17 19:33:33.776, 67, 2835 MHz, 264.99 W
2026/08/17 19:33:34.820, 65, 2842 MHz, 243.28 W
2026/08/17 19:33:35.863, 65, 2842 MHz, 243.48 W
2026/08/17 19:33:36.908, 65, 2842 MHz, 244.49 W
2026/08/17 19:33:37.952, 65, 2842 MHz, 243.16 W
2026/08/17 19:33:38.996, 65, 2842 MHz, 243.70 W
2026/08/17 19:33:40.040, 65, 2842 MHz, 244.71 W
2026/08/17 19:33:41.083, 65, 2842 MHz, 245.06 W
2026/08/17 19:33:42.127, 65, 2842 MHz, 245.88 W
2026/08/17 19:33:43.171, 65, 2842 MHz, 246.18 W
2026/08/17 19:33:44.215, 65, 2842 MHz, 246.21 W
2026/08/17 19:33:45.258, 65, 2842 MHz, 246.18 W
2026/08/17 19:33:46.303, 65, 2842 MHz, 246.55 W
2026/08/17 19:33:47.346, 65, 2842 MHz, 247.43 W
2026/08/17 19:33:48.390, 65, 2842 MHz, 247.16 W
2026/08/17 19:33:49.435, 65, 2842 MHz, 247.76 W
2026/08/17 19:33:50.479, 65, 2842 MHz, 248.00 W
2026/08/17 19:33:51.523, 65, 2842 MHz, 247.34 W
2026/08/17 19:33:52.567, 65, 2842 MHz, 248.08 W
2026/08/17 19:33:53.610, 65, 2842 MHz, 248.17 W
2026/08/17 19:33:53.340, 65, 2842 MHz, 261.54 W
2026/08/17 19:33:54.384, 65, 2842 MHz, 247.33 W
2026/08/17 19:33:55.427, 65, 2842 MHz, 243.10 W
2026/08/17 19:33:56.471, 65, 2842 MHz, 244.00 W
2026/08/17 19:33:57.514, 65, 2842 MHz, 243.26 W
2026/08/17 19:33:58.558, 65, 2842 MHz, 242.93 W
2026/08/17 19:33:59.601, 65, 2842 MHz, 243.91 W
2026/08/17 19:34:00.645, 65, 2842 MHz, 244.79 W
2026/08/17 19:34:01.687, 65, 2842 MHz, 245.57 W
2026/08/17 19:34:02.731, 65, 2842 MHz, 245.75 W
2026/08/17 19:34:03.774, 65, 2842 MHz, 246.31 W
2026/08/17 19:34:04.817, 65, 2842 MHz, 245.00 W
2026/08/17 19:34:05.861, 65, 2842 MHz, 246.05 W
2026/08/17 19:34:06.904, 65, 2842 MHz, 246.52 W
2026/08/17 19:34:07.949, 65, 2842 MHz, 246.59 W
2026/08/17 19:34:08.993, 65, 2842 MHz, 247.47 W
2026/08/17 19:34:10.038, 65, 2842 MHz, 247.60 W
2026/08/17 19:34:11.083, 65, 2842 MHz, 247.62 W
2026/08/17 19:34:12.128, 65, 2842 MHz, 247.87 W
2026/08/17 19:34:13.172, 65, 2842 MHz, 248.01 W
2026/08/17 19:34:14.217, 65, 2842 MHz, 248.73 W
2026/08/17 19:34:15.262, 65, 2842 MHz, 263.47 W
2026/08/17 19:34:16.307, 65, 2842 MHz, 243.50 W
2026/08/17 19:34:17.351, 65, 2842 MHz, 243.79 W
2026/08/17 19:34:18.396, 65, 2842 MHz, 244.05 W
2026/08/17 19:34:19.440, 65, 2842 MHz, 243.02 W
2026/08/17 19:34:20.484, 65, 2842 MHz, 244.06 W
2026/08/17 19:34:21.529, 65, 2842 MHz, 244.83 W
2026/08/17 19:34:22.573, 65, 2842 MHz, 245.52 W
2026/08/17 19:34:23.617, 65, 2842 MHz, 245.75 W
2026/08/17 19:34:24.661, 65, 2842 MHz, 246.40 W
2026/08/17 19:34:24.381, 65, 2842 MHz, 245.70 W
2026/08/17 19:34:25.425, 65, 2842 MHz, 246.29 W
2026/08/17 19:34:26.469, 65, 2842 MHz, 246.66 W
2026/08/17 19:34:27.512, 65, 2842 MHz, 247.05 W
2026/08/17 19:34:28.556, 65, 2842 MHz, 247.50 W
2026/08/17 19:34:29.599, 65, 2842 MHz, 248.01 W
2026/08/17 19:34:30.642, 65, 2842 MHz, 247.98 W
2026/08/17 19:34:31.685, 65, 2842 MHz, 247.77 W
2026/08/17 19:34:32.729, 65, 2842 MHz, 247.93 W
2026/08/17 19:34:33.772, 65, 2842 MHz, 248.69 W
2026/08/17 19:34:34.815, 66, 2827 MHz, 264.88 W
2026/08/17 19:34:35.860, 65, 2842 MHz, 243.11 W
2026/08/17 19:34:36.903, 65, 2842 MHz, 243.78 W
2026/08/17 19:34:37.947, 65, 2842 MHz, 243.74 W
2026/08/17 19:34:38.990, 65, 2842 MHz, 243.25 W
2026/08/17 19:34:40.034, 65, 2842 MHz, 243.38 W
2026/08/17 19:34:41.078, 65, 2842 MHz, 244.31 W
2026/08/17 19:34:42.122, 65, 2842 MHz, 244.87 W
2026/08/17 19:34:43.167, 65, 2842 MHz, 245.32 W
2026/08/17 19:34:44.211, 65, 2842 MHz, 245.82 W
2026/08/17 19:34:45.256, 65, 2842 MHz, 245.75 W
2026/08/17 19:34:46.299, 65, 2842 MHz, 245.56 W
2026/08/17 19:34:47.343, 65, 2842 MHz, 246.59 W
2026/08/17 19:34:48.387, 65, 2842 MHz, 246.85 W
2026/08/17 19:34:49.431, 65, 2842 MHz, 247.46 W
2026/08/17 19:34:50.476, 65, 2842 MHz, 247.79 W
2026/08/17 19:34:51.520, 65, 2842 MHz, 248.02 W
2026/08/17 19:34:52.565, 65, 2842 MHz, 247.56 W
2026/08/17 19:34:53.610, 65, 2842 MHz, 247.32 W
2026/08/17 19:34:54.654, 65, 2842 MHz, 248.03 W
2026/08/17 19:34:55.698, 69, 2842 MHz, 257.01 W
2026/08/17 19:34:55.425, 65, 2842 MHz, 259.53 W
2026/08/17 19:34:56.468, 65, 2842 MHz, 243.32 W
2026/08/17 19:34:57.512, 65, 2842 MHz, 243.48 W
2026/08/17 19:34:58.555, 65, 2842 MHz, 243.69 W
2026/08/17 19:34:59.598, 65, 2842 MHz, 242.87 W
2026/08/17 19:35:00.642, 65, 2842 MHz, 244.20 W
2026/08/17 19:35:01.686, 65, 2842 MHz, 245.00 W
2026/08/17 19:35:02.730, 65, 2842 MHz, 245.11 W
2026/08/17 19:35:03.773, 65, 2842 MHz, 246.42 W
2026/08/17 19:35:04.818, 65, 2842 MHz, 246.51 W
2026/08/17 19:35:05.862, 65, 2842 MHz, 245.60 W
2026/08/17 19:35:06.907, 65, 2842 MHz, 246.63 W
2026/08/17 19:35:07.953, 65, 2842 MHz, 246.58 W
2026/08/17 19:35:08.997, 65, 2842 MHz, 247.24 W
2026/08/17 19:35:10.042, 65, 2842 MHz, 247.80 W
2026/08/17 19:35:11.087, 65, 2842 MHz, 248.11 W
2026/08/17 19:35:12.132, 65, 2842 MHz, 247.79 W
2026/08/17 19:35:13.178, 65, 2842 MHz, 247.07 W
2026/08/17 19:35:14.223, 65, 2842 MHz, 248.09 W
2026/08/17 19:35:15.269, 65, 2842 MHz, 248.63 W
2026/08/17 19:35:16.314, 65, 2842 MHz, 261.79 W
2026/08/17 19:35:17.360, 65, 2842 MHz, 243.14 W
2026/08/17 19:35:18.406, 65, 2842 MHz, 243.35 W
2026/08/17 19:35:19.452, 65, 2842 MHz, 244.44 W
2026/08/17 19:35:20.496, 65, 2842 MHz, 242.94 W
2026/08/17 19:35:21.540, 65, 2842 MHz, 243.93 W
2026/08/17 19:35:22.585, 65, 2842 MHz, 244.73 W
2026/08/17 19:35:23.628, 65, 2842 MHz, 245.16 W
2026/08/17 19:35:24.673, 65, 2842 MHz, 246.04 W
2026/08/17 19:35:25.717, 65, 2842 MHz, 246.64 W
2026/08/17 19:35:26.761, 65, 2842 MHz, 246.02 W
2026/08/17 19:35:26.469, 65, 2842 MHz, 246.26 W
2026/08/17 19:35:27.514, 65, 2842 MHz, 246.58 W
2026/08/17 19:35:28.557, 65, 2842 MHz, 247.41 W
2026/08/17 19:35:29.600, 65, 2842 MHz, 247.81 W
2026/08/17 19:35:30.643, 65, 2842 MHz, 248.10 W
2026/08/17 19:35:31.687, 65, 2842 MHz, 247.71 W
2026/08/17 19:35:32.730, 65, 2842 MHz, 247.53 W
2026/08/17 19:35:33.773, 65, 2842 MHz, 248.36 W
2026/08/17 19:35:34.816, 65, 2842 MHz, 248.99 W
2026/08/17 19:35:35.860, 67, 2827 MHz, 265.43 W
2026/08/17 19:35:36.906, 65, 2842 MHz, 243.23 W
2026/08/17 19:35:37.952, 65, 2842 MHz, 243.45 W
2026/08/17 19:35:38.997, 65, 2842 MHz, 244.32 W
2026/08/17 19:35:40.043, 65, 2842 MHz, 243.71 W
2026/08/17 19:35:41.088, 65, 2842 MHz, 243.57 W
2026/08/17 19:35:42.135, 65, 2842 MHz, 244.47 W
2026/08/17 19:35:43.180, 65, 2842 MHz, 245.06 W
2026/08/17 19:35:44.226, 65, 2842 MHz, 246.25 W
2026/08/17 19:35:45.273, 65, 2842 MHz, 246.70 W
2026/08/17 19:35:46.319, 65, 2842 MHz, 246.47 W
2026/08/17 19:35:47.366, 65, 2842 MHz, 245.95 W
2026/08/17 19:35:48.412, 65, 2842 MHz, 246.16 W
2026/08/17 19:35:49.458, 65, 2842 MHz, 247.35 W
2026/08/17 19:35:50.504, 65, 2842 MHz, 247.70 W
2026/08/17 19:35:51.551, 65, 2842 MHz, 247.78 W
2026/08/17 19:35:52.595, 65, 2842 MHz, 247.94 W
2026/08/17 19:35:53.639, 65, 2842 MHz, 246.93 W
2026/08/17 19:35:54.682, 65, 2842 MHz, 247.81 W
2026/08/17 19:35:55.726, 65, 2842 MHz, 248.09 W
2026/08/17 19:35:56.769, 65, 2842 MHz, 259.40 W
2026/08/17 19:35:57.812, 65, 2842 MHz, 255.42 W
2026/08/17 19:35:57.512, 65, 2842 MHz, 242.85 W
2026/08/17 19:35:58.555, 65, 2842 MHz, 243.77 W
2026/08/17 19:35:59.599, 65, 2842 MHz, 243.45 W
2026/08/17 19:36:00.638, 65, 2842 MHz, 242.52 W
2026/08/17 19:36:01.677, 65, 2842 MHz, 244.11 W
2026/08/17 19:36:02.717, 65, 2842 MHz, 244.58 W
2026/08/17 19:36:03.756, 65, 2842 MHz, 245.68 W
2026/08/17 19:36:04.795, 65, 2842 MHz, 246.27 W
2026/08/17 19:36:05.834, 65, 2842 MHz, 246.43 W
2026/08/17 19:36:06.874, 65, 2842 MHz, 245.79 W
2026/08/17 19:36:07.916, 65, 2842 MHz, 246.27 W
2026/08/17 19:36:08.966, 65, 2842 MHz, 246.86 W
2026/08/17 19:36:10.016, 65, 2842 MHz, 247.38 W
2026/08/17 19:36:11.066, 65, 2842 MHz, 247.30 W
2026/08/17 19:36:12.116, 65, 2842 MHz, 247.87 W
2026/08/17 19:36:13.166, 65, 2842 MHz, 247.16 W
2026/08/17 19:36:14.216, 65, 2842 MHz, 247.67 W
2026/08/17 19:36:15.266, 65, 2842 MHz, 248.26 W
2026/08/17 19:36:16.314, 65, 2842 MHz, 248.47 W
2026/08/17 19:36:17.360, 65, 2835 MHz, 263.81 W
2026/08/17 19:36:18.407, 65, 2842 MHz, 243.04 W
2026/08/17 19:36:19.453, 65, 2842 MHz, 244.05 W
2026/08/17 19:36:20.499, 65, 2842 MHz, 244.67 W
2026/08/17 19:36:21.546, 65, 2842 MHz, 243.12 W
2026/08/17 19:36:22.592, 65, 2842 MHz, 244.09 W
2026/08/17 19:36:23.638, 65, 2842 MHz, 244.25 W
2026/08/17 19:36:24.680, 65, 2842 MHz, 245.17 W
2026/08/17 19:36:25.722, 65, 2842 MHz, 245.84 W
2026/08/17 19:36:26.765, 65, 2842 MHz, 246.58 W
2026/08/17 19:36:27.807, 65, 2842 MHz, 245.76 W
2026/08/17 19:36:28.849, 65, 2842 MHz, 245.92 W
2026/08/17 19:36:28.550, 65, 2842 MHz, 247.24 W
2026/08/17 19:36:29.592, 65, 2842 MHz, 247.44 W
2026/08/17 19:36:30.634, 65, 2842 MHz, 248.24 W
2026/08/17 19:36:31.676, 65, 2842 MHz, 248.22 W
2026/08/17 19:36:32.719, 65, 2842 MHz, 247.66 W
2026/08/17 19:36:33.763, 65, 2842 MHz, 247.82 W
2026/08/17 19:36:34.806, 65, 2842 MHz, 248.22 W
2026/08/17 19:36:35.849, 65, 2842 MHz, 248.77 W
2026/08/17 19:36:36.892, 74, 2835 MHz, 264.54 W
2026/08/17 19:36:37.935, 65, 2842 MHz, 242.84 W
2026/08/17 19:36:38.979, 65, 2842 MHz, 243.59 W
2026/08/17 19:36:40.022, 65, 2842 MHz, 244.13 W
2026/08/17 19:36:41.065, 65, 2842 MHz, 243.42 W
2026/08/17 19:36:42.108, 65, 2842 MHz, 243.68 W
2026/08/17 19:36:43.152, 65, 2842 MHz, 244.37 W
2026/08/17 19:36:44.195, 65, 2842 MHz, 245.41 W
2026/08/17 19:36:45.239, 65, 2842 MHz, 245.63 W
2026/08/17 19:36:46.282, 65, 2842 MHz, 246.63 W
2026/08/17 19:36:47.326, 65, 2842 MHz, 246.15 W
2026/08/17 19:36:48.369, 65, 2842 MHz, 245.68 W
2026/08/17 19:36:49.413, 65, 2842 MHz, 246.48 W
2026/08/17 19:36:50.456, 65, 2842 MHz, 247.15 W
2026/08/17 19:36:51.500, 65, 2842 MHz, 247.77 W
2026/08/17 19:36:52.543, 65, 2842 MHz, 248.09 W
2026/08/17 19:36:53.586, 65, 2842 MHz, 247.98 W
2026/08/17 19:36:54.630, 65, 2842 MHz, 247.60 W
2026/08/17 19:36:55.674, 65, 2842 MHz, 248.29 W
2026/08/17 19:36:56.717, 65, 2842 MHz, 248.66 W
2026/08/17 19:36:57.761, 65, 2842 MHz, 264.00 W
2026/08/17 19:36:58.805, 65, 2842 MHz, 252.35 W
2026/08/17 19:36:59.849, 65, 2842 MHz, 242.45 W
2026/08/17 19:36:59.591, 65, 2842 MHz, 242.70 W
2026/08/17 19:37:00.635, 65, 2842 MHz, 243.62 W
2026/08/17 19:37:01.679, 65, 2842 MHz, 243.92 W
2026/08/17 19:37:02.723, 65, 2842 MHz, 242.39 W
2026/08/17 19:37:03.767, 65, 2842 MHz, 242.21 W
2026/08/17 19:37:04.811, 65, 2842 MHz, 243.46 W
2026/08/17 19:37:05.856, 65, 2842 MHz, 243.88 W
2026/08/17 19:37:06.900, 65, 2842 MHz, 243.71 W
2026/08/17 19:37:07.944, 65, 2842 MHz, 242.08 W
2026/08/17 19:37:08.988, 65, 2842 MHz, 242.05 W
2026/08/17 19:37:10.032, 65, 2842 MHz, 243.27 W
2026/08/17 19:37:11.076, 65, 2842 MHz, 244.13 W
2026/08/17 19:37:12.120, 65, 2842 MHz, 244.84 W
2026/08/17 19:37:13.163, 65, 2842 MHz, 244.57 W
2026/08/17 19:37:14.207, 65, 2842 MHz, 242.11 W
2026/08/17 19:37:15.251, 65, 2842 MHz, 242.93 W
2026/08/17 19:37:16.295, 65, 2842 MHz, 243.54 W
2026/08/17 19:37:17.339, 65, 2842 MHz, 208.59 W
2026/08/17 19:37:18.383, 56, 2865 MHz, 66.46 W
2026/08/17 19:37:19.427, 54, 2760 MHz, 55.78 W
2026/08/17 19:37:20.471, 53, 450 MHz, 37.46 W
2026/08/17 19:37:21.514, 52, 277 MHz, 30.39 W
2026/08/17 19:37:22.558, 51, 277 MHz, 24.67 W
2026/08/17 19:37:23.602, 51, 180 MHz, 22.55 W
2026/08/17 19:37:24.645, 50, 172 MHz, 23.51 W
2026/08/17 19:37:25.688, 59, 2857 MHz, 180.58 W
2026/08/17 19:37:26.732, 60, 2857 MHz, 227.82 W
2026/08/17 19:37:27.776, 61, 2857 MHz, 228.45 W
2026/08/17 19:37:28.820, 61, 2842 MHz, 228.38 W
2026/08/17 19:37:29.864, 61, 2842 MHz, 229.59 W
2026/08/17 19:37:30.908, 61, 2842 MHz, 229.55 W
2026/08/17 19:37:30.636, 62, 2842 MHz, 230.40 W
2026/08/17 19:37:31.680, 62, 2842 MHz, 229.43 W
2026/08/17 19:37:32.724, 62, 2842 MHz, 229.35 W
2026/08/17 19:37:33.768, 62, 2842 MHz, 230.29 W
2026/08/17 19:37:34.812, 62, 2842 MHz, 230.66 W
2026/08/17 19:37:35.856, 62, 2842 MHz, 231.23 W
2026/08/17 19:37:36.901, 62, 2842 MHz, 231.68 W
2026/08/17 19:37:37.945, 63, 2842 MHz, 232.13 W
2026/08/17 19:37:38.989, 63, 2842 MHz, 232.66 W
2026/08/17 19:37:40.032, 63, 2842 MHz, 232.56 W
2026/08/17 19:37:41.076, 63, 2842 MHz, 232.10 W
2026/08/17 19:37:42.120, 63, 2842 MHz, 231.15 W
2026/08/17 19:37:43.164, 69, 2842 MHz, 244.20 W
2026/08/17 19:37:44.209, 64, 2842 MHz, 237.69 W
2026/08/17 19:37:45.253, 64, 2842 MHz, 242.07 W
2026/08/17 19:37:46.297, 64, 2842 MHz, 243.32 W
2026/08/17 19:37:47.341, 64, 2842 MHz, 242.50 W
2026/08/17 19:37:48.385, 64, 2842 MHz, 242.73 W
2026/08/17 19:37:49.429, 65, 2842 MHz, 243.99 W
2026/08/17 19:37:50.474, 65, 2842 MHz, 244.52 W
2026/08/17 19:37:51.519, 65, 2842 MHz, 245.53 W
2026/08/17 19:37:52.563, 65, 2842 MHz, 245.85 W
2026/08/17 19:37:53.607, 65, 2842 MHz, 245.83 W
2026/08/17 19:37:54.652, 65, 2842 MHz, 245.35 W
2026/08/17 19:37:55.696, 65, 2842 MHz, 246.40 W
2026/08/17 19:37:56.740, 65, 2842 MHz, 247.58 W
2026/08/17 19:37:57.784, 66, 2842 MHz, 247.60 W
2026/08/17 19:37:58.828, 66, 2842 MHz, 248.34 W
2026/08/17 19:37:59.873, 66, 2842 MHz, 248.32 W
2026/08/17 19:38:00.917, 66, 2842 MHz, 248.24 W
2026/08/17 19:38:01.960, 66, 2842 MHz, 248.76 W
2026/08/17 19:38:01.678, 66, 2842 MHz, 248.79 W
2026/08/17 19:38:02.722, 66, 2842 MHz, 257.09 W
2026/08/17 19:38:03.766, 66, 2842 MHz, 257.75 W
2026/08/17 19:38:04.810, 66, 2842 MHz, 244.12 W
2026/08/17 19:38:05.854, 66, 2842 MHz, 245.12 W
2026/08/17 19:38:06.898, 66, 2842 MHz, 245.07 W
2026/08/17 19:38:07.942, 66, 2842 MHz, 244.46 W
2026/08/17 19:38:08.986, 66, 2842 MHz, 245.34 W
2026/08/17 19:38:10.030, 66, 2842 MHz, 245.79 W
2026/08/17 19:38:11.074, 66, 2842 MHz, 246.25 W
2026/08/17 19:38:12.118, 65, 2842 MHz, 247.00 W
2026/08/17 19:38:13.162, 65, 2842 MHz, 247.57 W
2026/08/17 19:38:14.206, 65, 2842 MHz, 246.20 W
2026/08/17 19:38:15.250, 65, 2842 MHz, 247.31 W
2026/08/17 19:38:16.294, 65, 2842 MHz, 247.71 W
2026/08/17 19:38:17.339, 65, 2842 MHz, 248.13 W
2026/08/17 19:38:18.382, 65, 2842 MHz, 248.49 W
2026/08/17 19:38:19.426, 65, 2842 MHz, 248.31 W
2026/08/17 19:38:20.470, 65, 2842 MHz, 248.01 W
2026/08/17 19:38:21.514, 65, 2842 MHz, 247.89 W
2026/08/17 19:38:22.558, 65, 2842 MHz, 248.62 W
2026/08/17 19:38:23.602, 65, 2842 MHz, 249.36 W
2026/08/17 19:38:24.646, 66, 2827 MHz, 263.50 W
2026/08/17 19:38:25.690, 65, 2842 MHz, 243.48 W
2026/08/17 19:38:26.734, 65, 2842 MHz, 243.74 W
2026/08/17 19:38:27.778, 65, 2842 MHz, 244.69 W
2026/08/17 19:38:28.822, 64, 2842 MHz, 243.24 W
2026/08/17 19:38:29.866, 64, 2842 MHz, 243.83 W
2026/08/17 19:38:30.910, 64, 2842 MHz, 244.89 W
2026/08/17 19:38:31.954, 64, 2842 MHz, 245.52 W
2026/08/17 19:38:32.998, 64, 2842 MHz, 246.39 W
2026/08/17 19:38:32.718, 64, 2842 MHz, 246.86 W
2026/08/17 19:38:33.761, 64, 2842 MHz, 245.73 W
2026/08/17 19:38:34.805, 64, 2842 MHz, 245.93 W
2026/08/17 19:38:35.848, 64, 2842 MHz, 246.73 W
2026/08/17 19:38:36.892, 64, 2842 MHz, 247.36 W
2026/08/17 19:38:37.936, 64, 2842 MHz, 247.84 W
2026/08/17 19:38:38.980, 64, 2842 MHz, 247.69 W
2026/08/17 19:38:40.025, 64, 2842 MHz, 247.48 W
2026/08/17 19:38:41.069, 64, 2842 MHz, 247.33 W
2026/08/17 19:38:42.113, 64, 2842 MHz, 248.25 W
2026/08/17 19:38:43.157, 64, 2842 MHz, 248.54 W
2026/08/17 19:38:44.201, 65, 2842 MHz, 263.26 W
2026/08/17 19:38:45.245, 64, 2842 MHz, 242.33 W
2026/08/17 19:38:46.290, 64, 2842 MHz, 243.11 W
2026/08/17 19:38:47.334, 64, 2842 MHz, 243.72 W
2026/08/17 19:38:48.378, 64, 2842 MHz, 242.87 W
2026/08/17 19:38:49.423, 64, 2842 MHz, 242.90 W
2026/08/17 19:38:50.468, 64, 2842 MHz, 243.03 W
2026/08/17 19:38:51.513, 64, 2842 MHz, 244.36 W
2026/08/17 19:38:52.558, 64, 2842 MHz, 245.09 W
2026/08/17 19:38:53.602, 64, 2842 MHz, 245.59 W
2026/08/17 19:38:54.648, 64, 2842 MHz, 245.42 W
2026/08/17 19:38:55.692, 64, 2842 MHz, 244.25 W
2026/08/17 19:38:56.737, 64, 2842 MHz, 245.82 W
2026/08/17 19:38:57.781, 64, 2842 MHz, 246.63 W
2026/08/17 19:38:58.825, 64, 2842 MHz, 246.82 W
2026/08/17 19:38:59.869, 64, 2842 MHz, 247.11 W
2026/08/17 19:39:00.914, 64, 2842 MHz, 246.59 W
2026/08/17 19:39:01.957, 64, 2842 MHz, 246.81 W
2026/08/17 19:39:03.001, 64, 2842 MHz, 247.04 W
2026/08/17 19:39:02.717, 64, 2842 MHz, 247.44 W
2026/08/17 19:39:03.761, 64, 2842 MHz, 253.26 W
2026/08/17 19:39:04.805, 64, 2842 MHz, 259.62 W
2026/08/17 19:39:05.848, 64, 2842 MHz, 242.73 W
2026/08/17 19:39:06.892, 64, 2842 MHz, 243.31 W
2026/08/17 19:39:07.936, 64, 2842 MHz, 243.31 W
2026/08/17 19:39:08.979, 64, 2842 MHz, 242.19 W
2026/08/17 19:39:10.022, 64, 2842 MHz, 242.87 W
2026/08/17 19:39:11.065, 64, 2842 MHz, 244.04 W
2026/08/17 19:39:12.109, 64, 2842 MHz, 244.87 W
2026/08/17 19:39:13.154, 64, 2842 MHz, 245.24 W
2026/08/17 19:39:14.200, 64, 2842 MHz, 245.40 W
2026/08/17 19:39:15.245, 64, 2842 MHz, 244.36 W
2026/08/17 19:39:16.290, 64, 2842 MHz, 245.95 W
2026/08/17 19:39:17.336, 64, 2842 MHz, 246.57 W
2026/08/17 19:39:18.381, 64, 2842 MHz, 246.68 W
2026/08/17 19:39:19.426, 64, 2842 MHz, 246.43 W
2026/08/17 19:39:20.472, 64, 2842 MHz, 247.39 W
2026/08/17 19:39:21.519, 64, 2842 MHz, 246.78 W
2026/08/17 19:39:22.565, 64, 2842 MHz, 247.05 W
2026/08/17 19:39:23.611, 64, 2842 MHz, 247.45 W
2026/08/17 19:39:24.656, 64, 2842 MHz, 247.18 W
2026/08/17 19:39:25.703, 66, 2827 MHz, 260.84 W
2026/08/17 19:39:26.749, 64, 2842 MHz, 242.51 W
2026/08/17 19:39:27.796, 64, 2842 MHz, 243.04 W
2026/08/17 19:39:28.841, 64, 2842 MHz, 243.42 W
2026/08/17 19:39:29.885, 64, 2842 MHz, 241.73 W
2026/08/17 19:39:30.929, 64, 2842 MHz, 242.95 W
2026/08/17 19:39:31.973, 64, 2842 MHz, 243.92 W
2026/08/17 19:39:33.017, 64, 2842 MHz, 244.43 W
2026/08/17 19:39:34.060, 64, 2842 MHz, 245.03 W
2026/08/17 19:39:33.758, 64, 2842 MHz, 244.86 W
2026/08/17 19:39:34.802, 64, 2842 MHz, 244.68 W
2026/08/17 19:39:35.846, 64, 2842 MHz, 245.22 W
2026/08/17 19:39:36.888, 64, 2842 MHz, 246.01 W
2026/08/17 19:39:37.932, 64, 2842 MHz, 246.32 W
2026/08/17 19:39:38.974, 64, 2842 MHz, 246.60 W
2026/08/17 19:39:40.016, 64, 2842 MHz, 247.20 W
2026/08/17 19:39:41.059, 64, 2842 MHz, 246.88 W
2026/08/17 19:39:42.102, 64, 2842 MHz, 246.53 W
2026/08/17 19:39:43.145, 64, 2842 MHz, 246.79 W
2026/08/17 19:39:44.188, 64, 2842 MHz, 247.07 W
2026/08/17 19:39:45.233, 65, 2835 MHz, 262.01 W
2026/08/17 19:39:46.280, 64, 2842 MHz, 242.19 W
2026/08/17 19:39:47.326, 64, 2842 MHz, 242.67 W
2026/08/17 19:39:48.372, 64, 2842 MHz, 242.99 W
2026/08/17 19:39:49.418, 63, 2842 MHz, 242.24 W
2026/08/17 19:39:50.464, 64, 2842 MHz, 242.35 W
2026/08/17 19:39:51.511, 64, 2842 MHz, 243.68 W
2026/08/17 19:39:52.558, 64, 2842 MHz, 244.28 W
2026/08/17 19:39:53.605, 64, 2842 MHz, 244.63 W
2026/08/17 19:39:54.651, 64, 2842 MHz, 245.15 W
2026/08/17 19:39:55.698, 64, 2842 MHz, 244.88 W
2026/08/17 19:39:56.745, 64, 2842 MHz, 244.94 W
2026/08/17 19:39:57.791, 64, 2842 MHz, 245.92 W
2026/08/17 19:39:58.838, 64, 2842 MHz, 245.93 W
2026/08/17 19:39:59.885, 64, 2842 MHz, 246.33 W
2026/08/17 19:40:00.931, 64, 2842 MHz, 246.69 W
2026/08/17 19:40:01.975, 64, 2842 MHz, 247.09 W
2026/08/17 19:40:03.018, 64, 2842 MHz, 246.63 W
2026/08/17 19:40:04.062, 64, 2842 MHz, 246.93 W
2026/08/17 19:40:05.106, 64, 2842 MHz, 247.07 W
2026/08/17 19:40:04.793, 69, 2842 MHz, 257.70 W
2026/08/17 19:40:05.836, 64, 2842 MHz, 256.35 W
2026/08/17 19:40:06.881, 64, 2842 MHz, 242.29 W
2026/08/17 19:40:07.925, 64, 2842 MHz, 242.63 W
2026/08/17 19:40:08.969, 64, 2842 MHz, 242.43 W
2026/08/17 19:40:10.013, 64, 2842 MHz, 241.83 W
2026/08/17 19:40:11.058, 64, 2842 MHz, 243.30 W
2026/08/17 19:40:12.101, 64, 2842 MHz, 243.95 W
2026/08/17 19:40:13.145, 64, 2842 MHz, 244.75 W
2026/08/17 19:40:14.189, 64, 2842 MHz, 245.18 W
2026/08/17 19:40:15.233, 64, 2842 MHz, 245.06 W
2026/08/17 19:40:16.276, 64, 2842 MHz, 244.81 W
2026/08/17 19:40:17.320, 64, 2842 MHz, 245.50 W
2026/08/17 19:40:18.364, 64, 2842 MHz, 246.44 W
2026/08/17 19:40:19.408, 64, 2842 MHz, 246.57 W
2026/08/17 19:40:20.452, 64, 2842 MHz, 246.56 W
2026/08/17 19:40:21.496, 64, 2842 MHz, 247.44 W
2026/08/17 19:40:22.540, 64, 2842 MHz, 246.74 W
2026/08/17 19:40:23.584, 64, 2842 MHz, 247.40 W
2026/08/17 19:40:24.629, 64, 2842 MHz, 247.82 W
2026/08/17 19:40:25.673, 64, 2842 MHz, 247.61 W
2026/08/17 19:40:26.717, 64, 2842 MHz, 262.97 W
2026/08/17 19:40:27.761, 64, 2842 MHz, 242.38 W
2026/08/17 19:40:28.805, 64, 2842 MHz, 243.35 W
2026/08/17 19:40:29.849, 64, 2842 MHz, 243.87 W
2026/08/17 19:40:30.893, 64, 2842 MHz, 242.09 W
2026/08/17 19:40:31.937, 64, 2842 MHz, 243.32 W
2026/08/17 19:40:32.981, 64, 2842 MHz, 243.74 W
2026/08/17 19:40:34.025, 64, 2842 MHz, 244.42 W
2026/08/17 19:40:35.070, 64, 2842 MHz, 244.95 W
2026/08/17 19:40:36.114, 64, 2842 MHz, 245.45 W
2026/08/17 19:40:35.843, 64, 2842 MHz, 245.12 W
2026/08/17 19:40:36.887, 64, 2842 MHz, 245.11 W
2026/08/17 19:40:37.932, 64, 2842 MHz, 245.92 W
2026/08/17 19:40:38.976, 64, 2842 MHz, 246.15 W
2026/08/17 19:40:40.021, 64, 2842 MHz, 246.54 W
2026/08/17 19:40:41.065, 64, 2842 MHz, 246.82 W
2026/08/17 19:40:42.109, 64, 2842 MHz, 246.58 W
2026/08/17 19:40:43.154, 64, 2842 MHz, 246.40 W
2026/08/17 19:40:44.198, 64, 2842 MHz, 246.70 W
2026/08/17 19:40:45.242, 64, 2842 MHz, 247.57 W
2026/08/17 19:40:46.286, 65, 2827 MHz, 263.77 W
2026/08/17 19:40:47.331, 64, 2842 MHz, 242.21 W
2026/08/17 19:40:48.375, 64, 2842 MHz, 242.85 W
2026/08/17 19:40:49.419, 64, 2842 MHz, 243.00 W
2026/08/17 19:40:50.463, 64, 2842 MHz, 242.39 W
2026/08/17 19:40:51.508, 64, 2842 MHz, 242.43 W
2026/08/17 19:40:52.552, 64, 2842 MHz, 243.75 W
2026/08/17 19:40:53.596, 64, 2842 MHz, 244.12 W
2026/08/17 19:40:54.640, 64, 2842 MHz, 244.27 W
2026/08/17 19:40:55.685, 64, 2842 MHz, 244.79 W
2026/08/17 19:40:56.730, 64, 2842 MHz, 244.81 W
2026/08/17 19:40:57.773, 64, 2842 MHz, 244.94 W
2026/08/17 19:40:58.816, 64, 2842 MHz, 245.64 W
2026/08/17 19:40:59.860, 64, 2842 MHz, 245.94 W
2026/08/17 19:41:00.903, 64, 2842 MHz, 246.59 W
2026/08/17 19:41:01.947, 64, 2842 MHz, 246.49 W
2026/08/17 19:41:02.990, 64, 2842 MHz, 246.86 W
2026/08/17 19:41:04.033, 64, 2842 MHz, 246.29 W
2026/08/17 19:41:05.076, 64, 2842 MHz, 246.82 W
2026/08/17 19:41:06.120, 65, 2842 MHz, 247.10 W
2026/08/17 19:41:07.165, 70, 2842 MHz, 259.56 W
2026/08/17 19:41:06.888, 64, 2842 MHz, 255.16 W
2026/08/17 19:41:07.932, 64, 2842 MHz, 242.37 W
2026/08/17 19:41:08.976, 64, 2842 MHz, 242.66 W
2026/08/17 19:41:10.021, 64, 2842 MHz, 242.67 W
2026/08/17 19:41:11.065, 64, 2842 MHz, 242.02 W
2026/08/17 19:41:12.110, 64, 2842 MHz, 243.72 W
2026/08/17 19:41:13.154, 64, 2842 MHz, 244.53 W
2026/08/17 19:41:14.199, 64, 2842 MHz, 244.54 W
2026/08/17 19:41:15.245, 64, 2842 MHz, 244.75 W
2026/08/17 19:41:16.290, 64, 2842 MHz, 245.58 W
2026/08/17 19:41:17.336, 64, 2842 MHz, 244.73 W
2026/08/17 19:41:18.381, 64, 2842 MHz, 245.61 W
2026/08/17 19:41:19.426, 64, 2842 MHz, 245.59 W
2026/08/17 19:41:20.472, 65, 2842 MHz, 246.16 W
2026/08/17 19:41:21.517, 65, 2842 MHz, 246.73 W
2026/08/17 19:41:22.562, 64, 2842 MHz, 247.32 W
2026/08/17 19:41:23.606, 65, 2842 MHz, 246.76 W
2026/08/17 19:41:24.650, 65, 2842 MHz, 247.02 W
2026/08/17 19:41:25.695, 65, 2842 MHz, 247.16 W
2026/08/17 19:41:26.739, 65, 2842 MHz, 247.97 W
2026/08/17 19:41:27.783, 65, 2842 MHz, 263.17 W
2026/08/17 19:41:28.827, 64, 2842 MHz, 242.98 W
2026/08/17 19:41:29.872, 64, 2842 MHz, 242.83 W
2026/08/17 19:41:30.916, 64, 2842 MHz, 243.08 W
2026/08/17 19:41:31.961, 64, 2842 MHz, 242.71 W
2026/08/17 19:41:33.005, 64, 2842 MHz, 243.39 W
2026/08/17 19:41:34.049, 64, 2842 MHz, 244.42 W
2026/08/17 19:41:35.093, 64, 2842 MHz, 244.74 W
2026/08/17 19:41:36.137, 64, 2842 MHz, 244.91 W
2026/08/17 19:41:37.181, 64, 2842 MHz, 245.99 W
2026/08/17 19:41:38.225, 64, 2842 MHz, 245.09 W
2026/08/17 19:41:37.932, 65, 2842 MHz, 245.61 W
2026/08/17 19:41:38.976, 64, 2842 MHz, 246.25 W
2026/08/17 19:41:40.021, 65, 2842 MHz, 246.54 W
2026/08/17 19:41:41.065, 65, 2842 MHz, 247.57 W
2026/08/17 19:41:42.109, 65, 2842 MHz, 247.71 W
2026/08/17 19:41:43.153, 65, 2842 MHz, 247.66 W
2026/08/17 19:41:44.197, 65, 2842 MHz, 247.09 W
2026/08/17 19:41:45.241, 65, 2842 MHz, 247.50 W
2026/08/17 19:41:46.285, 65, 2842 MHz, 248.04 W
2026/08/17 19:41:47.330, 67, 2827 MHz, 265.12 W
2026/08/17 19:41:48.375, 65, 2842 MHz, 242.99 W
2026/08/17 19:41:49.419, 64, 2842 MHz, 243.40 W
2026/08/17 19:41:50.464, 65, 2842 MHz, 243.84 W
2026/08/17 19:41:51.508, 64, 2842 MHz, 243.45 W
2026/08/17 19:41:52.553, 64, 2842 MHz, 243.21 W
2026/08/17 19:41:53.597, 65, 2842 MHz, 244.24 W
2026/08/17 19:41:54.642, 64, 2842 MHz, 244.72 W
2026/08/17 19:41:55.687, 65, 2842 MHz, 245.34 W
2026/08/17 19:41:56.732, 65, 2842 MHz, 246.22 W
2026/08/17 19:41:57.777, 65, 2842 MHz, 245.82 W
2026/08/17 19:41:58.821, 65, 2842 MHz, 245.82 W
2026/08/17 19:41:59.866, 65, 2842 MHz, 246.12 W
2026/08/17 19:42:00.911, 65, 2842 MHz, 246.65 W
2026/08/17 19:42:01.956, 65, 2842 MHz, 247.40 W
2026/08/17 19:42:03.000, 65, 2842 MHz, 247.71 W
2026/08/17 19:42:04.045, 65, 2842 MHz, 247.85 W
2026/08/17 19:42:05.089, 65, 2842 MHz, 246.77 W
2026/08/17 19:42:06.134, 65, 2842 MHz, 248.09 W
2026/08/17 19:42:07.178, 65, 2842 MHz, 248.16 W
2026/08/17 19:42:08.222, 65, 2842 MHz, 261.18 W
2026/08/17 19:42:09.266, 65, 2842 MHz, 255.43 W
2026/08/17 19:42:08.973, 65, 2842 MHz, 242.97 W
2026/08/17 19:42:10.017, 65, 2842 MHz, 243.47 W
2026/08/17 19:42:11.061, 65, 2842 MHz, 243.45 W
2026/08/17 19:42:12.105, 65, 2842 MHz, 242.79 W
2026/08/17 19:42:13.149, 65, 2842 MHz, 243.88 W
2026/08/17 19:42:14.194, 65, 2842 MHz, 244.49 W
2026/08/17 19:42:15.238, 65, 2842 MHz, 245.64 W
2026/08/17 19:42:16.283, 65, 2842 MHz, 246.22 W
2026/08/17 19:42:17.327, 65, 2842 MHz, 246.30 W
2026/08/17 19:42:18.371, 65, 2842 MHz, 245.47 W
2026/08/17 19:42:19.416, 65, 2842 MHz, 246.26 W
2026/08/17 19:42:20.462, 65, 2842 MHz, 246.68 W
2026/08/17 19:42:21.507, 65, 2842 MHz, 247.55 W
2026/08/17 19:42:22.552, 65, 2842 MHz, 247.48 W
2026/08/17 19:42:23.598, 65, 2842 MHz, 247.48 W
2026/08/17 19:42:24.644, 65, 2842 MHz, 247.28 W
2026/08/17 19:42:25.690, 65, 2842 MHz, 247.79 W
2026/08/17 19:42:26.736, 65, 2842 MHz, 248.42 W
2026/08/17 19:42:27.782, 65, 2842 MHz, 248.76 W
2026/08/17 19:42:28.828, 65, 2842 MHz, 262.00 W
2026/08/17 19:42:29.873, 65, 2842 MHz, 243.24 W
2026/08/17 19:42:30.919, 65, 2842 MHz, 243.39 W
2026/08/17 19:42:31.965, 65, 2842 MHz, 244.28 W
2026/08/17 19:42:33.011, 65, 2842 MHz, 242.99 W
2026/08/17 19:42:34.056, 65, 2842 MHz, 244.01 W
2026/08/17 19:42:35.100, 65, 2842 MHz, 244.15 W
2026/08/17 19:42:36.145, 65, 2842 MHz, 244.78 W
2026/08/17 19:42:37.189, 65, 2842 MHz, 245.88 W
2026/08/17 19:42:38.233, 65, 2842 MHz, 246.50 W
2026/08/17 19:42:39.277, 65, 2842 MHz, 245.44 W
2026/08/17 19:42:38.973, 65, 2842 MHz, 245.51 W
2026/08/17 19:42:40.016, 65, 2842 MHz, 246.18 W
2026/08/17 19:42:41.061, 65, 2842 MHz, 246.86 W
2026/08/17 19:42:42.105, 65, 2842 MHz, 247.11 W
2026/08/17 19:42:43.149, 65, 2842 MHz, 247.72 W
2026/08/17 19:42:44.194, 65, 2842 MHz, 247.35 W
2026/08/17 19:42:45.238, 65, 2842 MHz, 247.40 W
2026/08/17 19:42:46.283, 65, 2842 MHz, 248.30 W
2026/08/17 19:42:47.327, 65, 2842 MHz, 248.34 W
2026/08/17 19:42:48.371, 71, 2827 MHz, 263.97 W
2026/08/17 19:42:49.415, 65, 2842 MHz, 242.63 W
2026/08/17 19:42:50.460, 65, 2842 MHz, 243.50 W
2026/08/17 19:42:51.504, 65, 2842 MHz, 244.07 W
2026/08/17 19:42:52.549, 65, 2842 MHz, 243.07 W
2026/08/17 19:42:53.594, 65, 2842 MHz, 243.36 W
2026/08/17 19:42:54.639, 65, 2842 MHz, 243.90 W
2026/08/17 19:42:55.683, 65, 2842 MHz, 244.63 W
2026/08/17 19:42:56.728, 65, 2842 MHz, 245.72 W
2026/08/17 19:42:57.773, 65, 2842 MHz, 245.91 W
2026/08/17 19:42:58.817, 65, 2842 MHz, 245.94 W
2026/08/17 19:42:59.861, 65, 2842 MHz, 245.52 W
2026/08/17 19:43:00.906, 65, 2842 MHz, 246.02 W
2026/08/17 19:43:01.950, 65, 2842 MHz, 246.82 W
2026/08/17 19:43:02.995, 65, 2842 MHz, 247.12 W
2026/08/17 19:43:04.039, 65, 2842 MHz, 247.59 W
2026/08/17 19:43:05.084, 65, 2842 MHz, 247.74 W
2026/08/17 19:43:06.128, 65, 2842 MHz, 247.12 W
2026/08/17 19:43:07.173, 65, 2842 MHz, 247.40 W
2026/08/17 19:43:08.217, 65, 2842 MHz, 247.94 W
2026/08/17 19:43:09.261, 65, 2842 MHz, 255.49 W
2026/08/17 19:43:10.306, 65, 2842 MHz, 259.23 W
2026/08/17 19:43:10.012, 65, 2842 MHz, 243.32 W
2026/08/17 19:43:11.057, 65, 2842 MHz, 243.85 W
2026/08/17 19:43:12.101, 65, 2842 MHz, 244.01 W
2026/08/17 19:43:13.145, 65, 2842 MHz, 242.97 W
2026/08/17 19:43:14.189, 65, 2842 MHz, 244.52 W
2026/08/17 19:43:15.234, 65, 2842 MHz, 244.83 W
2026/08/17 19:43:16.278, 65, 2842 MHz, 245.42 W
2026/08/17 19:43:17.322, 65, 2842 MHz, 246.51 W
2026/08/17 19:43:18.367, 65, 2842 MHz, 246.60 W
2026/08/17 19:43:19.411, 65, 2842 MHz, 245.89 W
2026/08/17 19:43:20.455, 65, 2842 MHz, 246.29 W
2026/08/17 19:43:21.499, 65, 2842 MHz, 246.98 W
2026/08/17 19:43:22.543, 65, 2842 MHz, 247.95 W
2026/08/17 19:43:23.587, 65, 2842 MHz, 248.07 W
2026/08/17 19:43:24.632, 65, 2842 MHz, 248.37 W
2026/08/17 19:43:25.677, 65, 2842 MHz, 247.46 W
2026/08/17 19:43:26.721, 65, 2842 MHz, 247.93 W
2026/08/17 19:43:27.765, 65, 2842 MHz, 248.24 W
2026/08/17 19:43:28.809, 65, 2842 MHz, 248.71 W
2026/08/17 19:43:29.854, 66, 2842 MHz, 261.82 W
2026/08/17 19:43:30.898, 65, 2842 MHz, 243.30 W
2026/08/17 19:43:31.942, 65, 2842 MHz, 243.93 W
2026/08/17 19:43:32.986, 65, 2842 MHz, 244.47 W
2026/08/17 19:43:34.031, 65, 2842 MHz, 243.17 W
2026/08/17 19:43:35.075, 65, 2842 MHz, 243.92 W
2026/08/17 19:43:36.119, 65, 2842 MHz, 244.41 W
2026/08/17 19:43:37.163, 65, 2842 MHz, 245.86 W
2026/08/17 19:43:38.207, 65, 2842 MHz, 246.07 W
2026/08/17 19:43:39.251, 65, 2842 MHz, 246.94 W
2026/08/17 19:43:40.295, 65, 2842 MHz, 245.76 W
2026/08/17 19:43:41.340, 65, 2842 MHz, 246.14 W
2026/08/17 19:43:41.050, 65, 2842 MHz, 247.21 W
2026/08/17 19:43:42.094, 65, 2842 MHz, 247.33 W
2026/08/17 19:43:43.138, 65, 2842 MHz, 247.83 W
2026/08/17 19:43:44.182, 65, 2842 MHz, 247.61 W
2026/08/17 19:43:45.226, 65, 2842 MHz, 247.49 W
2026/08/17 19:43:46.271, 65, 2842 MHz, 247.65 W
2026/08/17 19:43:47.316, 65, 2842 MHz, 248.27 W
2026/08/17 19:43:48.360, 65, 2842 MHz, 248.94 W
2026/08/17 19:43:49.404, 74, 2835 MHz, 261.44 W
2026/08/17 19:43:50.448, 65, 2842 MHz, 242.68 W
2026/08/17 19:43:51.493, 65, 2842 MHz, 242.27 W
2026/08/17 19:43:52.538, 65, 2842 MHz, 242.81 W
2026/08/17 19:43:53.582, 65, 2842 MHz, 243.75 W
2026/08/17 19:43:54.627, 65, 2842 MHz, 242.75 W
2026/08/17 19:43:55.671, 65, 2842 MHz, 241.96 W
2026/08/17 19:43:56.717, 65, 2842 MHz, 242.50 W
2026/08/17 19:43:57.761, 65, 2842 MHz, 243.37 W
2026/08/17 19:43:58.806, 65, 2842 MHz, 243.98 W
2026/08/17 19:43:59.850, 65, 2842 MHz, 242.54 W
2026/08/17 19:44:00.894, 65, 2842 MHz, 241.88 W
2026/08/17 19:44:01.939, 65, 2842 MHz, 242.10 W
2026/08/17 19:44:02.983, 65, 2842 MHz, 243.05 W
2026/08/17 19:44:04.028, 65, 2842 MHz, 244.21 W
2026/08/17 19:44:05.072, 65, 2842 MHz, 244.58 W
2026/08/17 19:44:06.117, 65, 2842 MHz, 243.97 W
2026/08/17 19:44:07.161, 65, 2842 MHz, 242.22 W
2026/08/17 19:44:08.205, 65, 2842 MHz, 243.30 W
2026/08/17 19:44:09.250, 65, 2842 MHz, 243.81 W
2026/08/17 19:44:10.293, 58, 2842 MHz, 161.41 W
2026/08/17 19:44:11.338, 56, 2857 MHz, 66.15 W
2026/08/17 19:44:12.383, 54, 622 MHz, 47.75 W
2026/08/17 19:44:12.094, 53, 382 MHz, 34.25 W
2026/08/17 19:44:13.139, 53, 352 MHz, 33.15 W
2026/08/17 19:44:14.183, 52, 210 MHz, 24.95 W
2026/08/17 19:44:15.228, 51, 180 MHz, 24.11 W
2026/08/17 19:44:16.273, 51, 180 MHz, 29.45 W
2026/08/17 19:44:17.318, 60, 2857 MHz, 197.26 W
2026/08/17 19:44:18.363, 61, 2842 MHz, 227.46 W
2026/08/17 19:44:19.407, 61, 2842 MHz, 228.04 W
2026/08/17 19:44:20.453, 61, 2842 MHz, 228.88 W
2026/08/17 19:44:21.497, 61, 2842 MHz, 229.23 W
2026/08/17 19:44:22.542, 62, 2842 MHz, 230.11 W
2026/08/17 19:44:23.587, 62, 2842 MHz, 230.39 W
2026/08/17 19:44:24.632, 62, 2842 MHz, 229.07 W
2026/08/17 19:44:25.676, 62, 2842 MHz, 229.78 W
2026/08/17 19:44:26.720, 62, 2842 MHz, 230.32 W
2026/08/17 19:44:27.766, 62, 2842 MHz, 231.47 W
2026/08/17 19:44:28.810, 63, 2842 MHz, 231.84 W
2026/08/17 19:44:29.854, 63, 2842 MHz, 232.06 W
2026/08/17 19:44:30.899, 63, 2842 MHz, 232.30 W
2026/08/17 19:44:31.944, 63, 2842 MHz, 232.68 W
2026/08/17 19:44:32.988, 63, 2842 MHz, 232.92 W
2026/08/17 19:44:34.033, 63, 2842 MHz, 231.66 W
2026/08/17 19:44:35.078, 63, 2842 MHz, 230.65 W
2026/08/17 19:44:36.121, 71, 2842 MHz, 246.42 W
2026/08/17 19:44:37.165, 64, 2842 MHz, 236.73 W
2026/08/17 19:44:38.208, 64, 2842 MHz, 242.43 W
2026/08/17 19:44:39.251, 64, 2842 MHz, 242.87 W
2026/08/17 19:44:40.295, 64, 2842 MHz, 242.81 W
2026/08/17 19:44:41.338, 65, 2842 MHz, 242.87 W
2026/08/17 19:44:42.381, 65, 2842 MHz, 243.87 W
2026/08/17 19:44:43.425, 65, 2842 MHz, 244.62 W
2026/08/17 19:44:43.142, 65, 2842 MHz, 245.22 W
2026/08/17 19:44:44.187, 65, 2842 MHz, 246.23 W
2026/08/17 19:44:45.232, 65, 2842 MHz, 245.87 W
2026/08/17 19:44:46.277, 65, 2842 MHz, 245.48 W
2026/08/17 19:44:47.323, 65, 2842 MHz, 246.71 W
2026/08/17 19:44:48.368, 66, 2842 MHz, 247.03 W
2026/08/17 19:44:49.412, 66, 2842 MHz, 247.58 W
2026/08/17 19:44:50.457, 66, 2842 MHz, 248.14 W
2026/08/17 19:44:51.502, 66, 2842 MHz, 248.04 W
2026/08/17 19:44:52.547, 66, 2842 MHz, 248.06 W
2026/08/17 19:44:53.593, 66, 2842 MHz, 248.64 W
2026/08/17 19:44:54.639, 66, 2842 MHz, 249.17 W
2026/08/17 19:44:55.684, 66, 2842 MHz, 262.02 W
2026/08/17 19:44:56.730, 66, 2842 MHz, 254.16 W
2026/08/17 19:44:57.775, 66, 2842 MHz, 244.43 W
2026/08/17 19:44:58.821, 66, 2842 MHz, 245.28 W
2026/08/17 19:44:59.867, 66, 2842 MHz, 245.08 W
2026/08/17 19:45:00.914, 66, 2842 MHz, 244.15 W
2026/08/17 19:45:01.962, 66, 2842 MHz, 244.93 W
2026/08/17 19:45:03.009, 66, 2842 MHz, 245.74 W
2026/08/17 19:45:04.056, 66, 2842 MHz, 247.18 W
2026/08/17 19:45:05.103, 66, 2842 MHz, 247.33 W
2026/08/17 19:45:06.150, 66, 2842 MHz, 247.44 W
2026/08/17 19:45:07.197, 66, 2842 MHz, 246.29 W
2026/08/17 19:45:08.242, 66, 2842 MHz, 247.53 W
2026/08/17 19:45:09.287, 66, 2842 MHz, 248.13 W
2026/08/17 19:45:10.331, 66, 2842 MHz, 248.34 W
2026/08/17 19:45:11.375, 66, 2842 MHz, 248.63 W
2026/08/17 19:45:12.420, 66, 2842 MHz, 248.73 W
2026/08/17 19:45:13.465, 66, 2842 MHz, 248.38 W
2026/08/17 19:45:14.510, 66, 2842 MHz, 248.59 W
2026/08/17 19:45:14.188, 66, 2842 MHz, 248.84 W
2026/08/17 19:45:15.233, 66, 2842 MHz, 249.27 W
2026/08/17 19:45:16.277, 67, 2827 MHz, 262.09 W
2026/08/17 19:45:17.321, 66, 2842 MHz, 243.50 W
2026/08/17 19:45:18.365, 66, 2842 MHz, 244.31 W
2026/08/17 19:45:19.409, 66, 2842 MHz, 244.80 W
2026/08/17 19:45:20.453, 65, 2842 MHz, 243.63 W
2026/08/17 19:45:21.497, 65, 2842 MHz, 244.11 W
2026/08/17 19:45:22.541, 65, 2842 MHz, 245.45 W
2026/08/17 19:45:23.587, 65, 2842 MHz, 245.94 W
2026/08/17 19:45:24.638, 65, 2842 MHz, 246.61 W
2026/08/17 19:45:25.688, 65, 2842 MHz, 247.08 W
2026/08/17 19:45:26.739, 65, 2842 MHz, 245.87 W
2026/08/17 19:45:27.789, 65, 2842 MHz, 246.61 W
2026/08/17 19:45:28.840, 65, 2842 MHz, 247.01 W
2026/08/17 19:45:29.890, 66, 2842 MHz, 247.27 W
2026/08/17 19:45:30.940, 66, 2842 MHz, 247.88 W
2026/08/17 19:45:31.989, 66, 2842 MHz, 247.56 W
2026/08/17 19:45:33.037, 65, 2842 MHz, 248.16 W
2026/08/17 19:45:34.085, 66, 2842 MHz, 247.96 W
2026/08/17 19:45:35.133, 66, 2842 MHz, 248.41 W
2026/08/17 19:45:36.181, 66, 2842 MHz, 249.13 W
2026/08/17 19:45:37.229, 72, 2842 MHz, 264.71 W
2026/08/17 19:45:38.277, 65, 2842 MHz, 243.58 W
2026/08/17 19:45:39.325, 65, 2842 MHz, 244.24 W
2026/08/17 19:45:40.369, 65, 2842 MHz, 244.55 W
2026/08/17 19:45:41.413, 65, 2842 MHz, 243.95 W
2026/08/17 19:45:42.458, 65, 2842 MHz, 243.60 W
2026/08/17 19:45:43.502, 65, 2842 MHz, 244.96 W
2026/08/17 19:45:44.546, 65, 2842 MHz, 245.34 W
2026/08/17 19:45:45.591, 65, 2842 MHz, 246.44 W
2026/08/17 19:45:45.234, 65, 2842 MHz, 246.52 W
2026/08/17 19:45:46.278, 65, 2842 MHz, 246.01 W
2026/08/17 19:45:47.322, 65, 2842 MHz, 246.20 W
2026/08/17 19:45:48.367, 65, 2842 MHz, 247.21 W
2026/08/17 19:45:49.411, 65, 2842 MHz, 247.58 W
2026/08/17 19:45:50.456, 65, 2842 MHz, 247.92 W
2026/08/17 19:45:51.500, 65, 2842 MHz, 247.63 W
2026/08/17 19:45:52.545, 65, 2842 MHz, 248.60 W
2026/08/17 19:45:53.589, 65, 2842 MHz, 247.76 W
2026/08/17 19:45:54.634, 65, 2842 MHz, 248.44 W
2026/08/17 19:45:55.679, 65, 2842 MHz, 248.54 W
2026/08/17 19:45:56.723, 65, 2842 MHz, 256.64 W
2026/08/17 19:45:57.768, 66, 2842 MHz, 259.92 W
2026/08/17 19:45:58.812, 65, 2842 MHz, 243.57 W
2026/08/17 19:45:59.857, 65, 2842 MHz, 243.97 W
2026/08/17 19:46:00.902, 65, 2842 MHz, 243.53 W
2026/08/17 19:46:01.947, 65, 2842 MHz, 242.89 W
2026/08/17 19:46:02.991, 65, 2842 MHz, 244.38 W
2026/08/17 19:46:04.036, 65, 2842 MHz, 245.12 W
2026/08/17 19:46:05.080, 65, 2842 MHz, 245.49 W
2026/08/17 19:46:06.125, 65, 2842 MHz, 245.73 W
2026/08/17 19:46:07.169, 65, 2842 MHz, 246.32 W
2026/08/17 19:46:08.213, 65, 2842 MHz, 245.80 W
2026/08/17 19:46:09.258, 65, 2842 MHz, 246.81 W
2026/08/17 19:46:10.303, 65, 2842 MHz, 247.47 W
2026/08/17 19:46:11.347, 65, 2842 MHz, 247.62 W
2026/08/17 19:46:12.392, 65, 2842 MHz, 247.74 W
2026/08/17 19:46:13.436, 65, 2842 MHz, 248.51 W
2026/08/17 19:46:14.480, 65, 2842 MHz, 247.82 W
2026/08/17 19:46:15.525, 65, 2842 MHz, 247.73 W
2026/08/17 19:46:15.227, 65, 2842 MHz, 247.90 W
2026/08/17 19:46:16.272, 65, 2842 MHz, 248.36 W
2026/08/17 19:46:17.316, 67, 2820 MHz, 262.96 W
2026/08/17 19:46:18.361, 65, 2842 MHz, 243.39 W
2026/08/17 19:46:19.406, 65, 2842 MHz, 243.48 W
2026/08/17 19:46:20.450, 65, 2842 MHz, 244.44 W
2026/08/17 19:46:21.495, 65, 2842 MHz, 243.01 W
2026/08/17 19:46:22.540, 65, 2842 MHz, 244.34 W
2026/08/17 19:46:23.584, 65, 2842 MHz, 245.16 W
2026/08/17 19:46:24.629, 65, 2842 MHz, 245.63 W
2026/08/17 19:46:25.674, 65, 2842 MHz, 246.33 W
2026/08/17 19:46:26.718, 65, 2842 MHz, 246.85 W
2026/08/17 19:46:27.763, 65, 2842 MHz, 246.03 W
2026/08/17 19:46:28.808, 65, 2842 MHz, 246.46 W
2026/08/17 19:46:29.853, 65, 2842 MHz, 246.83 W
2026/08/17 19:46:30.898, 65, 2842 MHz, 247.56 W
2026/08/17 19:46:31.943, 65, 2842 MHz, 247.47 W
2026/08/17 19:46:32.988, 65, 2842 MHz, 248.33 W
2026/08/17 19:46:34.033, 65, 2842 MHz, 248.19 W
2026/08/17 19:46:35.078, 65, 2842 MHz, 247.68 W
2026/08/17 19:46:36.124, 65, 2842 MHz, 248.41 W
2026/08/17 19:46:37.168, 65, 2842 MHz, 248.57 W
2026/08/17 19:46:38.213, 65, 2842 MHz, 263.83 W
2026/08/17 19:46:39.258, 65, 2842 MHz, 243.43 W
2026/08/17 19:46:40.302, 65, 2842 MHz, 243.81 W
2026/08/17 19:46:41.347, 65, 2842 MHz, 244.44 W
2026/08/17 19:46:42.392, 65, 2842 MHz, 243.37 W
2026/08/17 19:46:43.436, 65, 2842 MHz, 243.55 W
2026/08/17 19:46:44.481, 65, 2842 MHz, 244.72 W
2026/08/17 19:46:45.526, 65, 2842 MHz, 244.91 W
2026/08/17 19:46:46.571, 65, 2842 MHz, 246.21 W
2026/08/17 19:46:46.271, 65, 2842 MHz, 246.01 W
2026/08/17 19:46:47.316, 65, 2842 MHz, 246.06 W
2026/08/17 19:46:48.360, 65, 2842 MHz, 245.74 W
2026/08/17 19:46:49.405, 65, 2842 MHz, 246.61 W
2026/08/17 19:46:50.449, 65, 2842 MHz, 246.97 W
2026/08/17 19:46:51.494, 65, 2842 MHz, 247.31 W
2026/08/17 19:46:52.538, 65, 2842 MHz, 248.28 W
2026/08/17 19:46:53.584, 65, 2842 MHz, 247.94 W
2026/08/17 19:46:54.629, 65, 2842 MHz, 247.75 W
2026/08/17 19:46:55.674, 65, 2842 MHz, 248.06 W
2026/08/17 19:46:56.719, 65, 2842 MHz, 248.12 W
2026/08/17 19:46:57.764, 65, 2842 MHz, 257.94 W
2026/08/17 19:46:58.808, 66, 2842 MHz, 252.26 W
2026/08/17 19:46:59.853, 65, 2842 MHz, 243.31 W
2026/08/17 19:47:00.899, 65, 2842 MHz, 243.81 W
2026/08/17 19:47:01.944, 65, 2842 MHz, 243.58 W
2026/08/17 19:47:02.989, 65, 2842 MHz, 242.99 W
2026/08/17 19:47:04.034, 65, 2842 MHz, 244.19 W
2026/08/17 19:47:05.080, 65, 2842 MHz, 245.15 W
2026/08/17 19:47:06.125, 65, 2842 MHz, 245.69 W
2026/08/17 19:47:07.170, 65, 2842 MHz, 245.90 W
2026/08/17 19:47:08.215, 65, 2842 MHz, 246.27 W
2026/08/17 19:47:09.260, 65, 2842 MHz, 245.24 W
2026/08/17 19:47:10.305, 65, 2842 MHz, 246.29 W
2026/08/17 19:47:11.350, 65, 2842 MHz, 247.14 W
2026/08/17 19:47:12.395, 65, 2842 MHz, 247.29 W
2026/08/17 19:47:13.439, 65, 2842 MHz, 247.94 W
2026/08/17 19:47:14.484, 65, 2842 MHz, 247.89 W
2026/08/17 19:47:15.529, 65, 2842 MHz, 248.09 W
2026/08/17 19:47:16.573, 65, 2842 MHz, 247.97 W
2026/08/17 19:47:17.617, 65, 2842 MHz, 247.97 W
2026/08/17 19:47:17.317, 65, 2842 MHz, 248.58 W
2026/08/17 19:47:18.362, 65, 2842 MHz, 261.89 W
2026/08/17 19:47:19.407, 65, 2842 MHz, 243.36 W
2026/08/17 19:47:20.452, 65, 2842 MHz, 243.48 W
2026/08/17 19:47:21.497, 65, 2842 MHz, 243.97 W
2026/08/17 19:47:22.541, 65, 2842 MHz, 242.84 W
2026/08/17 19:47:23.586, 65, 2842 MHz, 243.85 W
2026/08/17 19:47:24.630, 65, 2842 MHz, 244.61 W
2026/08/17 19:47:25.675, 65, 2842 MHz, 245.30 W
2026/08/17 19:47:26.719, 65, 2842 MHz, 245.70 W
2026/08/17 19:47:27.764, 65, 2842 MHz, 245.80 W
2026/08/17 19:47:28.808, 65, 2842 MHz, 245.62 W
2026/08/17 19:47:29.853, 65, 2842 MHz, 245.82 W
2026/08/17 19:47:30.898, 65, 2842 MHz, 246.82 W
2026/08/17 19:47:31.943, 65, 2842 MHz, 246.99 W
2026/08/17 19:47:32.987, 65, 2842 MHz, 247.01 W
2026/08/17 19:47:34.032, 65, 2842 MHz, 247.82 W
2026/08/17 19:47:35.077, 65, 2842 MHz, 248.14 W
2026/08/17 19:47:36.122, 65, 2842 MHz, 247.90 W
2026/08/17 19:47:37.167, 65, 2842 MHz, 247.80 W
2026/08/17 19:47:38.212, 65, 2842 MHz, 248.41 W
2026/08/17 19:47:39.257, 67, 2820 MHz, 265.24 W
2026/08/17 19:47:40.302, 65, 2842 MHz, 243.43 W
2026/08/17 19:47:41.347, 65, 2842 MHz, 243.88 W
2026/08/17 19:47:42.392, 65, 2842 MHz, 243.99 W
2026/08/17 19:47:43.436, 65, 2842 MHz, 243.44 W
2026/08/17 19:47:44.481, 65, 2842 MHz, 243.58 W
2026/08/17 19:47:45.526, 65, 2842 MHz, 244.70 W
2026/08/17 19:47:46.571, 65, 2842 MHz, 245.42 W
2026/08/17 19:47:47.616, 65, 2842 MHz, 245.52 W
2026/08/17 19:47:48.660, 65, 2842 MHz, 246.33 W
2026/08/17 19:47:48.361, 65, 2842 MHz, 245.93 W
2026/08/17 19:47:49.406, 65, 2842 MHz, 245.79 W
2026/08/17 19:47:50.451, 65, 2842 MHz, 246.73 W
2026/08/17 19:47:51.496, 65, 2842 MHz, 246.53 W
2026/08/17 19:47:52.540, 65, 2842 MHz, 247.24 W
2026/08/17 19:47:53.585, 65, 2842 MHz, 247.66 W
2026/08/17 19:47:54.630, 65, 2842 MHz, 248.11 W
2026/08/17 19:47:55.674, 65, 2842 MHz, 247.66 W
2026/08/17 19:47:56.719, 65, 2842 MHz, 247.93 W
2026/08/17 19:47:57.765, 65, 2842 MHz, 248.69 W
2026/08/17 19:47:58.812, 70, 2842 MHz, 259.35 W
2026/08/17 19:47:59.858, 65, 2842 MHz, 257.52 W
2026/08/17 19:48:00.903, 65, 2842 MHz, 243.59 W
2026/08/17 19:48:01.950, 65, 2842 MHz, 243.53 W
2026/08/17 19:48:02.996, 65, 2842 MHz, 243.96 W
2026/08/17 19:48:04.042, 65, 2842 MHz, 243.00 W
2026/08/17 19:48:05.087, 65, 2842 MHz, 244.37 W
2026/08/17 19:48:06.134, 65, 2842 MHz, 245.21 W
2026/08/17 19:48:07.179, 65, 2842 MHz, 245.57 W
2026/08/17 19:48:08.225, 65, 2842 MHz, 246.50 W
2026/08/17 19:48:09.272, 65, 2842 MHz, 246.73 W
2026/08/17 19:48:10.318, 65, 2842 MHz, 245.88 W
2026/08/17 19:48:11.364, 65, 2842 MHz, 246.57 W
2026/08/17 19:48:12.411, 65, 2842 MHz, 247.08 W
2026/08/17 19:48:13.455, 65, 2842 MHz, 247.76 W
2026/08/17 19:48:14.500, 65, 2842 MHz, 248.12 W
2026/08/17 19:48:15.544, 65, 2842 MHz, 248.28 W
2026/08/17 19:48:16.589, 65, 2842 MHz, 247.63 W
2026/08/17 19:48:17.633, 65, 2842 MHz, 247.80 W
2026/08/17 19:48:18.678, 65, 2842 MHz, 248.55 W
2026/08/17 19:48:19.723, 65, 2842 MHz, 249.19 W
2026/08/17 19:48:19.404, 65, 2842 MHz, 263.70 W
2026/08/17 19:48:20.448, 65, 2842 MHz, 243.27 W
2026/08/17 19:48:21.493, 65, 2842 MHz, 243.70 W
2026/08/17 19:48:22.537, 65, 2842 MHz, 244.75 W
2026/08/17 19:48:23.582, 65, 2842 MHz, 243.35 W
2026/08/17 19:48:24.626, 65, 2842 MHz, 243.99 W
2026/08/17 19:48:25.672, 65, 2842 MHz, 244.61 W
2026/08/17 19:48:26.716, 65, 2842 MHz, 245.07 W
2026/08/17 19:48:27.761, 65, 2842 MHz, 245.92 W
2026/08/17 19:48:28.806, 65, 2842 MHz, 246.52 W
2026/08/17 19:48:29.856, 65, 2842 MHz, 245.74 W
2026/08/17 19:48:30.905, 65, 2842 MHz, 245.98 W
2026/08/17 19:48:31.955, 65, 2842 MHz, 246.57 W
2026/08/17 19:48:33.005, 65, 2842 MHz, 247.09 W
2026/08/17 19:48:34.054, 65, 2842 MHz, 247.54 W
2026/08/17 19:48:35.102, 65, 2842 MHz, 247.88 W
2026/08/17 19:48:36.151, 65, 2842 MHz, 247.26 W
2026/08/17 19:48:37.200, 65, 2842 MHz, 246.84 W
2026/08/17 19:48:38.248, 65, 2842 MHz, 247.28 W
2026/08/17 19:48:39.297, 65, 2842 MHz, 248.09 W
2026/08/17 19:48:40.346, 68, 2827 MHz, 265.14 W
2026/08/17 19:48:41.395, 65, 2842 MHz, 242.93 W
2026/08/17 19:48:42.443, 65, 2842 MHz, 243.33 W
2026/08/17 19:48:43.492, 65, 2842 MHz, 244.24 W
2026/08/17 19:48:44.541, 65, 2842 MHz, 243.59 W
2026/08/17 19:48:45.586, 65, 2842 MHz, 243.37 W
2026/08/17 19:48:46.632, 65, 2842 MHz, 244.32 W
2026/08/17 19:48:47.677, 65, 2842 MHz, 244.87 W
2026/08/17 19:48:48.722, 65, 2842 MHz, 245.94 W
2026/08/17 19:48:49.768, 65, 2842 MHz, 246.23 W
2026/08/17 19:48:50.812, 65, 2842 MHz, 245.98 W
2026/08/17 19:48:50.452, 65, 2842 MHz, 245.93 W
2026/08/17 19:48:51.497, 65, 2842 MHz, 246.12 W
2026/08/17 19:48:52.541, 65, 2842 MHz, 246.64 W
2026/08/17 19:48:53.586, 65, 2842 MHz, 247.37 W
2026/08/17 19:48:54.631, 65, 2842 MHz, 247.41 W
2026/08/17 19:48:55.675, 65, 2842 MHz, 247.93 W
2026/08/17 19:48:56.720, 65, 2842 MHz, 247.29 W
2026/08/17 19:48:57.766, 65, 2842 MHz, 247.84 W
2026/08/17 19:48:58.811, 65, 2842 MHz, 248.44 W
2026/08/17 19:48:59.855, 70, 2842 MHz, 258.55 W
2026/08/17 19:49:00.900, 65, 2842 MHz, 257.35 W
2026/08/17 19:49:01.945, 65, 2842 MHz, 243.24 W
2026/08/17 19:49:02.990, 65, 2842 MHz, 244.07 W
2026/08/17 19:49:04.035, 65, 2842 MHz, 243.77 W
2026/08/17 19:49:05.081, 65, 2842 MHz, 242.93 W
2026/08/17 19:49:06.126, 65, 2842 MHz, 244.54 W
2026/08/17 19:49:07.171, 65, 2842 MHz, 244.92 W
2026/08/17 19:49:08.217, 65, 2842 MHz, 245.76 W
2026/08/17 19:49:09.263, 65, 2842 MHz, 246.40 W
2026/08/17 19:49:10.308, 65, 2842 MHz, 246.71 W
2026/08/17 19:49:11.353, 65, 2842 MHz, 245.84 W
2026/08/17 19:49:12.398, 65, 2842 MHz, 246.46 W
2026/08/17 19:49:13.443, 65, 2842 MHz, 247.05 W
2026/08/17 19:49:14.489, 65, 2842 MHz, 247.17 W
2026/08/17 19:49:15.534, 65, 2842 MHz, 247.84 W
2026/08/17 19:49:16.580, 65, 2842 MHz, 248.27 W
2026/08/17 19:49:17.625, 65, 2842 MHz, 247.62 W
2026/08/17 19:49:18.670, 65, 2842 MHz, 247.78 W
2026/08/17 19:49:19.715, 65, 2842 MHz, 248.14 W
2026/08/17 19:49:20.761, 65, 2842 MHz, 248.96 W
2026/08/17 19:49:21.805, 65, 2842 MHz, 262.39 W
2026/08/17 19:49:21.496, 65, 2842 MHz, 243.20 W
2026/08/17 19:49:22.542, 65, 2842 MHz, 244.17 W
2026/08/17 19:49:23.587, 65, 2842 MHz, 244.44 W
2026/08/17 19:49:24.632, 65, 2842 MHz, 243.22 W
2026/08/17 19:49:25.677, 65, 2842 MHz, 244.15 W
2026/08/17 19:49:26.722, 65, 2842 MHz, 244.38 W
2026/08/17 19:49:27.767, 65, 2842 MHz, 245.18 W
2026/08/17 19:49:28.812, 65, 2842 MHz, 245.63 W
2026/08/17 19:49:29.857, 65, 2842 MHz, 246.82 W
2026/08/17 19:49:30.902, 65, 2842 MHz, 245.82 W
2026/08/17 19:49:31.947, 65, 2842 MHz, 245.81 W
2026/08/17 19:49:32.992, 65, 2842 MHz, 246.68 W
2026/08/17 19:49:34.037, 65, 2842 MHz, 247.01 W
2026/08/17 19:49:35.081, 65, 2842 MHz, 247.62 W
2026/08/17 19:49:36.127, 65, 2842 MHz, 247.90 W
2026/08/17 19:49:37.172, 65, 2842 MHz, 247.58 W
2026/08/17 19:49:38.217, 65, 2842 MHz, 247.61 W
2026/08/17 19:49:39.263, 65, 2842 MHz, 248.27 W
2026/08/17 19:49:40.309, 65, 2842 MHz, 248.65 W
2026/08/17 19:49:41.354, 67, 2835 MHz, 263.76 W
2026/08/17 19:49:42.399, 65, 2842 MHz, 242.92 W
2026/08/17 19:49:43.445, 65, 2842 MHz, 243.05 W
2026/08/17 19:49:44.491, 65, 2842 MHz, 244.14 W
2026/08/17 19:49:45.537, 65, 2842 MHz, 243.61 W
2026/08/17 19:49:46.583, 65, 2842 MHz, 243.82 W
2026/08/17 19:49:47.628, 65, 2842 MHz, 244.31 W
2026/08/17 19:49:48.673, 65, 2842 MHz, 245.17 W
2026/08/17 19:49:49.718, 65, 2842 MHz, 245.86 W
2026/08/17 19:49:50.763, 65, 2842 MHz, 246.23 W
2026/08/17 19:49:51.808, 65, 2842 MHz, 246.18 W
2026/08/17 19:49:51.495, 65, 2842 MHz, 245.47 W
2026/08/17 19:49:52.540, 65, 2842 MHz, 246.20 W
2026/08/17 19:49:53.585, 65, 2842 MHz, 247.28 W
2026/08/17 19:49:54.630, 65, 2842 MHz, 247.56 W
2026/08/17 19:49:55.675, 65, 2842 MHz, 247.83 W
2026/08/17 19:49:56.720, 65, 2842 MHz, 247.56 W
2026/08/17 19:49:57.764, 65, 2842 MHz, 247.20 W
2026/08/17 19:49:58.809, 65, 2842 MHz, 247.76 W
2026/08/17 19:49:59.854, 65, 2842 MHz, 247.98 W
2026/08/17 19:50:00.900, 65, 2842 MHz, 253.10 W
2026/08/17 19:50:01.944, 65, 2842 MHz, 259.77 W
2026/08/17 19:50:02.990, 65, 2842 MHz, 243.27 W
2026/08/17 19:50:04.034, 65, 2842 MHz, 243.88 W
2026/08/17 19:50:05.079, 65, 2842 MHz, 244.03 W
2026/08/17 19:50:06.124, 65, 2842 MHz, 243.18 W
2026/08/17 19:50:07.169, 65, 2842 MHz, 244.09 W
2026/08/17 19:50:08.215, 65, 2842 MHz, 245.38 W
2026/08/17 19:50:09.260, 65, 2842 MHz, 245.77 W
2026/08/17 19:50:10.305, 65, 2842 MHz, 246.44 W
2026/08/17 19:50:11.350, 65, 2842 MHz, 246.57 W
2026/08/17 19:50:12.395, 65, 2842 MHz, 245.16 W
2026/08/17 19:50:13.441, 65, 2842 MHz, 245.99 W
2026/08/17 19:50:14.485, 65, 2842 MHz, 246.95 W
2026/08/17 19:50:15.530, 65, 2842 MHz, 247.28 W
2026/08/17 19:50:16.575, 65, 2842 MHz, 247.77 W
2026/08/17 19:50:17.621, 65, 2842 MHz, 247.65 W
2026/08/17 19:50:18.665, 65, 2842 MHz, 248.02 W
2026/08/17 19:50:19.711, 65, 2842 MHz, 247.77 W
2026/08/17 19:50:20.756, 65, 2842 MHz, 248.15 W
2026/08/17 19:50:21.801, 65, 2842 MHz, 248.57 W
2026/08/17 19:50:22.846, 66, 2835 MHz, 261.61 W
2026/08/17 19:50:22.536, 65, 2842 MHz, 243.25 W
2026/08/17 19:50:23.581, 65, 2842 MHz, 243.97 W
2026/08/17 19:50:24.626, 65, 2842 MHz, 244.54 W
2026/08/17 19:50:25.672, 65, 2842 MHz, 243.27 W
2026/08/17 19:50:26.716, 65, 2842 MHz, 243.40 W
2026/08/17 19:50:27.761, 65, 2842 MHz, 244.82 W
2026/08/17 19:50:28.806, 65, 2842 MHz, 245.69 W
2026/08/17 19:50:29.850, 65, 2842 MHz, 246.46 W
2026/08/17 19:50:30.896, 65, 2842 MHz, 246.91 W
2026/08/17 19:50:31.941, 65, 2842 MHz, 245.48 W
2026/08/17 19:50:32.986, 65, 2842 MHz, 246.10 W
2026/08/17 19:50:34.031, 65, 2842 MHz, 246.79 W
2026/08/17 19:50:35.076, 65, 2842 MHz, 247.41 W
2026/08/17 19:50:36.121, 65, 2842 MHz, 248.14 W
2026/08/17 19:50:37.166, 65, 2842 MHz, 247.82 W
2026/08/17 19:50:38.211, 65, 2842 MHz, 248.06 W
2026/08/17 19:50:39.256, 65, 2842 MHz, 248.10 W
2026/08/17 19:50:40.302, 65, 2842 MHz, 248.47 W
2026/08/17 19:50:41.346, 65, 2842 MHz, 248.61 W
2026/08/17 19:50:42.392, 69, 2842 MHz, 263.57 W
2026/08/17 19:50:43.438, 65, 2842 MHz, 243.24 W
2026/08/17 19:50:44.483, 65, 2842 MHz, 242.52 W
2026/08/17 19:50:45.528, 65, 2842 MHz, 243.20 W
2026/08/17 19:50:46.573, 65, 2842 MHz, 243.68 W
2026/08/17 19:50:47.618, 65, 2842 MHz, 242.98 W
2026/08/17 19:50:48.662, 65, 2842 MHz, 242.33 W
2026/08/17 19:50:49.708, 65, 2842 MHz, 242.59 W
2026/08/17 19:50:50.752, 65, 2842 MHz, 243.43 W
2026/08/17 19:50:51.797, 65, 2842 MHz, 243.76 W
2026/08/17 19:50:52.842, 65, 2842 MHz, 243.01 W
2026/08/17 19:50:53.887, 65, 2842 MHz, 242.21 W
2026/08/17 19:50:53.576, 65, 2842 MHz, 242.43 W
2026/08/17 19:50:54.621, 65, 2842 MHz, 243.42 W
2026/08/17 19:50:55.666, 65, 2842 MHz, 243.78 W
2026/08/17 19:50:56.711, 65, 2842 MHz, 244.41 W
2026/08/17 19:50:57.756, 65, 2842 MHz, 243.86 W
2026/08/17 19:50:58.801, 65, 2842 MHz, 241.92 W
2026/08/17 19:50:59.846, 65, 2842 MHz, 242.86 W
2026/08/17 19:51:00.891, 65, 2842 MHz, 243.72 W
2026/08/17 19:51:01.937, 58, 2842 MHz, 163.24 W
2026/08/17 19:51:02.983, 56, 2857 MHz, 66.57 W
2026/08/17 19:51:04.030, 54, 982 MHz, 50.23 W
2026/08/17 19:51:05.077, 53, 442 MHz, 36.24 W
2026/08/17 19:51:06.123, 52, 255 MHz, 35.63 W
2026/08/17 19:51:07.170, 52, 187 MHz, 35.26 W
2026/08/17 19:51:08.217, 51, 180 MHz, 35.27 W
2026/08/17 19:51:09.264, 51, 180 MHz, 30.35 W
2026/08/17 19:51:10.311, 60, 2857 MHz, 226.36 W
2026/08/17 19:51:11.358, 61, 2842 MHz, 228.12 W
2026/08/17 19:51:12.406, 61, 2842 MHz, 228.78 W
2026/08/17 19:51:13.453, 61, 2842 MHz, 229.52 W
2026/08/17 19:51:14.501, 61, 2842 MHz, 229.94 W
2026/08/17 19:51:15.548, 62, 2842 MHz, 230.42 W
2026/08/17 19:51:16.596, 62, 2842 MHz, 230.73 W
2026/08/17 19:51:17.643, 62, 2842 MHz, 229.50 W
2026/08/17 19:51:18.690, 62, 2842 MHz, 229.88 W
2026/08/17 19:51:19.735, 62, 2842 MHz, 230.28 W
2026/08/17 19:51:20.781, 62, 2842 MHz, 231.02 W
2026/08/17 19:51:21.826, 63, 2842 MHz, 231.79 W
2026/08/17 19:51:22.872, 63, 2842 MHz, 232.01 W
2026/08/17 19:51:23.918, 63, 2842 MHz, 232.37 W
2026/08/17 19:51:24.964, 63, 2842 MHz, 232.45 W
2026/08/17 19:51:24.627, 63, 2842 MHz, 233.05 W
2026/08/17 19:51:25.672, 63, 2842 MHz, 232.14 W
2026/08/17 19:51:26.716, 63, 2842 MHz, 231.29 W
2026/08/17 19:51:27.761, 63, 2842 MHz, 231.32 W
2026/08/17 19:51:28.806, 63, 2842 MHz, 231.46 W
2026/08/17 19:51:29.849, 64, 2842 MHz, 232.42 W
2026/08/17 19:51:30.894, 64, 2842 MHz, 234.21 W
2026/08/17 19:51:31.938, 64, 2842 MHz, 234.49 W
2026/08/17 19:51:32.982, 64, 2842 MHz, 234.68 W
2026/08/17 19:51:34.026, 64, 2842 MHz, 234.59 W
2026/08/17 19:51:35.073, 64, 2842 MHz, 234.85 W
2026/08/17 19:51:36.120, 64, 2842 MHz, 234.03 W
2026/08/17 19:51:37.167, 64, 2842 MHz, 232.66 W
2026/08/17 19:51:38.214, 64, 2842 MHz, 232.20 W
2026/08/17 19:51:39.260, 64, 2842 MHz, 231.87 W
2026/08/17 19:51:40.307, 64, 2842 MHz, 232.97 W
2026/08/17 19:51:41.354, 65, 2842 MHz, 233.33 W
2026/08/17 19:51:42.401, 65, 2842 MHz, 234.06 W
2026/08/17 19:51:43.447, 65, 2842 MHz, 236.69 W
2026/08/17 19:51:44.494, 65, 2842 MHz, 236.28 W
2026/08/17 19:51:45.542, 65, 2842 MHz, 236.68 W
2026/08/17 19:51:46.589, 65, 2842 MHz, 235.95 W
2026/08/17 19:51:47.636, 65, 2842 MHz, 247.73 W
2026/08/17 19:51:48.683, 65, 2842 MHz, 243.04 W
2026/08/17 19:51:49.730, 66, 2842 MHz, 243.38 W
2026/08/17 19:51:50.775, 66, 2842 MHz, 244.85 W
2026/08/17 19:51:51.820, 66, 2842 MHz, 244.83 W
2026/08/17 19:51:52.865, 66, 2842 MHz, 244.23 W
2026/08/17 19:51:53.910, 66, 2842 MHz, 245.04 W
2026/08/17 19:51:54.954, 66, 2842 MHz, 245.76 W
2026/08/17 19:51:56.000, 66, 2842 MHz, 246.78 W
2026/08/17 19:51:55.674, 66, 2842 MHz, 247.37 W
2026/08/17 19:51:56.719, 66, 2842 MHz, 247.24 W
2026/08/17 19:51:57.764, 66, 2842 MHz, 246.32 W
2026/08/17 19:51:58.810, 66, 2842 MHz, 247.12 W
2026/08/17 19:51:59.854, 66, 2842 MHz, 248.17 W
2026/08/17 19:52:00.899, 66, 2842 MHz, 248.82 W
2026/08/17 19:52:01.945, 66, 2842 MHz, 248.89 W
2026/08/17 19:52:02.989, 66, 2842 MHz, 248.93 W
2026/08/17 19:52:04.035, 66, 2842 MHz, 248.40 W
2026/08/17 19:52:05.081, 66, 2842 MHz, 248.79 W
2026/08/17 19:52:06.126, 66, 2842 MHz, 249.19 W
2026/08/17 19:52:07.172, 66, 2842 MHz, 249.76 W
2026/08/17 19:52:08.217, 66, 2842 MHz, 250.17 W
2026/08/17 19:52:09.263, 67, 2842 MHz, 250.18 W
2026/08/17 19:52:10.308, 67, 2842 MHz, 250.76 W
2026/08/17 19:52:11.355, 67, 2842 MHz, 250.66 W
2026/08/17 19:52:12.400, 67, 2842 MHz, 250.73 W
2026/08/17 19:52:13.445, 67, 2842 MHz, 250.96 W
2026/08/17 19:52:14.491, 67, 2842 MHz, 251.16 W
2026/08/17 19:52:15.537, 67, 2842 MHz, 251.70 W
2026/08/17 19:52:16.582, 67, 2842 MHz, 252.06 W
2026/08/17 19:52:17.628, 67, 2842 MHz, 252.09 W
2026/08/17 19:52:18.674, 67, 2842 MHz, 251.64 W
2026/08/17 19:52:19.719, 67, 2842 MHz, 251.76 W
2026/08/17 19:52:20.765, 67, 2842 MHz, 252.45 W
2026/08/17 19:52:21.810, 67, 2842 MHz, 252.77 W
2026/08/17 19:52:22.855, 67, 2842 MHz, 253.09 W
2026/08/17 19:52:23.901, 67, 2842 MHz, 253.27 W
2026/08/17 19:52:24.946, 67, 2842 MHz, 253.42 W
2026/08/17 19:52:25.991, 67, 2842 MHz, 253.11 W
2026/08/17 19:52:27.036, 67, 2842 MHz, 253.38 W
2026/08/17 19:52:26.719, 67, 2842 MHz, 253.34 W
2026/08/17 19:52:27.764, 67, 2842 MHz, 254.21 W
2026/08/17 19:52:28.809, 67, 2842 MHz, 253.85 W
2026/08/17 19:52:29.855, 67, 2842 MHz, 254.51 W
2026/08/17 19:52:30.900, 67, 2835 MHz, 262.11 W
2026/08/17 19:52:31.946, 66, 2842 MHz, 244.86 W
2026/08/17 19:52:32.991, 66, 2842 MHz, 245.73 W
2026/08/17 19:52:34.037, 66, 2842 MHz, 245.34 W
2026/08/17 19:52:35.081, 66, 2842 MHz, 244.61 W
2026/08/17 19:52:36.127, 66, 2842 MHz, 245.96 W
2026/08/17 19:52:37.173, 66, 2842 MHz, 246.46 W
2026/08/17 19:52:38.218, 66, 2842 MHz, 247.11 W
2026/08/17 19:52:39.264, 66, 2842 MHz, 247.27 W
2026/08/17 19:52:40.310, 66, 2842 MHz, 248.09 W
2026/08/17 19:52:41.355, 65, 2842 MHz, 246.93 W
2026/08/17 19:52:42.400, 65, 2842 MHz, 247.26 W
2026/08/17 19:52:43.447, 65, 2842 MHz, 247.73 W
2026/08/17 19:52:44.493, 65, 2842 MHz, 247.68 W
2026/08/17 19:52:45.538, 65, 2842 MHz, 248.26 W
2026/08/17 19:52:46.584, 65, 2842 MHz, 248.75 W
2026/08/17 19:52:47.630, 65, 2842 MHz, 248.45 W
2026/08/17 19:52:48.675, 65, 2842 MHz, 248.25 W
2026/08/17 19:52:49.721, 65, 2842 MHz, 248.27 W
2026/08/17 19:52:50.767, 65, 2842 MHz, 248.90 W
2026/08/17 19:52:51.812, 65, 2842 MHz, 248.70 W
2026/08/17 19:52:52.858, 65, 2842 MHz, 249.17 W
2026/08/17 19:52:53.903, 65, 2842 MHz, 249.55 W
2026/08/17 19:52:54.949, 65, 2842 MHz, 248.74 W
2026/08/17 19:52:55.994, 65, 2842 MHz, 249.06 W
2026/08/17 19:52:57.039, 65, 2842 MHz, 248.96 W
2026/08/17 19:52:58.085, 65, 2842 MHz, 249.51 W
2026/08/17 19:52:57.765, 64, 2842 MHz, 249.79 W
2026/08/17 19:52:58.810, 64, 2842 MHz, 249.90 W
2026/08/17 19:52:59.855, 64, 2842 MHz, 250.35 W
2026/08/17 19:53:00.901, 64, 2842 MHz, 249.89 W
2026/08/17 19:53:01.946, 64, 2842 MHz, 250.11 W
2026/08/17 19:53:02.991, 64, 2842 MHz, 250.02 W
2026/08/17 19:53:04.036, 64, 2842 MHz, 249.62 W
2026/08/17 19:53:05.081, 64, 2842 MHz, 250.59 W
2026/08/17 19:53:06.126, 64, 2842 MHz, 250.56 W
2026/08/17 19:53:07.171, 64, 2842 MHz, 250.98 W
2026/08/17 19:53:08.217, 64, 2842 MHz, 250.56 W
2026/08/17 19:53:09.262, 64, 2842 MHz, 250.45 W
2026/08/17 19:53:10.308, 64, 2842 MHz, 251.35 W
2026/08/17 19:53:11.353, 64, 2842 MHz, 251.34 W
2026/08/17 19:53:12.399, 64, 2842 MHz, 251.67 W
2026/08/17 19:53:13.444, 64, 2842 MHz, 251.71 W
2026/08/17 19:53:14.490, 64, 2820 MHz, 261.89 W
2026/08/17 19:53:15.536, 63, 2842 MHz, 241.91 W
2026/08/17 19:53:16.582, 63, 2842 MHz, 242.75 W
2026/08/17 19:53:17.628, 63, 2842 MHz, 242.77 W
2026/08/17 19:53:18.673, 63, 2842 MHz, 241.48 W
2026/08/17 19:53:19.718, 63, 2842 MHz, 242.55 W
2026/08/17 19:53:20.763, 63, 2842 MHz, 243.63 W
2026/08/17 19:53:21.809, 63, 2842 MHz, 244.18 W
2026/08/17 19:53:22.854, 63, 2842 MHz, 244.48 W
2026/08/17 19:53:23.899, 63, 2842 MHz, 245.07 W
2026/08/17 19:53:24.945, 63, 2842 MHz, 243.70 W
2026/08/17 19:53:25.990, 63, 2842 MHz, 244.29 W
2026/08/17 19:53:27.035, 63, 2842 MHz, 245.09 W
2026/08/17 19:53:28.081, 63, 2842 MHz, 245.29 W
2026/08/17 19:53:27.764, 63, 2842 MHz, 245.53 W
2026/08/17 19:53:28.808, 63, 2842 MHz, 245.40 W
2026/08/17 19:53:29.853, 63, 2842 MHz, 245.42 W
2026/08/17 19:53:30.898, 63, 2842 MHz, 245.46 W
2026/08/17 19:53:31.943, 63, 2842 MHz, 246.13 W
2026/08/17 19:53:32.988, 63, 2842 MHz, 246.70 W
2026/08/17 19:53:34.034, 63, 2842 MHz, 246.74 W
2026/08/17 19:53:35.078, 63, 2842 MHz, 247.23 W
2026/08/17 19:53:36.123, 63, 2842 MHz, 247.95 W
2026/08/17 19:53:37.169, 63, 2842 MHz, 247.31 W
2026/08/17 19:53:38.214, 63, 2842 MHz, 247.40 W
2026/08/17 19:53:39.260, 63, 2842 MHz, 247.35 W
2026/08/17 19:53:40.305, 63, 2842 MHz, 247.46 W
2026/08/17 19:53:41.350, 63, 2842 MHz, 248.12 W
2026/08/17 19:53:42.396, 63, 2842 MHz, 248.20 W
2026/08/17 19:53:43.440, 63, 2842 MHz, 248.71 W
2026/08/17 19:53:44.485, 63, 2842 MHz, 247.98 W
2026/08/17 19:53:45.531, 63, 2842 MHz, 248.35 W
2026/08/17 19:53:46.575, 63, 2842 MHz, 248.62 W
2026/08/17 19:53:47.620, 63, 2842 MHz, 248.82 W
2026/08/17 19:53:48.665, 63, 2842 MHz, 249.18 W
2026/08/17 19:53:49.710, 63, 2842 MHz, 248.89 W
2026/08/17 19:53:50.755, 63, 2842 MHz, 249.52 W
2026/08/17 19:53:51.800, 63, 2842 MHz, 249.59 W
2026/08/17 19:53:52.844, 63, 2842 MHz, 249.49 W
2026/08/17 19:53:53.888, 63, 2842 MHz, 249.85 W
2026/08/17 19:53:54.933, 63, 2842 MHz, 249.80 W
2026/08/17 19:53:55.978, 63, 2842 MHz, 250.15 W
2026/08/17 19:53:57.022, 63, 2842 MHz, 250.38 W
2026/08/17 19:53:58.067, 72, 2842 MHz, 263.73 W
2026/08/17 19:53:59.112, 63, 2842 MHz, 241.08 W
2026/08/17 19:53:58.805, 63, 2842 MHz, 240.82 W
2026/08/17 19:53:59.850, 63, 2842 MHz, 242.13 W
2026/08/17 19:54:00.895, 63, 2842 MHz, 241.31 W
2026/08/17 19:54:01.940, 63, 2842 MHz, 241.81 W
2026/08/17 19:54:02.985, 63, 2842 MHz, 242.62 W
2026/08/17 19:54:04.030, 63, 2842 MHz, 242.45 W
2026/08/17 19:54:05.075, 63, 2842 MHz, 243.46 W
2026/08/17 19:54:06.119, 63, 2842 MHz, 243.94 W
2026/08/17 19:54:07.167, 63, 2842 MHz, 243.38 W
2026/08/17 19:54:08.217, 63, 2842 MHz, 243.48 W
2026/08/17 19:54:09.266, 63, 2842 MHz, 243.47 W
2026/08/17 19:54:10.317, 63, 2842 MHz, 244.74 W
2026/08/17 19:54:11.366, 63, 2842 MHz, 245.19 W
2026/08/17 19:54:12.416, 63, 2842 MHz, 245.54 W
2026/08/17 19:54:13.466, 63, 2842 MHz, 245.35 W
2026/08/17 19:54:14.516, 63, 2842 MHz, 244.75 W
2026/08/17 19:54:15.563, 63, 2842 MHz, 246.20 W
2026/08/17 19:54:16.609, 63, 2842 MHz, 246.37 W
2026/08/17 19:54:17.656, 63, 2842 MHz, 246.36 W
2026/08/17 19:54:18.703, 63, 2842 MHz, 246.54 W
2026/08/17 19:54:19.750, 63, 2842 MHz, 246.65 W
2026/08/17 19:54:20.796, 63, 2842 MHz, 247.06 W
2026/08/17 19:54:21.843, 63, 2842 MHz, 247.09 W
2026/08/17 19:54:22.889, 63, 2842 MHz, 247.69 W
2026/08/17 19:54:23.934, 63, 2842 MHz, 247.53 W
2026/08/17 19:54:24.980, 63, 2842 MHz, 247.75 W
2026/08/17 19:54:26.026, 63, 2842 MHz, 248.28 W
2026/08/17 19:54:27.072, 63, 2842 MHz, 248.51 W
2026/08/17 19:54:28.117, 63, 2842 MHz, 248.37 W
2026/08/17 19:54:29.162, 63, 2842 MHz, 247.98 W
2026/08/17 19:54:30.207, 63, 2842 MHz, 248.28 W
2026/08/17 19:54:29.845, 63, 2842 MHz, 248.45 W
2026/08/17 19:54:30.887, 63, 2842 MHz, 249.01 W
2026/08/17 19:54:31.928, 63, 2842 MHz, 249.25 W
2026/08/17 19:54:32.970, 63, 2842 MHz, 249.23 W
2026/08/17 19:54:34.012, 63, 2842 MHz, 249.06 W
2026/08/17 19:54:35.054, 64, 2842 MHz, 249.33 W
2026/08/17 19:54:36.096, 64, 2842 MHz, 249.69 W
2026/08/17 19:54:37.139, 64, 2842 MHz, 249.79 W
2026/08/17 19:54:38.181, 64, 2842 MHz, 249.93 W
2026/08/17 19:54:39.226, 64, 2842 MHz, 250.18 W
2026/08/17 19:54:40.274, 64, 2842 MHz, 265.17 W
2026/08/17 19:54:41.321, 63, 2842 MHz, 241.26 W
2026/08/17 19:54:42.369, 63, 2842 MHz, 241.66 W
2026/08/17 19:54:43.417, 63, 2842 MHz, 242.29 W
2026/08/17 19:54:44.465, 63, 2842 MHz, 240.98 W
2026/08/17 19:54:45.513, 63, 2842 MHz, 241.50 W
2026/08/17 19:54:46.561, 63, 2842 MHz, 242.55 W
2026/08/17 19:54:47.612, 63, 2842 MHz, 243.02 W
2026/08/17 19:54:48.662, 63, 2842 MHz, 243.81 W
2026/08/17 19:54:49.712, 63, 2842 MHz, 243.90 W
2026/08/17 19:54:50.763, 63, 2842 MHz, 243.70 W
2026/08/17 19:54:51.813, 63, 2842 MHz, 243.68 W
2026/08/17 19:54:52.864, 63, 2842 MHz, 244.22 W
2026/08/17 19:54:53.914, 63, 2842 MHz, 244.73 W
2026/08/17 19:54:54.963, 63, 2842 MHz, 244.97 W
2026/08/17 19:54:56.009, 63, 2842 MHz, 245.76 W
2026/08/17 19:54:57.054, 63, 2842 MHz, 246.00 W
2026/08/17 19:54:58.099, 63, 2842 MHz, 245.38 W
2026/08/17 19:54:59.145, 63, 2842 MHz, 245.94 W
2026/08/17 19:55:00.190, 63, 2842 MHz, 245.83 W
2026/08/17 19:55:01.235, 63, 2842 MHz, 246.36 W
2026/08/17 19:55:00.894, 63, 2842 MHz, 247.12 W
2026/08/17 19:55:01.939, 63, 2842 MHz, 247.05 W
2026/08/17 19:55:02.983, 63, 2842 MHz, 247.25 W
2026/08/17 19:55:04.020, 64, 2842 MHz, 246.49 W
2026/08/17 19:55:05.056, 64, 2842 MHz, 247.71 W
2026/08/17 19:55:06.092, 64, 2842 MHz, 247.73 W
2026/08/17 19:55:07.128, 64, 2842 MHz, 248.12 W
2026/08/17 19:55:08.165, 64, 2842 MHz, 248.39 W
2026/08/17 19:55:09.201, 64, 2842 MHz, 248.38 W
2026/08/17 19:55:10.238, 64, 2842 MHz, 248.77 W
2026/08/17 19:55:11.283, 64, 2842 MHz, 248.41 W
2026/08/17 19:55:12.341, 64, 2842 MHz, 249.00 W
2026/08/17 19:55:13.399, 64, 2842 MHz, 248.94 W
2026/08/17 19:55:14.457, 64, 2842 MHz, 248.94 W
2026/08/17 19:55:15.516, 64, 2842 MHz, 249.74 W
2026/08/17 19:55:16.574, 64, 2842 MHz, 249.47 W
2026/08/17 19:55:17.631, 64, 2842 MHz, 249.71 W
2026/08/17 19:55:18.689, 64, 2842 MHz, 249.43 W
2026/08/17 19:55:19.738, 64, 2842 MHz, 249.58 W
2026/08/17 19:55:20.785, 64, 2842 MHz, 250.20 W
2026/08/17 19:55:21.832, 64, 2842 MHz, 250.05 W
2026/08/17 19:55:22.879, 64, 2842 MHz, 250.64 W
2026/08/17 19:55:23.925, 64, 2842 MHz, 265.45 W
2026/08/17 19:55:24.973, 64, 2842 MHz, 241.95 W
2026/08/17 19:55:26.020, 63, 2842 MHz, 242.01 W
2026/08/17 19:55:27.067, 63, 2842 MHz, 242.42 W
2026/08/17 19:55:28.110, 63, 2842 MHz, 242.20 W
2026/08/17 19:55:29.154, 63, 2842 MHz, 241.56 W
2026/08/17 19:55:30.198, 64, 2842 MHz, 242.37 W
2026/08/17 19:55:31.241, 63, 2842 MHz, 243.39 W
2026/08/17 19:55:32.285, 63, 2842 MHz, 243.78 W
2026/08/17 19:55:31.940, 64, 2842 MHz, 244.74 W
2026/08/17 19:55:32.984, 64, 2842 MHz, 244.67 W
2026/08/17 19:55:34.028, 64, 2842 MHz, 243.86 W
2026/08/17 19:55:35.071, 64, 2842 MHz, 245.10 W
2026/08/17 19:55:36.116, 64, 2842 MHz, 245.92 W
2026/08/17 19:55:37.161, 64, 2842 MHz, 246.29 W
2026/08/17 19:55:38.206, 64, 2842 MHz, 246.58 W
2026/08/17 19:55:39.251, 64, 2842 MHz, 246.73 W
2026/08/17 19:55:40.296, 64, 2842 MHz, 246.34 W
2026/08/17 19:55:41.341, 64, 2842 MHz, 246.70 W
2026/08/17 19:55:42.386, 64, 2842 MHz, 247.29 W
2026/08/17 19:55:43.431, 64, 2842 MHz, 247.36 W
2026/08/17 19:55:44.476, 64, 2842 MHz, 247.65 W
2026/08/17 19:55:45.521, 64, 2842 MHz, 247.76 W
2026/08/17 19:55:46.567, 64, 2842 MHz, 247.79 W
2026/08/17 19:55:47.613, 64, 2842 MHz, 247.65 W
2026/08/17 19:55:48.658, 64, 2842 MHz, 248.08 W
2026/08/17 19:55:49.703, 64, 2842 MHz, 248.10 W
2026/08/17 19:55:50.749, 64, 2842 MHz, 248.12 W
2026/08/17 19:55:51.795, 64, 2842 MHz, 249.35 W
2026/08/17 19:55:52.840, 64, 2842 MHz, 249.55 W
2026/08/17 19:55:53.885, 64, 2842 MHz, 249.62 W
2026/08/17 19:55:54.931, 64, 2842 MHz, 248.92 W
2026/08/17 19:55:55.977, 64, 2842 MHz, 249.39 W
2026/08/17 19:55:57.022, 64, 2842 MHz, 250.10 W
2026/08/17 19:55:58.067, 64, 2842 MHz, 250.29 W
2026/08/17 19:55:59.112, 64, 2842 MHz, 250.52 W
2026/08/17 19:56:00.157, 64, 2842 MHz, 250.26 W
2026/08/17 19:56:01.202, 64, 2842 MHz, 250.45 W
2026/08/17 19:56:02.246, 64, 2842 MHz, 250.11 W
2026/08/17 19:56:03.291, 64, 2842 MHz, 250.53 W
2026/08/17 19:56:02.981, 65, 2842 MHz, 250.76 W
2026/08/17 19:56:04.026, 65, 2842 MHz, 250.58 W
2026/08/17 19:56:05.071, 65, 2842 MHz, 251.45 W
2026/08/17 19:56:06.117, 66, 2842 MHz, 259.00 W
2026/08/17 19:56:07.161, 64, 2842 MHz, 258.97 W
2026/08/17 19:56:08.206, 64, 2842 MHz, 242.42 W
2026/08/17 19:56:09.252, 64, 2842 MHz, 242.23 W
2026/08/17 19:56:10.297, 64, 2842 MHz, 242.65 W
2026/08/17 19:56:11.343, 64, 2842 MHz, 241.63 W
2026/08/17 19:56:12.389, 64, 2842 MHz, 242.74 W
2026/08/17 19:56:13.435, 64, 2842 MHz, 243.68 W
2026/08/17 19:56:14.481, 64, 2842 MHz, 243.61 W
2026/08/17 19:56:15.526, 64, 2842 MHz, 245.01 W
2026/08/17 19:56:16.572, 64, 2842 MHz, 245.30 W
2026/08/17 19:56:17.618, 64, 2842 MHz, 244.71 W
2026/08/17 19:56:18.664, 64, 2842 MHz, 245.54 W
2026/08/17 19:56:19.709, 64, 2842 MHz, 245.34 W
2026/08/17 19:56:20.755, 64, 2842 MHz, 246.24 W
2026/08/17 19:56:21.801, 64, 2842 MHz, 246.56 W
2026/08/17 19:56:22.846, 64, 2842 MHz, 247.07 W
2026/08/17 19:56:23.892, 64, 2842 MHz, 246.58 W
2026/08/17 19:56:24.938, 64, 2842 MHz, 246.09 W
2026/08/17 19:56:25.984, 64, 2842 MHz, 247.20 W
2026/08/17 19:56:27.029, 64, 2842 MHz, 247.76 W
2026/08/17 19:56:28.075, 64, 2842 MHz, 248.12 W
2026/08/17 19:56:29.120, 64, 2842 MHz, 248.17 W
2026/08/17 19:56:30.166, 64, 2842 MHz, 248.24 W
2026/08/17 19:56:31.212, 65, 2842 MHz, 248.35 W
2026/08/17 19:56:32.258, 65, 2842 MHz, 248.70 W
2026/08/17 19:56:33.303, 65, 2842 MHz, 249.08 W
2026/08/17 19:56:34.348, 65, 2842 MHz, 249.10 W
2026/08/17 19:56:34.025, 64, 2842 MHz, 249.29 W
2026/08/17 19:56:35.071, 65, 2842 MHz, 250.45 W
2026/08/17 19:56:36.117, 65, 2842 MHz, 250.32 W
2026/08/17 19:56:37.163, 65, 2842 MHz, 249.91 W
2026/08/17 19:56:38.208, 65, 2842 MHz, 250.00 W
2026/08/17 19:56:39.254, 65, 2842 MHz, 250.11 W
2026/08/17 19:56:40.299, 65, 2842 MHz, 250.92 W
2026/08/17 19:56:41.345, 65, 2842 MHz, 251.44 W
2026/08/17 19:56:42.390, 65, 2842 MHz, 251.29 W
2026/08/17 19:56:43.436, 65, 2842 MHz, 251.53 W
2026/08/17 19:56:44.482, 65, 2842 MHz, 251.31 W
2026/08/17 19:56:45.528, 65, 2842 MHz, 251.50 W
2026/08/17 19:56:46.574, 65, 2842 MHz, 251.78 W
2026/08/17 19:56:47.620, 65, 2842 MHz, 252.28 W
2026/08/17 19:56:48.665, 65, 2842 MHz, 252.27 W
2026/08/17 19:56:49.711, 65, 2842 MHz, 252.01 W
2026/08/17 19:56:50.757, 65, 2842 MHz, 263.18 W
2026/08/17 19:56:51.803, 64, 2842 MHz, 242.95 W
2026/08/17 19:56:52.849, 65, 2842 MHz, 243.58 W
2026/08/17 19:56:53.894, 64, 2842 MHz, 243.67 W
2026/08/17 19:56:54.940, 64, 2842 MHz, 242.21 W
2026/08/17 19:56:55.986, 64, 2842 MHz, 243.31 W
2026/08/17 19:56:57.030, 64, 2842 MHz, 244.40 W
2026/08/17 19:56:58.075, 64, 2842 MHz, 244.83 W
2026/08/17 19:56:59.121, 65, 2842 MHz, 245.51 W
2026/08/17 19:57:00.166, 65, 2842 MHz, 245.49 W
2026/08/17 19:57:01.212, 64, 2842 MHz, 244.48 W
2026/08/17 19:57:02.257, 65, 2842 MHz, 245.42 W
2026/08/17 19:57:03.302, 65, 2842 MHz, 245.80 W
2026/08/17 19:57:04.347, 65, 2842 MHz, 246.47 W
2026/08/17 19:57:04.032, 65, 2842 MHz, 246.57 W
2026/08/17 19:57:05.077, 65, 2842 MHz, 246.99 W
2026/08/17 19:57:06.123, 65, 2842 MHz, 247.29 W
2026/08/17 19:57:07.168, 65, 2842 MHz, 246.99 W
2026/08/17 19:57:08.213, 65, 2842 MHz, 247.40 W
2026/08/17 19:57:09.259, 65, 2842 MHz, 247.57 W
2026/08/17 19:57:10.305, 65, 2842 MHz, 247.95 W
2026/08/17 19:57:11.350, 65, 2842 MHz, 248.52 W
2026/08/17 19:57:12.398, 65, 2842 MHz, 248.75 W
2026/08/17 19:57:13.446, 65, 2842 MHz, 248.62 W
2026/08/17 19:57:14.494, 65, 2842 MHz, 248.45 W
2026/08/17 19:57:15.542, 65, 2842 MHz, 248.90 W
2026/08/17 19:57:16.589, 65, 2842 MHz, 249.20 W
2026/08/17 19:57:17.638, 65, 2842 MHz, 249.34 W
2026/08/17 19:57:18.686, 65, 2842 MHz, 250.01 W
2026/08/17 19:57:19.734, 65, 2842 MHz, 249.97 W
2026/08/17 19:57:20.781, 65, 2842 MHz, 249.95 W
2026/08/17 19:57:21.828, 65, 2842 MHz, 249.84 W
2026/08/17 19:57:22.875, 65, 2842 MHz, 250.06 W
2026/08/17 19:57:23.923, 65, 2842 MHz, 250.91 W
2026/08/17 19:57:24.970, 65, 2842 MHz, 250.81 W
2026/08/17 19:57:26.017, 65, 2842 MHz, 251.50 W
2026/08/17 19:57:27.065, 65, 2842 MHz, 251.75 W
2026/08/17 19:57:28.112, 65, 2842 MHz, 251.32 W
2026/08/17 19:57:29.158, 65, 2842 MHz, 251.50 W
2026/08/17 19:57:30.203, 65, 2842 MHz, 251.61 W
2026/08/17 19:57:31.249, 65, 2842 MHz, 252.21 W
2026/08/17 19:57:32.295, 65, 2842 MHz, 252.00 W
2026/08/17 19:57:33.341, 65, 2842 MHz, 252.48 W
2026/08/17 19:57:34.387, 65, 2842 MHz, 263.83 W
2026/08/17 19:57:35.433, 65, 2842 MHz, 242.64 W
2026/08/17 19:57:35.079, 65, 2842 MHz, 243.78 W
2026/08/17 19:57:36.124, 65, 2842 MHz, 243.74 W
2026/08/17 19:57:37.169, 65, 2842 MHz, 243.22 W
2026/08/17 19:57:38.214, 65, 2842 MHz, 243.92 W
2026/08/17 19:57:39.259, 65, 2842 MHz, 244.23 W
2026/08/17 19:57:40.304, 65, 2842 MHz, 245.16 W
2026/08/17 19:57:41.349, 65, 2842 MHz, 245.72 W
2026/08/17 19:57:42.393, 65, 2842 MHz, 246.58 W
2026/08/17 19:57:43.438, 65, 2842 MHz, 245.74 W
2026/08/17 19:57:44.484, 65, 2842 MHz, 245.71 W
2026/08/17 19:57:45.533, 65, 2842 MHz, 246.53 W
2026/08/17 19:57:46.581, 65, 2842 MHz, 246.64 W
2026/08/17 19:57:47.629, 65, 2842 MHz, 247.40 W
2026/08/17 19:57:48.677, 65, 2842 MHz, 247.50 W
2026/08/17 19:57:49.726, 65, 2842 MHz, 247.45 W
2026/08/17 19:57:50.774, 65, 2842 MHz, 247.14 W
2026/08/17 19:57:51.822, 65, 2842 MHz, 247.76 W
2026/08/17 19:57:52.872, 65, 2842 MHz, 248.38 W
2026/08/17 19:57:53.922, 65, 2842 MHz, 248.79 W
2026/08/17 19:57:54.973, 65, 2842 MHz, 248.56 W
2026/08/17 19:57:56.024, 65, 2842 MHz, 249.48 W
2026/08/17 19:57:57.075, 65, 2842 MHz, 249.22 W
2026/08/17 19:57:58.126, 65, 2842 MHz, 249.24 W
2026/08/17 19:57:59.177, 65, 2842 MHz, 249.70 W
2026/08/17 19:58:00.226, 65, 2842 MHz, 249.67 W
2026/08/17 19:58:01.271, 65, 2842 MHz, 249.99 W
2026/08/17 19:58:02.317, 65, 2842 MHz, 250.77 W
2026/08/17 19:58:03.362, 65, 2842 MHz, 251.06 W
2026/08/17 19:58:04.408, 65, 2842 MHz, 250.97 W
2026/08/17 19:58:05.453, 65, 2842 MHz, 250.41 W
2026/08/17 19:58:06.498, 65, 2842 MHz, 250.82 W
2026/08/17 19:58:06.126, 65, 2842 MHz, 251.48 W
2026/08/17 19:58:07.171, 65, 2842 MHz, 251.77 W
2026/08/17 19:58:08.214, 65, 2842 MHz, 252.16 W
2026/08/17 19:58:09.250, 66, 2842 MHz, 252.14 W
2026/08/17 19:58:10.287, 65, 2842 MHz, 251.82 W
2026/08/17 19:58:11.323, 65, 2842 MHz, 252.08 W
2026/08/17 19:58:12.359, 66, 2842 MHz, 252.09 W
2026/08/17 19:58:13.395, 65, 2842 MHz, 252.22 W
2026/08/17 19:58:14.431, 65, 2842 MHz, 251.80 W
2026/08/17 19:58:15.468, 66, 2842 MHz, 252.62 W
2026/08/17 19:58:16.512, 67, 2820 MHz, 267.72 W
2026/08/17 19:58:17.570, 65, 2842 MHz, 243.28 W
2026/08/17 19:58:18.627, 65, 2842 MHz, 243.71 W
2026/08/17 19:58:19.684, 65, 2842 MHz, 243.72 W
2026/08/17 19:58:20.741, 65, 2842 MHz, 242.83 W
2026/08/17 19:58:21.798, 65, 2842 MHz, 243.54 W
2026/08/17 19:58:22.856, 65, 2842 MHz, 244.33 W
2026/08/17 19:58:23.913, 65, 2842 MHz, 245.25 W
2026/08/17 19:58:24.963, 65, 2842 MHz, 245.55 W
2026/08/17 19:58:26.012, 65, 2842 MHz, 246.65 W
2026/08/17 19:58:27.060, 65, 2842 MHz, 246.10 W
2026/08/17 19:58:28.108, 65, 2842 MHz, 245.92 W
2026/08/17 19:58:29.156, 65, 2842 MHz, 246.39 W
2026/08/17 19:58:30.204, 65, 2842 MHz, 246.36 W
2026/08/17 19:58:31.252, 65, 2842 MHz, 247.34 W
2026/08/17 19:58:32.299, 65, 2842 MHz, 247.54 W
2026/08/17 19:58:33.343, 65, 2842 MHz, 247.97 W
2026/08/17 19:58:34.387, 65, 2842 MHz, 247.77 W
2026/08/17 19:58:35.431, 65, 2842 MHz, 247.37 W
2026/08/17 19:58:36.475, 65, 2842 MHz, 248.13 W
2026/08/17 19:58:37.520, 65, 2842 MHz, 248.53 W
2026/08/17 19:58:37.170, 65, 2842 MHz, 248.99 W
2026/08/17 19:58:38.214, 65, 2842 MHz, 249.34 W
2026/08/17 19:58:39.258, 65, 2842 MHz, 248.62 W
2026/08/17 19:58:40.303, 65, 2842 MHz, 249.31 W
2026/08/17 19:58:41.347, 65, 2842 MHz, 249.82 W
2026/08/17 19:58:42.393, 65, 2842 MHz, 250.20 W
2026/08/17 19:58:43.438, 65, 2842 MHz, 250.54 W
2026/08/17 19:58:44.484, 65, 2842 MHz, 250.01 W
2026/08/17 19:58:45.529, 65, 2842 MHz, 250.93 W
2026/08/17 19:58:46.574, 65, 2842 MHz, 250.78 W
2026/08/17 19:58:47.619, 65, 2842 MHz, 250.62 W
2026/08/17 19:58:48.665, 65, 2842 MHz, 251.23 W
2026/08/17 19:58:49.710, 66, 2842 MHz, 250.95 W
2026/08/17 19:58:50.755, 66, 2842 MHz, 251.80 W
2026/08/17 19:58:51.801, 66, 2842 MHz, 251.81 W
2026/08/17 19:58:52.846, 66, 2842 MHz, 252.50 W
2026/08/17 19:58:53.892, 66, 2842 MHz, 252.11 W
2026/08/17 19:58:54.936, 66, 2842 MHz, 251.83 W
2026/08/17 19:58:55.982, 66, 2842 MHz, 252.53 W
2026/08/17 19:58:57.027, 66, 2842 MHz, 252.97 W
2026/08/17 19:58:58.073, 66, 2842 MHz, 253.13 W
2026/08/17 19:58:59.118, 66, 2842 MHz, 253.18 W
2026/08/17 19:59:00.163, 73, 2835 MHz, 269.25 W
2026/08/17 19:59:01.208, 65, 2842 MHz, 245.55 W
2026/08/17 19:59:02.254, 65, 2842 MHz, 244.09 W
2026/08/17 19:59:03.299, 65, 2842 MHz, 244.53 W
2026/08/17 19:59:04.344, 65, 2842 MHz, 243.62 W
2026/08/17 19:59:05.390, 65, 2842 MHz, 243.16 W
2026/08/17 19:59:06.436, 65, 2842 MHz, 244.60 W
2026/08/17 19:59:07.481, 65, 2842 MHz, 245.38 W
2026/08/17 19:59:08.526, 65, 2842 MHz, 246.04 W
2026/08/17 19:59:08.213, 65, 2842 MHz, 246.15 W
2026/08/17 19:59:09.259, 65, 2842 MHz, 245.94 W
2026/08/17 19:59:10.304, 65, 2842 MHz, 245.89 W
2026/08/17 19:59:11.350, 65, 2842 MHz, 246.91 W
2026/08/17 19:59:12.395, 65, 2842 MHz, 247.24 W
2026/08/17 19:59:13.440, 65, 2842 MHz, 247.59 W
2026/08/17 19:59:14.486, 65, 2842 MHz, 247.77 W
2026/08/17 19:59:15.531, 65, 2842 MHz, 248.33 W
2026/08/17 19:59:16.576, 65, 2842 MHz, 247.86 W
2026/08/17 19:59:17.622, 65, 2842 MHz, 247.77 W
2026/08/17 19:59:18.667, 65, 2842 MHz, 248.32 W
2026/08/17 19:59:19.713, 65, 2842 MHz, 248.57 W
2026/08/17 19:59:20.758, 65, 2842 MHz, 249.55 W
2026/08/17 19:59:21.803, 65, 2842 MHz, 249.81 W
2026/08/17 19:59:22.849, 65, 2842 MHz, 249.56 W
2026/08/17 19:59:23.895, 65, 2842 MHz, 249.36 W
2026/08/17 19:59:24.941, 65, 2842 MHz, 249.53 W
2026/08/17 19:59:25.987, 65, 2842 MHz, 250.18 W
2026/08/17 19:59:27.032, 65, 2842 MHz, 250.51 W
2026/08/17 19:59:28.078, 66, 2842 MHz, 250.50 W
2026/08/17 19:59:29.124, 66, 2842 MHz, 251.15 W
2026/08/17 19:59:30.169, 66, 2842 MHz, 250.64 W
2026/08/17 19:59:31.215, 66, 2842 MHz, 250.57 W
2026/08/17 19:59:32.261, 66, 2842 MHz, 250.91 W
2026/08/17 19:59:33.307, 66, 2842 MHz, 250.84 W
2026/08/17 19:59:34.352, 66, 2842 MHz, 251.40 W
2026/08/17 19:59:35.398, 66, 2842 MHz, 251.44 W
2026/08/17 19:59:36.444, 66, 2842 MHz, 252.12 W
2026/08/17 19:59:37.490, 66, 2842 MHz, 252.21 W
2026/08/17 19:59:38.535, 66, 2842 MHz, 251.68 W
2026/08/17 19:59:38.213, 66, 2842 MHz, 251.96 W
2026/08/17 19:59:39.259, 66, 2842 MHz, 251.74 W
2026/08/17 19:59:40.305, 66, 2842 MHz, 252.78 W
2026/08/17 19:59:41.351, 66, 2842 MHz, 252.65 W
2026/08/17 19:59:42.397, 66, 2842 MHz, 258.16 W
2026/08/17 19:59:43.442, 65, 2842 MHz, 261.13 W
2026/08/17 19:59:44.488, 65, 2842 MHz, 243.02 W
2026/08/17 19:59:45.534, 65, 2842 MHz, 243.99 W
2026/08/17 19:59:46.580, 65, 2842 MHz, 243.98 W
2026/08/17 19:59:47.626, 65, 2842 MHz, 243.35 W
2026/08/17 19:59:48.672, 65, 2842 MHz, 244.57 W
2026/08/17 19:59:49.718, 65, 2842 MHz, 244.93 W
2026/08/17 19:59:50.764, 65, 2842 MHz, 245.87 W
2026/08/17 19:59:51.810, 65, 2842 MHz, 246.12 W
2026/08/17 19:59:52.856, 65, 2842 MHz, 246.89 W
2026/08/17 19:59:53.901, 65, 2842 MHz, 245.96 W
2026/08/17 19:59:54.948, 65, 2842 MHz, 246.59 W
2026/08/17 19:59:55.993, 65, 2842 MHz, 247.36 W
2026/08/17 19:59:57.039, 65, 2842 MHz, 247.41 W
2026/08/17 19:59:58.085, 65, 2842 MHz, 247.99 W
2026/08/17 19:59:59.131, 65, 2842 MHz, 248.24 W
2026/08/17 20:00:00.176, 65, 2842 MHz, 247.83 W
2026/08/17 20:00:01.222, 65, 2842 MHz, 247.98 W
2026/08/17 20:00:02.268, 65, 2842 MHz, 248.29 W
2026/08/17 20:00:03.314, 65, 2842 MHz, 249.04 W
2026/08/17 20:00:04.360, 65, 2842 MHz, 249.35 W
2026/08/17 20:00:05.406, 65, 2842 MHz, 249.39 W
2026/08/17 20:00:06.452, 65, 2842 MHz, 249.79 W
2026/08/17 20:00:07.498, 65, 2842 MHz, 248.73 W
2026/08/17 20:00:08.544, 65, 2842 MHz, 249.41 W
2026/08/17 20:00:09.589, 65, 2842 MHz, 249.90 W
2026/08/17 20:00:09.262, 66, 2842 MHz, 249.93 W
2026/08/17 20:00:10.308, 66, 2842 MHz, 250.52 W
2026/08/17 20:00:11.354, 66, 2842 MHz, 250.89 W
2026/08/17 20:00:12.400, 65, 2842 MHz, 251.09 W
2026/08/17 20:00:13.445, 66, 2842 MHz, 250.52 W
2026/08/17 20:00:14.491, 66, 2842 MHz, 250.47 W
2026/08/17 20:00:15.537, 66, 2842 MHz, 250.86 W
2026/08/17 20:00:16.583, 66, 2842 MHz, 251.50 W
2026/08/17 20:00:17.629, 66, 2842 MHz, 251.95 W
2026/08/17 20:00:18.676, 66, 2842 MHz, 252.15 W
2026/08/17 20:00:19.722, 66, 2842 MHz, 251.89 W
2026/08/17 20:00:20.769, 66, 2842 MHz, 251.96 W
2026/08/17 20:00:21.816, 66, 2842 MHz, 252.02 W
2026/08/17 20:00:22.863, 66, 2842 MHz, 252.42 W
2026/08/17 20:00:23.909, 66, 2842 MHz, 252.82 W
2026/08/17 20:00:24.956, 66, 2842 MHz, 252.71 W
2026/08/17 20:00:26.002, 66, 2842 MHz, 252.94 W
2026/08/17 20:00:27.049, 66, 2842 MHz, 263.43 W
2026/08/17 20:00:28.096, 65, 2842 MHz, 243.65 W
2026/08/17 20:00:29.142, 65, 2842 MHz, 244.06 W
2026/08/17 20:00:30.189, 65, 2842 MHz, 244.03 W
2026/08/17 20:00:31.236, 65, 2842 MHz, 242.96 W
2026/08/17 20:00:32.283, 65, 2842 MHz, 244.14 W
2026/08/17 20:00:33.330, 65, 2842 MHz, 244.93 W
2026/08/17 20:00:34.375, 65, 2842 MHz, 245.50 W
2026/08/17 20:00:35.422, 65, 2842 MHz, 245.68 W
2026/08/17 20:00:36.468, 65, 2842 MHz, 246.54 W
2026/08/17 20:00:37.514, 65, 2842 MHz, 245.71 W
2026/08/17 20:00:38.560, 65, 2842 MHz, 246.61 W
2026/08/17 20:00:39.606, 65, 2842 MHz, 247.08 W
2026/08/17 20:00:40.652, 65, 2842 MHz, 246.76 W
2026/08/17 20:00:40.312, 65, 2842 MHz, 247.89 W
2026/08/17 20:00:41.358, 65, 2842 MHz, 248.28 W
2026/08/17 20:00:42.403, 65, 2842 MHz, 247.92 W
2026/08/17 20:00:43.449, 65, 2842 MHz, 247.86 W
2026/08/17 20:00:44.494, 65, 2842 MHz, 247.57 W
2026/08/17 20:00:45.540, 65, 2842 MHz, 248.77 W
2026/08/17 20:00:46.585, 65, 2842 MHz, 248.98 W
2026/08/17 20:00:47.630, 65, 2842 MHz, 249.33 W
2026/08/17 20:00:48.676, 65, 2842 MHz, 249.47 W
2026/08/17 20:00:49.723, 65, 2842 MHz, 248.88 W
2026/08/17 20:00:50.772, 65, 2842 MHz, 249.56 W
2026/08/17 20:00:51.821, 65, 2842 MHz, 249.98 W
2026/08/17 20:00:52.870, 65, 2842 MHz, 250.34 W
2026/08/17 20:00:53.918, 66, 2842 MHz, 250.58 W
2026/08/17 20:00:54.966, 65, 2842 MHz, 250.18 W
2026/08/17 20:00:56.015, 66, 2842 MHz, 251.08 W
2026/08/17 20:00:57.063, 66, 2842 MHz, 250.75 W
2026/08/17 20:00:58.111, 65, 2842 MHz, 250.88 W
2026/08/17 20:00:59.160, 66, 2842 MHz, 250.85 W
2026/08/17 20:01:00.208, 66, 2842 MHz, 250.73 W
2026/08/17 20:01:01.255, 66, 2842 MHz, 251.51 W
2026/08/17 20:01:02.304, 65, 2842 MHz, 252.08 W
2026/08/17 20:01:03.352, 66, 2842 MHz, 252.66 W
2026/08/17 20:01:04.400, 66, 2842 MHz, 252.27 W
2026/08/17 20:01:05.447, 66, 2842 MHz, 251.81 W
2026/08/17 20:01:06.493, 66, 2842 MHz, 252.58 W
2026/08/17 20:01:07.538, 66, 2842 MHz, 252.89 W
2026/08/17 20:01:08.584, 66, 2842 MHz, 253.22 W
2026/08/17 20:01:09.629, 66, 2842 MHz, 253.10 W
2026/08/17 20:01:10.675, 67, 2827 MHz, 264.90 W
2026/08/17 20:01:11.720, 65, 2842 MHz, 243.71 W
2026/08/17 20:01:11.355, 65, 2842 MHz, 244.20 W
2026/08/17 20:01:12.401, 65, 2842 MHz, 244.86 W
2026/08/17 20:01:13.446, 65, 2842 MHz, 243.28 W
2026/08/17 20:01:14.489, 65, 2842 MHz, 244.04 W
2026/08/17 20:01:15.532, 65, 2842 MHz, 245.10 W
2026/08/17 20:01:16.575, 65, 2842 MHz, 245.68 W
2026/08/17 20:01:17.619, 65, 2842 MHz, 246.39 W
2026/08/17 20:01:18.662, 65, 2842 MHz, 246.42 W
2026/08/17 20:01:19.705, 65, 2842 MHz, 246.04 W
2026/08/17 20:01:20.749, 65, 2842 MHz, 246.68 W
2026/08/17 20:01:21.794, 65, 2842 MHz, 247.24 W
2026/08/17 20:01:22.842, 65, 2842 MHz, 247.61 W
2026/08/17 20:01:23.891, 65, 2842 MHz, 248.27 W
2026/08/17 20:01:24.939, 65, 2842 MHz, 248.22 W
2026/08/17 20:01:25.987, 65, 2842 MHz, 247.55 W
2026/08/17 20:01:27.036, 65, 2842 MHz, 248.12 W
2026/08/17 20:01:28.084, 65, 2842 MHz, 248.60 W
2026/08/17 20:01:29.133, 65, 2842 MHz, 249.02 W
2026/08/17 20:01:30.182, 65, 2842 MHz, 248.80 W
2026/08/17 20:01:31.231, 65, 2842 MHz, 249.46 W
2026/08/17 20:01:32.280, 65, 2842 MHz, 249.73 W
2026/08/17 20:01:33.329, 65, 2842 MHz, 249.47 W
2026/08/17 20:01:34.378, 65, 2842 MHz, 249.58 W
2026/08/17 20:01:35.428, 65, 2842 MHz, 249.46 W
2026/08/17 20:01:36.477, 65, 2842 MHz, 250.29 W
2026/08/17 20:01:37.526, 65, 2842 MHz, 250.62 W
2026/08/17 20:01:38.571, 65, 2842 MHz, 250.54 W
2026/08/17 20:01:39.616, 66, 2842 MHz, 251.23 W
2026/08/17 20:01:40.662, 66, 2842 MHz, 250.25 W
2026/08/17 20:01:41.706, 65, 2842 MHz, 250.57 W
2026/08/17 20:01:42.751, 66, 2842 MHz, 251.04 W
2026/08/17 20:01:42.398, 66, 2842 MHz, 251.06 W
2026/08/17 20:01:43.444, 66, 2842 MHz, 251.40 W
2026/08/17 20:01:44.489, 66, 2842 MHz, 251.29 W
2026/08/17 20:01:45.533, 66, 2842 MHz, 252.46 W
2026/08/17 20:01:46.579, 66, 2842 MHz, 252.35 W
2026/08/17 20:01:47.624, 66, 2842 MHz, 251.74 W
2026/08/17 20:01:48.670, 66, 2842 MHz, 252.51 W
2026/08/17 20:01:49.716, 66, 2842 MHz, 252.35 W
2026/08/17 20:01:50.761, 66, 2842 MHz, 252.69 W
2026/08/17 20:01:51.807, 66, 2842 MHz, 253.20 W
2026/08/17 20:01:52.852, 73, 2835 MHz, 265.86 W
2026/08/17 20:01:53.898, 65, 2842 MHz, 243.39 W
2026/08/17 20:01:54.944, 65, 2842 MHz, 243.50 W
2026/08/17 20:01:55.990, 65, 2842 MHz, 244.28 W
2026/08/17 20:01:57.036, 65, 2842 MHz, 243.33 W
2026/08/17 20:01:58.082, 65, 2842 MHz, 243.53 W
2026/08/17 20:01:59.128, 65, 2842 MHz, 244.78 W
2026/08/17 20:02:00.173, 65, 2842 MHz, 245.23 W
2026/08/17 20:02:01.220, 65, 2842 MHz, 246.19 W
2026/08/17 20:02:02.265, 65, 2842 MHz, 246.73 W
2026/08/17 20:02:03.310, 65, 2842 MHz, 246.61 W
2026/08/17 20:02:04.357, 65, 2842 MHz, 246.43 W
2026/08/17 20:02:05.403, 65, 2842 MHz, 246.86 W
2026/08/17 20:02:06.449, 65, 2842 MHz, 247.82 W
2026/08/17 20:02:07.494, 65, 2842 MHz, 247.67 W
2026/08/17 20:02:08.540, 65, 2842 MHz, 248.21 W
2026/08/17 20:02:09.586, 65, 2842 MHz, 248.40 W
2026/08/17 20:02:10.631, 65, 2842 MHz, 247.69 W
2026/08/17 20:02:11.677, 65, 2842 MHz, 248.41 W
2026/08/17 20:02:12.723, 65, 2842 MHz, 248.32 W
2026/08/17 20:02:13.769, 65, 2842 MHz, 249.16 W
2026/08/17 20:02:13.441, 65, 2842 MHz, 249.65 W
2026/08/17 20:02:14.486, 65, 2842 MHz, 249.72 W
2026/08/17 20:02:15.532, 65, 2842 MHz, 249.86 W
2026/08/17 20:02:16.578, 65, 2842 MHz, 249.51 W
2026/08/17 20:02:17.624, 65, 2842 MHz, 250.20 W
2026/08/17 20:02:18.670, 65, 2842 MHz, 250.38 W
2026/08/17 20:02:19.716, 65, 2842 MHz, 250.39 W
2026/08/17 20:02:20.762, 65, 2842 MHz, 250.62 W
2026/08/17 20:02:21.807, 65, 2842 MHz, 251.08 W
2026/08/17 20:02:22.853, 66, 2842 MHz, 251.09 W
2026/08/17 20:02:23.899, 65, 2842 MHz, 250.75 W
2026/08/17 20:02:24.945, 65, 2842 MHz, 251.06 W
2026/08/17 20:02:25.991, 66, 2842 MHz, 251.36 W
2026/08/17 20:02:27.036, 66, 2842 MHz, 251.70 W
2026/08/17 20:02:28.082, 66, 2842 MHz, 252.03 W
2026/08/17 20:02:29.128, 66, 2842 MHz, 252.49 W
2026/08/17 20:02:30.174, 66, 2842 MHz, 252.21 W
2026/08/17 20:02:31.220, 66, 2842 MHz, 251.51 W
2026/08/17 20:02:32.267, 66, 2842 MHz, 252.60 W
2026/08/17 20:02:33.312, 66, 2842 MHz, 252.65 W
2026/08/17 20:02:34.358, 66, 2842 MHz, 253.02 W
2026/08/17 20:02:35.404, 66, 2842 MHz, 252.95 W
2026/08/17 20:02:36.450, 66, 2842 MHz, 269.01 W
2026/08/17 20:02:37.496, 65, 2842 MHz, 246.36 W
2026/08/17 20:02:38.542, 65, 2842 MHz, 243.70 W
2026/08/17 20:02:39.588, 65, 2842 MHz, 244.18 W
2026/08/17 20:02:40.634, 65, 2842 MHz, 243.62 W
2026/08/17 20:02:41.680, 65, 2842 MHz, 242.90 W
2026/08/17 20:02:42.726, 65, 2842 MHz, 244.58 W
2026/08/17 20:02:43.772, 65, 2842 MHz, 245.20 W
2026/08/17 20:02:43.434, 65, 2842 MHz, 245.91 W
2026/08/17 20:02:44.480, 65, 2842 MHz, 245.98 W
2026/08/17 20:02:45.526, 65, 2842 MHz, 245.73 W
2026/08/17 20:02:46.572, 65, 2842 MHz, 245.88 W
2026/08/17 20:02:47.617, 65, 2842 MHz, 246.91 W
2026/08/17 20:02:48.663, 65, 2842 MHz, 247.36 W
2026/08/17 20:02:49.709, 65, 2842 MHz, 247.03 W
2026/08/17 20:02:50.756, 65, 2842 MHz, 247.67 W
2026/08/17 20:02:51.801, 65, 2842 MHz, 248.15 W
2026/08/17 20:02:52.847, 65, 2842 MHz, 247.61 W
2026/08/17 20:02:53.893, 65, 2842 MHz, 247.86 W
2026/08/17 20:02:54.939, 65, 2842 MHz, 247.69 W
2026/08/17 20:02:55.985, 65, 2842 MHz, 248.41 W
2026/08/17 20:02:57.031, 65, 2842 MHz, 248.94 W
2026/08/17 20:02:58.077, 65, 2842 MHz, 249.21 W
2026/08/17 20:02:59.123, 65, 2842 MHz, 248.95 W
2026/08/17 20:03:00.169, 65, 2842 MHz, 248.02 W
2026/08/17 20:03:01.215, 65, 2842 MHz, 249.07 W
2026/08/17 20:03:02.261, 65, 2842 MHz, 249.21 W
2026/08/17 20:03:03.307, 65, 2842 MHz, 249.85 W
2026/08/17 20:03:04.353, 65, 2842 MHz, 250.25 W
2026/08/17 20:03:05.399, 65, 2842 MHz, 250.13 W
2026/08/17 20:03:06.445, 65, 2842 MHz, 250.84 W
2026/08/17 20:03:07.491, 65, 2842 MHz, 250.52 W
2026/08/17 20:03:08.536, 65, 2842 MHz, 251.04 W
2026/08/17 20:03:09.582, 65, 2842 MHz, 251.45 W
2026/08/17 20:03:10.629, 65, 2842 MHz, 250.85 W
2026/08/17 20:03:11.674, 65, 2842 MHz, 252.02 W
2026/08/17 20:03:12.720, 66, 2842 MHz, 252.55 W
2026/08/17 20:03:13.766, 65, 2842 MHz, 252.48 W
2026/08/17 20:03:14.813, 66, 2842 MHz, 252.07 W
2026/08/17 20:03:14.483, 65, 2842 MHz, 252.00 W
2026/08/17 20:03:15.529, 66, 2842 MHz, 252.62 W
2026/08/17 20:03:16.575, 66, 2842 MHz, 252.76 W
2026/08/17 20:03:17.622, 66, 2842 MHz, 253.16 W
2026/08/17 20:03:18.668, 66, 2842 MHz, 263.64 W
2026/08/17 20:03:19.714, 65, 2842 MHz, 256.04 W
2026/08/17 20:03:20.760, 65, 2842 MHz, 243.77 W
2026/08/17 20:03:21.806, 65, 2842 MHz, 244.18 W
2026/08/17 20:03:22.852, 65, 2842 MHz, 243.99 W
2026/08/17 20:03:23.899, 65, 2842 MHz, 242.89 W
2026/08/17 20:03:24.945, 65, 2842 MHz, 244.15 W
2026/08/17 20:03:25.991, 65, 2842 MHz, 245.32 W
2026/08/17 20:03:27.037, 65, 2842 MHz, 246.04 W
2026/08/17 20:03:28.083, 65, 2842 MHz, 246.47 W
2026/08/17 20:03:29.129, 65, 2842 MHz, 246.32 W
2026/08/17 20:03:30.176, 65, 2842 MHz, 245.58 W
2026/08/17 20:03:31.222, 65, 2842 MHz, 246.78 W
2026/08/17 20:03:32.268, 65, 2842 MHz, 247.11 W
2026/08/17 20:03:33.314, 65, 2842 MHz, 247.39 W
2026/08/17 20:03:34.361, 65, 2842 MHz, 247.51 W
2026/08/17 20:03:35.408, 65, 2842 MHz, 247.87 W
2026/08/17 20:03:36.454, 65, 2842 MHz, 247.84 W
2026/08/17 20:03:37.500, 65, 2842 MHz, 247.96 W
2026/08/17 20:03:38.546, 65, 2842 MHz, 248.21 W
2026/08/17 20:03:39.592, 65, 2842 MHz, 248.49 W
2026/08/17 20:03:40.638, 65, 2842 MHz, 248.58 W
2026/08/17 20:03:41.683, 65, 2842 MHz, 249.33 W
2026/08/17 20:03:42.728, 65, 2842 MHz, 249.74 W
2026/08/17 20:03:43.773, 65, 2842 MHz, 249.51 W
2026/08/17 20:03:44.819, 65, 2842 MHz, 249.63 W
2026/08/17 20:03:45.864, 65, 2842 MHz, 249.84 W
2026/08/17 20:03:45.527, 65, 2842 MHz, 250.53 W
2026/08/17 20:03:46.572, 65, 2842 MHz, 250.93 W
2026/08/17 20:03:47.618, 65, 2842 MHz, 251.12 W
2026/08/17 20:03:48.664, 65, 2842 MHz, 251.12 W
2026/08/17 20:03:49.710, 65, 2842 MHz, 250.08 W
2026/08/17 20:03:50.755, 65, 2842 MHz, 250.27 W
2026/08/17 20:03:51.801, 65, 2842 MHz, 251.27 W
2026/08/17 20:03:52.847, 65, 2842 MHz, 251.36 W
2026/08/17 20:03:53.893, 65, 2842 MHz, 251.66 W
2026/08/17 20:03:54.940, 65, 2842 MHz, 251.78 W
2026/08/17 20:03:55.990, 66, 2842 MHz, 252.64 W
2026/08/17 20:03:57.041, 66, 2842 MHz, 252.19 W
2026/08/17 20:03:58.091, 65, 2842 MHz, 251.77 W
2026/08/17 20:03:59.141, 66, 2842 MHz, 252.52 W
2026/08/17 20:04:00.191, 66, 2842 MHz, 252.51 W
2026/08/17 20:04:01.241, 66, 2842 MHz, 252.54 W
2026/08/17 20:04:02.291, 66, 2842 MHz, 253.50 W
2026/08/17 20:04:03.340, 65, 2842 MHz, 263.12 W
2026/08/17 20:04:04.387, 65, 2842 MHz, 243.81 W
2026/08/17 20:04:05.434, 65, 2842 MHz, 243.83 W
2026/08/17 20:04:06.481, 65, 2842 MHz, 244.08 W
2026/08/17 20:04:07.528, 65, 2842 MHz, 243.30 W
2026/08/17 20:04:08.575, 65, 2842 MHz, 244.22 W
2026/08/17 20:04:09.622, 65, 2842 MHz, 245.18 W
2026/08/17 20:04:10.669, 65, 2842 MHz, 245.41 W
2026/08/17 20:04:11.714, 65, 2842 MHz, 246.30 W
2026/08/17 20:04:12.760, 65, 2842 MHz, 246.42 W
2026/08/17 20:04:13.805, 65, 2842 MHz, 245.73 W
2026/08/17 20:04:14.851, 65, 2842 MHz, 246.40 W
2026/08/17 20:04:15.897, 65, 2842 MHz, 246.77 W
2026/08/17 20:04:16.943, 65, 2842 MHz, 247.27 W
2026/08/17 20:04:16.570, 65, 2842 MHz, 247.36 W
2026/08/17 20:04:17.616, 65, 2842 MHz, 247.68 W
2026/08/17 20:04:18.662, 65, 2842 MHz, 247.35 W
2026/08/17 20:04:19.708, 65, 2842 MHz, 247.00 W
2026/08/17 20:04:20.754, 65, 2842 MHz, 247.86 W
2026/08/17 20:04:21.800, 65, 2842 MHz, 247.88 W
2026/08/17 20:04:22.845, 65, 2842 MHz, 248.74 W
2026/08/17 20:04:23.891, 65, 2842 MHz, 248.85 W
2026/08/17 20:04:24.938, 65, 2842 MHz, 248.93 W
2026/08/17 20:04:25.984, 65, 2842 MHz, 249.24 W
2026/08/17 20:04:27.029, 65, 2842 MHz, 249.04 W
2026/08/17 20:04:28.075, 65, 2842 MHz, 249.76 W
2026/08/17 20:04:29.121, 65, 2842 MHz, 250.00 W
2026/08/17 20:04:30.167, 65, 2842 MHz, 250.32 W
2026/08/17 20:04:31.213, 65, 2842 MHz, 250.54 W
2026/08/17 20:04:32.259, 65, 2842 MHz, 250.83 W
2026/08/17 20:04:33.305, 65, 2842 MHz, 250.87 W
2026/08/17 20:04:34.351, 65, 2842 MHz, 251.10 W
2026/08/17 20:04:35.397, 65, 2842 MHz, 250.73 W
2026/08/17 20:04:36.442, 65, 2842 MHz, 251.31 W
2026/08/17 20:04:37.488, 65, 2842 MHz, 251.55 W
2026/08/17 20:04:38.534, 66, 2842 MHz, 252.24 W
2026/08/17 20:04:39.580, 65, 2842 MHz, 252.54 W
2026/08/17 20:04:40.625, 65, 2842 MHz, 251.64 W
2026/08/17 20:04:41.671, 66, 2842 MHz, 251.79 W
2026/08/17 20:04:42.717, 66, 2842 MHz, 252.22 W
2026/08/17 20:04:43.762, 66, 2842 MHz, 252.69 W
2026/08/17 20:04:44.808, 66, 2842 MHz, 252.97 W
2026/08/17 20:04:45.854, 65, 2842 MHz, 252.68 W
2026/08/17 20:04:46.900, 65, 2842 MHz, 261.14 W
2026/08/17 20:04:47.946, 65, 2842 MHz, 242.98 W
2026/08/17 20:04:47.613, 65, 2842 MHz, 242.60 W
2026/08/17 20:04:48.658, 65, 2842 MHz, 243.19 W
2026/08/17 20:04:49.704, 65, 2842 MHz, 243.57 W
2026/08/17 20:04:50.750, 65, 2842 MHz, 242.70 W
2026/08/17 20:04:51.796, 65, 2842 MHz, 242.58 W
2026/08/17 20:04:52.842, 65, 2842 MHz, 243.03 W
2026/08/17 20:04:53.888, 65, 2842 MHz, 243.66 W
2026/08/17 20:04:54.933, 65, 2842 MHz, 243.76 W
2026/08/17 20:04:55.980, 65, 2842 MHz, 242.44 W
2026/08/17 20:04:57.025, 65, 2842 MHz, 242.28 W
2026/08/17 20:04:58.071, 65, 2842 MHz, 243.04 W
2026/08/17 20:04:59.117, 65, 2842 MHz, 243.63 W
2026/08/17 20:05:00.163, 64, 2842 MHz, 244.17 W
2026/08/17 20:05:01.209, 65, 2842 MHz, 245.01 W
2026/08/17 20:05:02.255, 65, 2842 MHz, 243.45 W
2026/08/17 20:05:03.301, 65, 2842 MHz, 242.50 W
2026/08/17 20:05:04.349, 65, 2842 MHz, 243.38 W
2026/08/17 20:05:05.395, 65, 2842 MHz, 243.87 W
2026/08/17 20:05:06.441, 65, 2842 MHz, 244.58 W
2026/08/17 20:05:07.488, 65, 2842 MHz, 245.79 W
2026/08/17 20:05:08.534, 65, 2842 MHz, 245.51 W
2026/08/17 20:05:09.580, 65, 2842 MHz, 242.60 W
2026/08/17 20:05:10.626, 64, 2842 MHz, 243.04 W
2026/08/17 20:05:11.672, 65, 2842 MHz, 243.86 W
2026/08/17 20:05:12.718, 65, 2842 MHz, 244.99 W
2026/08/17 20:05:13.764, 65, 2842 MHz, 246.13 W
2026/08/17 20:05:14.810, 65, 2842 MHz, 246.62 W
2026/08/17 20:05:15.856, 65, 2842 MHz, 244.88 W
2026/08/17 20:05:16.901, 65, 2842 MHz, 243.39 W
2026/08/17 20:05:17.948, 65, 2842 MHz, 244.31 W
2026/08/17 20:05:18.994, 65, 2842 MHz, 245.11 W
2026/08/17 20:05:18.653, 65, 2842 MHz, 245.81 W
2026/08/17 20:05:19.699, 65, 2842 MHz, 245.71 W
2026/08/17 20:05:20.745, 65, 2842 MHz, 246.88 W
2026/08/17 20:05:21.791, 65, 2842 MHz, 245.71 W
2026/08/17 20:05:22.837, 65, 2842 MHz, 244.10 W
2026/08/17 20:05:23.882, 65, 2842 MHz, 244.99 W
2026/08/17 20:05:24.929, 65, 2842 MHz, 245.17 W
2026/08/17 20:05:25.974, 65, 2842 MHz, 246.05 W
2026/08/17 20:05:27.021, 65, 2842 MHz, 247.24 W
2026/08/17 20:05:28.066, 57, 2857 MHz, 130.71 W
2026/08/17 20:05:29.112, 55, 2857 MHz, 66.65 W
2026/08/17 20:05:30.158, 53, 532 MHz, 44.72 W
2026/08/17 20:05:31.205, 53, 427 MHz, 36.20 W
2026/08/17 20:05:32.251, 52, 210 MHz, 35.53 W
2026/08/17 20:05:33.298, 52, 180 MHz, 35.51 W
2026/08/17 20:05:34.344, 51, 187 MHz, 30.24 W
2026/08/17 20:05:35.391, 50, 180 MHz, 26.59 W
2026/08/17 20:05:36.436, 59, 2857 MHz, 181.74 W
2026/08/17 20:05:37.483, 60, 2857 MHz, 227.17 W
2026/08/17 20:05:38.529, 61, 2857 MHz, 228.15 W
2026/08/17 20:05:39.575, 61, 2850 MHz, 228.58 W
2026/08/17 20:05:40.620, 61, 2842 MHz, 229.22 W
2026/08/17 20:05:41.667, 61, 2842 MHz, 229.30 W
2026/08/17 20:05:42.712, 61, 2842 MHz, 230.43 W
2026/08/17 20:05:43.759, 62, 2842 MHz, 229.17 W
2026/08/17 20:05:44.805, 62, 2842 MHz, 228.95 W
2026/08/17 20:05:45.851, 62, 2842 MHz, 229.96 W
2026/08/17 20:05:46.897, 62, 2842 MHz, 230.40 W
2026/08/17 20:05:47.944, 62, 2842 MHz, 231.25 W
2026/08/17 20:05:48.990, 62, 2842 MHz, 231.66 W
2026/08/17 20:05:50.036, 63, 2842 MHz, 231.67 W
2026/08/17 20:05:49.700, 63, 2842 MHz, 232.26 W
2026/08/17 20:05:50.746, 63, 2842 MHz, 232.04 W
2026/08/17 20:05:51.792, 63, 2842 MHz, 231.92 W
2026/08/17 20:05:52.838, 63, 2842 MHz, 230.98 W
2026/08/17 20:05:53.884, 63, 2842 MHz, 230.48 W
2026/08/17 20:05:54.930, 63, 2842 MHz, 231.34 W
2026/08/17 20:05:55.977, 63, 2842 MHz, 231.31 W
2026/08/17 20:05:57.023, 64, 2842 MHz, 233.79 W
2026/08/17 20:05:58.070, 64, 2842 MHz, 233.94 W
2026/08/17 20:05:59.116, 64, 2842 MHz, 234.16 W
2026/08/17 20:06:00.162, 64, 2842 MHz, 234.23 W
2026/08/17 20:06:01.208, 64, 2842 MHz, 234.22 W
2026/08/17 20:06:02.255, 64, 2842 MHz, 234.23 W
2026/08/17 20:06:03.300, 64, 2842 MHz, 232.37 W
2026/08/17 20:06:04.347, 64, 2842 MHz, 231.32 W
2026/08/17 20:06:05.393, 64, 2842 MHz, 231.78 W
2026/08/17 20:06:06.440, 64, 2842 MHz, 232.09 W
2026/08/17 20:06:07.486, 64, 2842 MHz, 233.09 W
2026/08/17 20:06:08.532, 64, 2842 MHz, 233.03 W
2026/08/17 20:06:09.579, 65, 2842 MHz, 235.79 W
2026/08/17 20:06:10.625, 65, 2842 MHz, 236.87 W
2026/08/17 20:06:11.671, 65, 2842 MHz, 236.46 W
2026/08/17 20:06:12.717, 65, 2842 MHz, 236.15 W
2026/08/17 20:06:13.763, 65, 2842 MHz, 234.44 W
2026/08/17 20:06:14.809, 66, 2842 MHz, 249.30 W
2026/08/17 20:06:15.856, 66, 2842 MHz, 241.80 W
2026/08/17 20:06:16.902, 66, 2842 MHz, 244.01 W
2026/08/17 20:06:17.948, 66, 2842 MHz, 244.85 W
2026/08/17 20:06:18.994, 66, 2842 MHz, 243.22 W
2026/08/17 20:06:20.041, 66, 2842 MHz, 245.12 W
2026/08/17 20:06:19.704, 66, 2842 MHz, 245.87 W
2026/08/17 20:06:20.750, 66, 2842 MHz, 246.17 W
2026/08/17 20:06:21.797, 66, 2842 MHz, 246.99 W
2026/08/17 20:06:22.843, 66, 2842 MHz, 247.36 W
2026/08/17 20:06:23.889, 66, 2842 MHz, 246.94 W
2026/08/17 20:06:24.934, 66, 2842 MHz, 247.52 W
2026/08/17 20:06:25.980, 66, 2842 MHz, 247.73 W
2026/08/17 20:06:27.026, 66, 2842 MHz, 248.53 W
2026/08/17 20:06:28.072, 66, 2842 MHz, 248.48 W
2026/08/17 20:06:29.120, 66, 2842 MHz, 249.34 W
2026/08/17 20:06:30.167, 66, 2842 MHz, 248.85 W
2026/08/17 20:06:31.214, 66, 2842 MHz, 248.38 W
2026/08/17 20:06:32.261, 66, 2842 MHz, 249.18 W
2026/08/17 20:06:33.307, 66, 2842 MHz, 249.73 W
2026/08/17 20:06:34.354, 66, 2842 MHz, 250.11 W
2026/08/17 20:06:35.400, 66, 2842 MHz, 250.33 W
2026/08/17 20:06:36.447, 66, 2842 MHz, 250.28 W
2026/08/17 20:06:37.493, 66, 2842 MHz, 250.21 W
2026/08/17 20:06:38.539, 66, 2842 MHz, 250.50 W
2026/08/17 20:06:39.587, 66, 2842 MHz, 250.68 W
2026/08/17 20:06:40.633, 66, 2842 MHz, 251.35 W
2026/08/17 20:06:41.680, 67, 2842 MHz, 251.17 W
2026/08/17 20:06:42.726, 67, 2842 MHz, 251.79 W
2026/08/17 20:06:43.773, 67, 2842 MHz, 252.49 W
2026/08/17 20:06:44.818, 67, 2842 MHz, 251.61 W
2026/08/17 20:06:45.862, 67, 2842 MHz, 251.60 W
2026/08/17 20:06:46.907, 67, 2842 MHz, 251.61 W
2026/08/17 20:06:47.952, 67, 2842 MHz, 252.32 W
2026/08/17 20:06:48.996, 67, 2842 MHz, 252.70 W
2026/08/17 20:06:50.041, 67, 2842 MHz, 252.80 W
2026/08/17 20:06:51.085, 67, 2842 MHz, 253.54 W
2026/08/17 20:06:50.745, 67, 2842 MHz, 252.90 W
2026/08/17 20:06:51.789, 67, 2842 MHz, 252.83 W
2026/08/17 20:06:52.834, 67, 2842 MHz, 253.51 W
2026/08/17 20:06:53.880, 67, 2842 MHz, 253.43 W
2026/08/17 20:06:54.927, 67, 2842 MHz, 253.74 W
2026/08/17 20:06:55.973, 67, 2842 MHz, 253.75 W
2026/08/17 20:06:57.020, 67, 2827 MHz, 266.40 W
2026/08/17 20:06:58.066, 66, 2842 MHz, 244.57 W
2026/08/17 20:06:59.113, 66, 2842 MHz, 245.35 W
2026/08/17 20:07:00.158, 66, 2842 MHz, 245.74 W
2026/08/17 20:07:01.218, 66, 2842 MHz, 244.30 W
2026/08/17 20:07:02.278, 66, 2842 MHz, 245.24 W
2026/08/17 20:07:03.338, 66, 2842 MHz, 245.87 W
2026/08/17 20:07:04.398, 66, 2842 MHz, 246.33 W
2026/08/17 20:07:05.459, 66, 2842 MHz, 247.11 W
2026/08/17 20:07:06.520, 66, 2842 MHz, 247.04 W
2026/08/17 20:07:07.580, 66, 2842 MHz, 246.91 W
2026/08/17 20:07:08.636, 66, 2842 MHz, 246.84 W
2026/08/17 20:07:09.681, 66, 2842 MHz, 247.71 W
2026/08/17 20:07:10.727, 66, 2842 MHz, 248.10 W
2026/08/17 20:07:11.774, 66, 2842 MHz, 247.98 W
2026/08/17 20:07:12.820, 66, 2842 MHz, 249.01 W
2026/08/17 20:07:13.866, 66, 2842 MHz, 248.92 W
2026/08/17 20:07:14.912, 66, 2842 MHz, 248.52 W
2026/08/17 20:07:15.958, 66, 2842 MHz, 249.03 W
2026/08/17 20:07:17.001, 66, 2842 MHz, 248.80 W
2026/08/17 20:07:18.044, 66, 2842 MHz, 249.90 W
2026/08/17 20:07:19.088, 66, 2842 MHz, 250.10 W
2026/08/17 20:07:20.131, 66, 2842 MHz, 250.43 W
2026/08/17 20:07:21.174, 66, 2842 MHz, 246.28 W
2026/08/17 20:07:22.217, 66, 2842 MHz, 244.89 W
2026/08/17 20:07:21.793, 66, 2842 MHz, 249.60 W
2026/08/17 20:07:22.837, 66, 2842 MHz, 248.17 W
2026/08/17 20:07:23.879, 66, 2842 MHz, 247.68 W
2026/08/17 20:07:24.918, 66, 2842 MHz, 249.03 W
2026/08/17 20:07:25.952, 66, 2842 MHz, 247.22 W
2026/08/17 20:07:26.986, 66, 2842 MHz, 247.87 W
2026/08/17 20:07:28.021, 66, 2842 MHz, 248.46 W
2026/08/17 20:07:29.056, 66, 2842 MHz, 250.07 W
2026/08/17 20:07:30.090, 66, 2842 MHz, 249.44 W
2026/08/17 20:07:31.124, 66, 2842 MHz, 248.82 W
2026/08/17 20:07:32.158, 66, 2842 MHz, 251.25 W
2026/08/17 20:07:33.207, 66, 2842 MHz, 252.75 W
2026/08/17 20:07:34.261, 66, 2842 MHz, 252.89 W
2026/08/17 20:07:35.315, 66, 2842 MHz, 252.45 W
2026/08/17 20:07:36.369, 66, 2842 MHz, 252.22 W
2026/08/17 20:07:37.424, 66, 2842 MHz, 248.20 W
2026/08/17 20:07:38.478, 66, 2842 MHz, 249.00 W
2026/08/17 20:07:39.532, 66, 2842 MHz, 250.94 W
2026/08/17 20:07:40.586, 66, 2842 MHz, 262.80 W
2026/08/17 20:07:41.637, 66, 2842 MHz, 254.98 W
2026/08/17 20:07:42.687, 65, 2842 MHz, 242.51 W
2026/08/17 20:07:43.737, 65, 2842 MHz, 243.01 W
2026/08/17 20:07:44.787, 65, 2842 MHz, 242.98 W
2026/08/17 20:07:45.837, 65, 2842 MHz, 242.19 W
2026/08/17 20:07:46.887, 65, 2842 MHz, 244.09 W
2026/08/17 20:07:47.937, 65, 2842 MHz, 245.18 W
2026/08/17 20:07:48.986, 65, 2842 MHz, 245.99 W
2026/08/17 20:07:50.031, 65, 2842 MHz, 246.44 W
2026/08/17 20:07:51.075, 65, 2842 MHz, 246.72 W
2026/08/17 20:07:52.119, 65, 2842 MHz, 245.31 W
2026/08/17 20:07:53.164, 65, 2842 MHz, 246.62 W
2026/08/17 20:07:52.839, 65, 2842 MHz, 246.20 W
2026/08/17 20:07:53.884, 65, 2842 MHz, 241.40 W
2026/08/17 20:07:54.928, 65, 2842 MHz, 246.40 W
2026/08/17 20:07:55.972, 65, 2842 MHz, 247.84 W
2026/08/17 20:07:57.017, 65, 2842 MHz, 245.00 W
2026/08/17 20:07:58.062, 65, 2842 MHz, 248.16 W
2026/08/17 20:07:59.108, 65, 2842 MHz, 248.56 W
2026/08/17 20:08:00.154, 65, 2842 MHz, 248.97 W
2026/08/17 20:08:01.200, 66, 2842 MHz, 248.92 W
2026/08/17 20:08:02.245, 65, 2842 MHz, 249.50 W
2026/08/17 20:08:03.291, 66, 2842 MHz, 250.02 W
2026/08/17 20:08:04.337, 65, 2842 MHz, 249.62 W
2026/08/17 20:08:05.383, 65, 2842 MHz, 250.12 W
2026/08/17 20:08:06.429, 66, 2842 MHz, 249.92 W
2026/08/17 20:08:07.474, 66, 2842 MHz, 250.40 W
2026/08/17 20:08:08.521, 66, 2842 MHz, 251.16 W
2026/08/17 20:08:09.566, 66, 2842 MHz, 251.35 W
2026/08/17 20:08:10.613, 66, 2842 MHz, 251.67 W
2026/08/17 20:08:11.659, 66, 2842 MHz, 250.10 W
2026/08/17 20:08:12.705, 66, 2842 MHz, 250.75 W
2026/08/17 20:08:13.751, 66, 2842 MHz, 251.37 W
2026/08/17 20:08:14.797, 66, 2842 MHz, 251.40 W
2026/08/17 20:08:15.843, 66, 2842 MHz, 251.73 W
2026/08/17 20:08:16.889, 66, 2842 MHz, 251.53 W
2026/08/17 20:08:17.935, 66, 2842 MHz, 252.18 W
2026/08/17 20:08:18.981, 66, 2842 MHz, 251.96 W
2026/08/17 20:08:20.027, 66, 2842 MHz, 252.01 W
2026/08/17 20:08:21.073, 66, 2842 MHz, 252.26 W
2026/08/17 20:08:22.119, 66, 2842 MHz, 251.79 W
2026/08/17 20:08:23.164, 66, 2842 MHz, 253.09 W
2026/08/17 20:08:24.210, 66, 2842 MHz, 253.24 W
2026/08/17 20:08:23.880, 66, 2835 MHz, 263.25 W
2026/08/17 20:08:24.926, 65, 2842 MHz, 242.54 W
2026/08/17 20:08:25.972, 65, 2842 MHz, 243.27 W
2026/08/17 20:08:27.017, 65, 2842 MHz, 244.21 W
2026/08/17 20:08:28.063, 65, 2842 MHz, 242.99 W
2026/08/17 20:08:29.109, 65, 2842 MHz, 244.11 W
2026/08/17 20:08:30.155, 65, 2842 MHz, 245.28 W
2026/08/17 20:08:31.201, 65, 2842 MHz, 245.29 W
2026/08/17 20:08:32.247, 65, 2842 MHz, 246.59 W
2026/08/17 20:08:33.294, 65, 2842 MHz, 247.09 W
2026/08/17 20:08:34.340, 65, 2842 MHz, 246.32 W
2026/08/17 20:08:35.387, 65, 2842 MHz, 246.64 W
2026/08/17 20:08:36.434, 65, 2842 MHz, 246.51 W
2026/08/17 20:08:37.480, 65, 2842 MHz, 247.57 W
2026/08/17 20:08:38.526, 65, 2842 MHz, 248.06 W
2026/08/17 20:08:39.572, 65, 2842 MHz, 248.46 W
2026/08/17 20:08:40.619, 65, 2842 MHz, 247.94 W
2026/08/17 20:08:41.665, 65, 2842 MHz, 247.45 W
2026/08/17 20:08:42.710, 65, 2842 MHz, 248.20 W
2026/08/17 20:08:43.757, 65, 2842 MHz, 248.74 W
2026/08/17 20:08:44.803, 65, 2842 MHz, 249.02 W
2026/08/17 20:08:45.850, 65, 2842 MHz, 249.14 W
2026/08/17 20:08:46.896, 65, 2842 MHz, 249.33 W
2026/08/17 20:08:47.942, 65, 2842 MHz, 249.63 W
2026/08/17 20:08:48.988, 65, 2842 MHz, 249.65 W
2026/08/17 20:08:50.034, 66, 2842 MHz, 249.71 W
2026/08/17 20:08:51.080, 66, 2842 MHz, 249.98 W
2026/08/17 20:08:52.127, 66, 2842 MHz, 250.26 W
2026/08/17 20:08:53.172, 65, 2842 MHz, 250.62 W
2026/08/17 20:08:54.219, 66, 2842 MHz, 251.03 W
2026/08/17 20:08:53.881, 66, 2842 MHz, 250.70 W
2026/08/17 20:08:54.928, 66, 2842 MHz, 250.43 W
2026/08/17 20:08:55.973, 65, 2842 MHz, 250.42 W
2026/08/17 20:08:57.020, 66, 2842 MHz, 251.33 W
2026/08/17 20:08:58.066, 66, 2842 MHz, 251.64 W
2026/08/17 20:08:59.113, 66, 2842 MHz, 251.82 W
2026/08/17 20:09:00.159, 66, 2842 MHz, 252.00 W
2026/08/17 20:09:01.205, 66, 2842 MHz, 251.94 W
2026/08/17 20:09:02.252, 66, 2842 MHz, 251.81 W
2026/08/17 20:09:03.298, 66, 2842 MHz, 252.38 W
2026/08/17 20:09:04.344, 66, 2842 MHz, 252.33 W
2026/08/17 20:09:05.390, 66, 2842 MHz, 252.81 W
2026/08/17 20:09:06.436, 66, 2842 MHz, 252.97 W
2026/08/17 20:09:07.483, 68, 2827 MHz, 265.68 W
2026/08/17 20:09:08.529, 65, 2842 MHz, 243.92 W
2026/08/17 20:09:09.575, 65, 2842 MHz, 244.03 W
2026/08/17 20:09:10.621, 65, 2842 MHz, 244.34 W
2026/08/17 20:09:11.668, 65, 2842 MHz, 243.17 W
2026/08/17 20:09:12.714, 65, 2842 MHz, 243.99 W
2026/08/17 20:09:13.760, 65, 2842 MHz, 244.86 W
2026/08/17 20:09:14.806, 65, 2842 MHz, 245.29 W
2026/08/17 20:09:15.852, 65, 2842 MHz, 246.06 W
2026/08/17 20:09:16.898, 65, 2842 MHz, 246.20 W
2026/08/17 20:09:17.944, 65, 2842 MHz, 246.15 W
2026/08/17 20:09:18.990, 65, 2842 MHz, 246.60 W
2026/08/17 20:09:20.036, 65, 2842 MHz, 246.96 W
2026/08/17 20:09:21.082, 65, 2842 MHz, 247.83 W
2026/08/17 20:09:22.128, 65, 2842 MHz, 247.60 W
2026/08/17 20:09:23.174, 65, 2842 MHz, 248.07 W
2026/08/17 20:09:24.220, 65, 2842 MHz, 248.24 W
2026/08/17 20:09:25.266, 65, 2842 MHz, 247.52 W
2026/08/17 20:09:24.927, 65, 2842 MHz, 248.37 W
2026/08/17 20:09:25.973, 65, 2842 MHz, 248.29 W
2026/08/17 20:09:27.019, 65, 2842 MHz, 248.81 W
2026/08/17 20:09:28.066, 65, 2842 MHz, 249.36 W
2026/08/17 20:09:29.112, 65, 2842 MHz, 249.60 W
2026/08/17 20:09:30.158, 65, 2842 MHz, 249.76 W
2026/08/17 20:09:31.204, 65, 2842 MHz, 248.95 W
2026/08/17 20:09:32.250, 65, 2842 MHz, 249.78 W
2026/08/17 20:09:33.297, 65, 2842 MHz, 250.10 W
2026/08/17 20:09:34.343, 65, 2842 MHz, 250.15 W
2026/08/17 20:09:35.389, 65, 2842 MHz, 250.51 W
2026/08/17 20:09:36.436, 66, 2842 MHz, 250.96 W
2026/08/17 20:09:37.483, 66, 2842 MHz, 251.02 W
2026/08/17 20:09:38.529, 65, 2842 MHz, 250.79 W
2026/08/17 20:09:39.575, 66, 2842 MHz, 251.29 W
2026/08/17 20:09:40.621, 65, 2842 MHz, 251.27 W
2026/08/17 20:09:41.667, 66, 2842 MHz, 251.44 W
2026/08/17 20:09:42.713, 66, 2842 MHz, 251.98 W
2026/08/17 20:09:43.760, 66, 2842 MHz, 252.19 W
2026/08/17 20:09:44.806, 66, 2842 MHz, 252.49 W
2026/08/17 20:09:45.853, 66, 2842 MHz, 252.23 W
2026/08/17 20:09:46.900, 66, 2842 MHz, 252.48 W
2026/08/17 20:09:47.947, 66, 2842 MHz, 252.70 W
2026/08/17 20:09:48.993, 66, 2842 MHz, 252.89 W
2026/08/17 20:09:50.039, 66, 2842 MHz, 253.36 W
2026/08/17 20:09:51.084, 72, 2842 MHz, 268.10 W
2026/08/17 20:09:52.130, 65, 2842 MHz, 243.40 W
2026/08/17 20:09:53.176, 65, 2842 MHz, 243.82 W
2026/08/17 20:09:54.222, 65, 2842 MHz, 244.25 W
2026/08/17 20:09:55.268, 65, 2842 MHz, 243.94 W
2026/08/17 20:09:56.313, 65, 2842 MHz, 243.55 W
2026/08/17 20:09:57.358, 65, 2842 MHz, 244.76 W
2026/08/17 20:09:58.404, 65, 2842 MHz, 245.57 W
2026/08/17 20:09:59.450, 65, 2842 MHz, 246.35 W
2026/08/17 20:10:00.496, 65, 2842 MHz, 247.03 W
2026/08/17 20:10:01.543, 65, 2842 MHz, 246.60 W
2026/08/17 20:10:02.589, 65, 2842 MHz, 246.28 W
2026/08/17 20:10:03.635, 65, 2842 MHz, 247.34 W
2026/08/17 20:10:04.682, 65, 2842 MHz, 247.55 W
2026/08/17 20:10:05.729, 65, 2842 MHz, 247.89 W
2026/08/17 20:10:06.773, 65, 2842 MHz, 248.21 W
2026/08/17 20:10:07.817, 65, 2842 MHz, 248.08 W
2026/08/17 20:10:08.861, 65, 2842 MHz, 247.81 W
2026/08/17 20:10:09.906, 65, 2842 MHz, 248.35 W
2026/08/17 20:10:10.949, 65, 2842 MHz, 248.73 W
2026/08/17 20:10:11.994, 65, 2842 MHz, 248.78 W
2026/08/17 20:10:11.005, 65, 2842 MHz, 249.15 W
2026/08/17 20:10:12.050, 65, 2842 MHz, 249.69 W
2026/08/17 20:10:13.094, 65, 2842 MHz, 249.71 W
2026/08/17 20:10:14.124, 65, 2842 MHz, 249.30 W
2026/08/17 20:10:15.135, 65, 2842 MHz, 249.84 W
2026/08/17 20:10:16.146, 65, 2842 MHz, 249.82 W
2026/08/17 20:10:17.156, 65, 2842 MHz, 250.28 W
2026/08/17 20:10:18.167, 65, 2842 MHz, 251.02 W
2026/08/17 20:10:19.177, 65, 2842 MHz, 251.13 W
2026/08/17 20:10:20.187, 65, 2842 MHz, 251.41 W
2026/08/17 20:10:21.232, 65, 2842 MHz, 250.79 W
2026/08/17 20:10:22.278, 65, 2842 MHz, 250.99 W
2026/08/17 20:10:23.324, 65, 2842 MHz, 251.51 W
2026/08/17 20:10:24.371, 66, 2842 MHz, 251.83 W
2026/08/17 20:10:25.418, 65, 2842 MHz, 251.80 W
2026/08/17 20:10:26.464, 66, 2842 MHz, 251.89 W
2026/08/17 20:10:27.510, 65, 2842 MHz, 252.04 W
2026/08/17 20:10:28.556, 66, 2842 MHz, 252.04 W
2026/08/17 20:10:29.602, 66, 2842 MHz, 252.35 W
2026/08/17 20:10:30.649, 66, 2842 MHz, 252.64 W
2026/08/17 20:10:31.697, 66, 2842 MHz, 252.51 W
2026/08/17 20:10:32.745, 66, 2842 MHz, 253.18 W
2026/08/17 20:10:33.793, 66, 2842 MHz, 268.65 W
2026/08/17 20:10:34.841, 65, 2842 MHz, 244.79 W
2026/08/17 20:10:35.889, 65, 2842 MHz, 243.74 W
2026/08/17 20:10:36.937, 65, 2842 MHz, 243.84 W
2026/08/17 20:10:37.985, 65, 2842 MHz, 243.85 W
2026/08/17 20:10:39.031, 65, 2842 MHz, 243.20 W
2026/08/17 20:10:40.077, 65, 2842 MHz, 244.46 W
2026/08/17 20:10:41.124, 65, 2842 MHz, 245.09 W
2026/08/17 20:10:42.171, 65, 2842 MHz, 245.10 W
2026/08/17 20:10:42.043, 65, 2842 MHz, 246.02 W
2026/08/17 20:10:43.090, 65, 2842 MHz, 246.06 W
2026/08/17 20:10:44.136, 65, 2842 MHz, 245.46 W
2026/08/17 20:10:45.182, 65, 2842 MHz, 246.26 W
2026/08/17 20:10:46.228, 65, 2842 MHz, 246.35 W
2026/08/17 20:10:47.274, 65, 2842 MHz, 247.58 W
2026/08/17 20:10:48.320, 65, 2842 MHz, 247.69 W
2026/08/17 20:10:49.367, 65, 2842 MHz, 248.00 W
2026/08/17 20:10:50.413, 65, 2842 MHz, 247.87 W
2026/08/17 20:10:51.459, 65, 2842 MHz, 247.32 W
2026/08/17 20:10:52.506, 65, 2842 MHz, 248.28 W
2026/08/17 20:10:53.552, 65, 2842 MHz, 248.49 W
2026/08/17 20:10:54.598, 65, 2842 MHz, 249.04 W
2026/08/17 20:10:55.645, 65, 2842 MHz, 249.03 W
2026/08/17 20:10:56.691, 65, 2842 MHz, 248.59 W
2026/08/17 20:10:57.738, 65, 2842 MHz, 248.76 W
2026/08/17 20:10:58.785, 65, 2842 MHz, 249.20 W
2026/08/17 20:10:59.831, 65, 2842 MHz, 249.70 W
2026/08/17 20:11:00.878, 65, 2842 MHz, 249.46 W
2026/08/17 20:11:01.924, 65, 2842 MHz, 249.66 W
2026/08/17 20:11:02.971, 65, 2842 MHz, 250.88 W
2026/08/17 20:11:04.017, 65, 2842 MHz, 250.57 W
2026/08/17 20:11:05.062, 65, 2842 MHz, 250.45 W
2026/08/17 20:11:06.108, 65, 2842 MHz, 250.60 W
2026/08/17 20:11:07.154, 65, 2842 MHz, 250.56 W
2026/08/17 20:11:08.200, 65, 2842 MHz, 251.11 W
2026/08/17 20:11:09.246, 66, 2842 MHz, 252.01 W
2026/08/17 20:11:10.292, 65, 2842 MHz, 252.15 W
2026/08/17 20:11:11.338, 65, 2842 MHz, 251.95 W
2026/08/17 20:11:12.384, 66, 2842 MHz, 251.28 W
2026/08/17 20:11:13.429, 66, 2842 MHz, 251.87 W
2026/08/17 20:11:13.085, 66, 2842 MHz, 252.15 W
2026/08/17 20:11:14.130, 66, 2842 MHz, 252.59 W
2026/08/17 20:11:15.176, 66, 2842 MHz, 252.31 W
2026/08/17 20:11:16.222, 66, 2842 MHz, 258.08 W
2026/08/17 20:11:17.268, 66, 2835 MHz, 261.48 W
2026/08/17 20:11:18.313, 65, 2842 MHz, 243.77 W
2026/08/17 20:11:19.359, 65, 2842 MHz, 244.04 W
2026/08/17 20:11:20.405, 65, 2842 MHz, 243.93 W
2026/08/17 20:11:21.451, 65, 2842 MHz, 242.61 W
2026/08/17 20:11:22.496, 65, 2842 MHz, 244.55 W
2026/08/17 20:11:23.541, 65, 2842 MHz, 245.19 W
2026/08/17 20:11:24.586, 65, 2842 MHz, 245.85 W
2026/08/17 20:11:25.633, 65, 2842 MHz, 246.12 W
2026/08/17 20:11:26.679, 65, 2842 MHz, 246.06 W
2026/08/17 20:11:27.725, 65, 2842 MHz, 245.77 W
2026/08/17 20:11:28.770, 65, 2842 MHz, 246.49 W
2026/08/17 20:11:29.816, 65, 2842 MHz, 246.97 W
2026/08/17 20:11:30.863, 65, 2842 MHz, 247.31 W
2026/08/17 20:11:31.908, 65, 2842 MHz, 247.12 W
2026/08/17 20:11:32.955, 65, 2842 MHz, 247.99 W
2026/08/17 20:11:34.001, 65, 2842 MHz, 247.85 W
2026/08/17 20:11:35.048, 65, 2842 MHz, 247.51 W
2026/08/17 20:11:36.094, 65, 2842 MHz, 248.20 W
2026/08/17 20:11:37.140, 65, 2842 MHz, 248.04 W
2026/08/17 20:11:38.186, 65, 2842 MHz, 248.72 W
2026/08/17 20:11:39.232, 65, 2842 MHz, 248.97 W
2026/08/17 20:11:40.278, 65, 2842 MHz, 249.21 W
2026/08/17 20:11:41.325, 65, 2842 MHz, 248.90 W
2026/08/17 20:11:42.370, 65, 2842 MHz, 248.78 W
2026/08/17 20:11:43.415, 65, 2842 MHz, 249.27 W
2026/08/17 20:11:43.085, 65, 2842 MHz, 249.71 W
2026/08/17 20:11:44.130, 65, 2842 MHz, 250.09 W
2026/08/17 20:11:45.175, 65, 2842 MHz, 250.84 W
2026/08/17 20:11:46.219, 65, 2842 MHz, 250.62 W
2026/08/17 20:11:47.263, 65, 2842 MHz, 250.55 W
2026/08/17 20:11:48.307, 65, 2842 MHz, 250.70 W
2026/08/17 20:11:49.352, 65, 2842 MHz, 250.81 W
2026/08/17 20:11:50.397, 65, 2842 MHz, 251.21 W
2026/08/17 20:11:51.442, 65, 2842 MHz, 251.42 W
2026/08/17 20:11:52.488, 65, 2842 MHz, 252.07 W
2026/08/17 20:11:53.533, 65, 2842 MHz, 252.37 W
2026/08/17 20:11:54.578, 65, 2842 MHz, 251.64 W
2026/08/17 20:11:55.623, 65, 2842 MHz, 251.84 W
2026/08/17 20:11:56.669, 65, 2842 MHz, 251.73 W
2026/08/17 20:11:57.713, 66, 2842 MHz, 252.32 W
2026/08/17 20:11:58.759, 66, 2842 MHz, 252.31 W
2026/08/17 20:11:59.804, 65, 2842 MHz, 252.82 W
2026/08/17 20:12:00.850, 65, 2842 MHz, 263.23 W
2026/08/17 20:12:01.896, 65, 2842 MHz, 243.00 W
2026/08/17 20:12:02.941, 65, 2842 MHz, 243.89 W
2026/08/17 20:12:03.987, 65, 2842 MHz, 243.98 W
2026/08/17 20:12:05.033, 65, 2842 MHz, 243.04 W
2026/08/17 20:12:06.079, 65, 2842 MHz, 243.82 W
2026/08/17 20:12:07.126, 65, 2842 MHz, 243.90 W
2026/08/17 20:12:08.171, 65, 2842 MHz, 245.12 W
2026/08/17 20:12:09.217, 65, 2842 MHz, 245.09 W
2026/08/17 20:12:10.263, 65, 2842 MHz, 246.39 W
2026/08/17 20:12:11.309, 65, 2842 MHz, 245.37 W
2026/08/17 20:12:12.355, 65, 2842 MHz, 245.51 W
2026/08/17 20:12:13.402, 65, 2842 MHz, 246.35 W
2026/08/17 20:12:14.447, 65, 2842 MHz, 246.70 W
2026/08/17 20:12:14.134, 65, 2842 MHz, 247.25 W
2026/08/17 20:12:15.179, 65, 2842 MHz, 247.32 W
2026/08/17 20:12:16.224, 65, 2842 MHz, 247.27 W
2026/08/17 20:12:17.268, 65, 2842 MHz, 247.37 W
2026/08/17 20:12:18.313, 65, 2842 MHz, 247.68 W
2026/08/17 20:12:19.357, 65, 2842 MHz, 248.35 W
2026/08/17 20:12:20.401, 65, 2842 MHz, 248.53 W
2026/08/17 20:12:21.446, 65, 2842 MHz, 248.85 W
2026/08/17 20:12:22.490, 65, 2842 MHz, 249.55 W
2026/08/17 20:12:23.535, 65, 2842 MHz, 249.23 W
2026/08/17 20:12:24.580, 65, 2842 MHz, 249.01 W
2026/08/17 20:12:25.625, 65, 2842 MHz, 249.47 W
2026/08/17 20:12:26.669, 65, 2842 MHz, 249.61 W
2026/08/17 20:12:27.714, 65, 2842 MHz, 250.13 W
2026/08/17 20:12:28.759, 65, 2842 MHz, 250.16 W
2026/08/17 20:12:29.804, 65, 2842 MHz, 251.14 W
2026/08/17 20:12:30.850, 65, 2842 MHz, 250.19 W
2026/08/17 20:12:31.896, 65, 2842 MHz, 250.81 W
2026/08/17 20:12:32.942, 65, 2842 MHz, 250.72 W
2026/08/17 20:12:33.989, 65, 2842 MHz, 251.57 W
2026/08/17 20:12:35.035, 65, 2842 MHz, 251.80 W
2026/08/17 20:12:36.082, 65, 2842 MHz, 251.87 W
2026/08/17 20:12:37.128, 65, 2842 MHz, 252.27 W
2026/08/17 20:12:38.174, 65, 2842 MHz, 251.87 W
2026/08/17 20:12:39.221, 65, 2842 MHz, 252.05 W
2026/08/17 20:12:40.268, 66, 2842 MHz, 252.31 W
2026/08/17 20:12:41.315, 66, 2842 MHz, 252.45 W
2026/08/17 20:12:42.361, 66, 2842 MHz, 252.43 W
2026/08/17 20:12:43.407, 66, 2842 MHz, 252.88 W
2026/08/17 20:12:44.453, 66, 2835 MHz, 264.37 W
2026/08/17 20:12:45.500, 65, 2842 MHz, 243.09 W
2026/08/17 20:12:45.179, 65, 2842 MHz, 243.66 W
2026/08/17 20:12:46.225, 65, 2842 MHz, 243.86 W
2026/08/17 20:12:47.265, 65, 2842 MHz, 242.87 W
2026/08/17 20:12:48.302, 65, 2842 MHz, 243.58 W
2026/08/17 20:12:49.340, 65, 2842 MHz, 244.38 W
2026/08/17 20:12:50.377, 65, 2842 MHz, 245.00 W
2026/08/17 20:12:51.414, 65, 2842 MHz, 244.96 W
2026/08/17 20:12:52.451, 65, 2842 MHz, 246.32 W
2026/08/17 20:12:53.489, 65, 2842 MHz, 245.82 W
2026/08/17 20:12:54.526, 65, 2842 MHz, 245.85 W
2026/08/17 20:12:55.572, 65, 2842 MHz, 246.68 W
2026/08/17 20:12:56.619, 65, 2842 MHz, 246.51 W
2026/08/17 20:12:57.665, 65, 2842 MHz, 247.40 W
2026/08/17 20:12:58.711, 65, 2842 MHz, 247.72 W
2026/08/17 20:12:59.757, 65, 2842 MHz, 248.03 W
2026/08/17 20:13:00.804, 65, 2842 MHz, 247.45 W
2026/08/17 20:13:01.849, 65, 2842 MHz, 247.40 W
2026/08/17 20:13:02.896, 65, 2842 MHz, 248.35 W
2026/08/17 20:13:03.944, 65, 2842 MHz, 248.74 W
2026/08/17 20:13:04.991, 65, 2842 MHz, 249.18 W
2026/08/17 20:13:06.038, 65, 2842 MHz, 249.31 W
2026/08/17 20:13:07.086, 65, 2842 MHz, 248.54 W
2026/08/17 20:13:08.133, 65, 2842 MHz, 248.90 W
2026/08/17 20:13:09.181, 65, 2842 MHz, 249.69 W
2026/08/17 20:13:10.228, 65, 2842 MHz, 249.94 W
2026/08/17 20:13:11.275, 65, 2842 MHz, 250.18 W
2026/08/17 20:13:12.321, 65, 2842 MHz, 249.68 W
2026/08/17 20:13:13.367, 65, 2842 MHz, 250.88 W
2026/08/17 20:13:14.414, 65, 2842 MHz, 250.39 W
2026/08/17 20:13:15.460, 65, 2842 MHz, 250.50 W
2026/08/17 20:13:16.506, 65, 2842 MHz, 250.85 W
2026/08/17 20:13:16.221, 65, 2842 MHz, 250.26 W
2026/08/17 20:13:17.268, 65, 2842 MHz, 251.25 W
2026/08/17 20:13:18.314, 65, 2842 MHz, 251.58 W
2026/08/17 20:13:19.361, 65, 2842 MHz, 251.76 W
2026/08/17 20:13:20.407, 65, 2842 MHz, 251.62 W
2026/08/17 20:13:21.454, 65, 2842 MHz, 251.26 W
2026/08/17 20:13:22.500, 65, 2842 MHz, 252.27 W
2026/08/17 20:13:23.547, 65, 2842 MHz, 252.31 W
2026/08/17 20:13:24.593, 65, 2842 MHz, 252.60 W
2026/08/17 20:13:25.639, 65, 2842 MHz, 252.55 W
2026/08/17 20:13:26.686, 69, 2827 MHz, 268.00 W
2026/08/17 20:13:27.732, 65, 2842 MHz, 243.35 W
2026/08/17 20:13:28.778, 65, 2842 MHz, 243.54 W
2026/08/17 20:13:29.824, 65, 2842 MHz, 244.09 W
2026/08/17 20:13:30.869, 65, 2842 MHz, 243.57 W
2026/08/17 20:13:31.915, 65, 2842 MHz, 243.22 W
2026/08/17 20:13:32.961, 65, 2842 MHz, 244.59 W
2026/08/17 20:13:34.007, 65, 2842 MHz, 245.37 W
2026/08/17 20:13:35.053, 65, 2842 MHz, 246.28 W
2026/08/17 20:13:36.099, 65, 2842 MHz, 246.33 W
2026/08/17 20:13:37.145, 65, 2842 MHz, 246.26 W
2026/08/17 20:13:38.191, 65, 2842 MHz, 245.90 W
2026/08/17 20:13:39.238, 65, 2842 MHz, 246.76 W
2026/08/17 20:13:40.284, 65, 2842 MHz, 247.19 W
2026/08/17 20:13:41.330, 65, 2842 MHz, 247.51 W
2026/08/17 20:13:42.375, 65, 2842 MHz, 247.66 W
2026/08/17 20:13:43.422, 65, 2842 MHz, 248.44 W
2026/08/17 20:13:44.468, 65, 2842 MHz, 247.86 W
2026/08/17 20:13:45.514, 65, 2842 MHz, 248.15 W
2026/08/17 20:13:46.560, 65, 2842 MHz, 248.22 W
2026/08/17 20:13:47.606, 65, 2842 MHz, 248.42 W
2026/08/17 20:13:47.264, 65, 2842 MHz, 249.30 W
2026/08/17 20:13:48.310, 65, 2842 MHz, 249.99 W
2026/08/17 20:13:49.357, 65, 2842 MHz, 249.79 W
2026/08/17 20:13:50.403, 65, 2842 MHz, 249.54 W
2026/08/17 20:13:51.449, 65, 2842 MHz, 249.68 W
2026/08/17 20:13:52.495, 65, 2842 MHz, 250.33 W
2026/08/17 20:13:53.541, 65, 2842 MHz, 250.47 W
2026/08/17 20:13:54.587, 65, 2842 MHz, 250.43 W
2026/08/17 20:13:55.633, 65, 2842 MHz, 251.11 W
2026/08/17 20:13:56.680, 65, 2842 MHz, 250.78 W
2026/08/17 20:13:57.726, 65, 2842 MHz, 251.01 W
2026/08/17 20:13:58.772, 65, 2842 MHz, 251.69 W
2026/08/17 20:13:59.818, 65, 2842 MHz, 251.42 W
2026/08/17 20:14:00.865, 65, 2842 MHz, 251.79 W
2026/08/17 20:14:01.911, 65, 2842 MHz, 252.07 W
2026/08/17 20:14:02.957, 66, 2842 MHz, 252.56 W
2026/08/17 20:14:04.003, 65, 2842 MHz, 252.42 W
2026/08/17 20:14:05.049, 65, 2842 MHz, 251.85 W
2026/08/17 20:14:06.095, 65, 2842 MHz, 252.26 W
2026/08/17 20:14:07.142, 66, 2842 MHz, 252.16 W
2026/08/17 20:14:08.188, 65, 2842 MHz, 252.99 W
2026/08/17 20:14:09.234, 66, 2842 MHz, 253.57 W
2026/08/17 20:14:10.279, 71, 2842 MHz, 270.08 W
2026/08/17 20:14:11.325, 65, 2842 MHz, 243.68 W
2026/08/17 20:14:12.371, 65, 2842 MHz, 243.53 W
2026/08/17 20:14:13.417, 65, 2842 MHz, 244.43 W
2026/08/17 20:14:14.463, 65, 2842 MHz, 243.76 W
2026/08/17 20:14:15.509, 65, 2842 MHz, 243.17 W
2026/08/17 20:14:16.555, 65, 2842 MHz, 244.51 W
2026/08/17 20:14:17.601, 65, 2842 MHz, 244.74 W
2026/08/17 20:14:18.645, 65, 2842 MHz, 245.74 W
2026/08/17 20:14:18.311, 65, 2842 MHz, 246.33 W
2026/08/17 20:14:19.356, 65, 2842 MHz, 246.45 W
2026/08/17 20:14:20.401, 65, 2842 MHz, 245.80 W
2026/08/17 20:14:21.446, 65, 2842 MHz, 246.58 W
2026/08/17 20:14:22.492, 65, 2842 MHz, 247.40 W
2026/08/17 20:14:23.537, 65, 2842 MHz, 247.60 W
2026/08/17 20:14:24.582, 65, 2842 MHz, 247.96 W
2026/08/17 20:14:25.627, 65, 2842 MHz, 248.35 W
2026/08/17 20:14:26.672, 65, 2842 MHz, 247.41 W
2026/08/17 20:14:27.717, 65, 2842 MHz, 247.82 W
2026/08/17 20:14:28.762, 65, 2842 MHz, 248.00 W
2026/08/17 20:14:29.807, 65, 2842 MHz, 248.74 W
2026/08/17 20:14:30.853, 65, 2842 MHz, 248.80 W
2026/08/17 20:14:31.898, 65, 2842 MHz, 248.91 W
2026/08/17 20:14:32.943, 65, 2842 MHz, 249.34 W
2026/08/17 20:14:33.989, 65, 2842 MHz, 248.65 W
2026/08/17 20:14:35.034, 65, 2842 MHz, 249.24 W
2026/08/17 20:14:36.080, 65, 2842 MHz, 249.58 W
2026/08/17 20:14:37.125, 65, 2842 MHz, 249.37 W
2026/08/17 20:14:38.172, 65, 2842 MHz, 250.34 W
2026/08/17 20:14:39.217, 65, 2842 MHz, 250.41 W
2026/08/17 20:14:40.263, 65, 2842 MHz, 251.03 W
2026/08/17 20:14:41.310, 65, 2842 MHz, 250.63 W
2026/08/17 20:14:42.355, 65, 2842 MHz, 250.56 W
2026/08/17 20:14:43.401, 65, 2842 MHz, 250.79 W
2026/08/17 20:14:44.447, 65, 2842 MHz, 251.03 W
2026/08/17 20:14:45.493, 65, 2842 MHz, 251.87 W
2026/08/17 20:14:46.539, 65, 2842 MHz, 251.92 W
2026/08/17 20:14:47.585, 65, 2842 MHz, 251.73 W
2026/08/17 20:14:48.629, 65, 2842 MHz, 251.55 W
2026/08/17 20:14:49.673, 66, 2842 MHz, 251.71 W
2026/08/17 20:14:50.718, 66, 2842 MHz, 252.11 W
2026/08/17 20:14:51.763, 65, 2842 MHz, 252.35 W
2026/08/17 20:14:52.807, 66, 2842 MHz, 252.09 W
2026/08/17 20:14:53.851, 66, 2842 MHz, 252.20 W
2026/08/17 20:14:54.895, 65, 2842 MHz, 261.36 W
2026/08/17 20:14:55.936, 65, 2842 MHz, 243.29 W
2026/08/17 20:14:56.974, 65, 2842 MHz, 243.76 W
2026/08/17 20:14:58.012, 65, 2842 MHz, 243.74 W
2026/08/17 20:14:59.050, 65, 2842 MHz, 242.90 W
2026/08/17 20:15:00.088, 65, 2842 MHz, 244.23 W
2026/08/17 20:15:01.126, 65, 2842 MHz, 244.83 W
2026/08/17 20:15:02.164, 65, 2842 MHz, 245.41 W
2026/08/17 20:15:03.202, 65, 2842 MHz, 245.57 W
2026/08/17 20:15:04.239, 65, 2842 MHz, 246.23 W
2026/08/17 20:15:03.336, 65, 2842 MHz, 245.46 W
2026/08/17 20:15:04.373, 65, 2842 MHz, 246.13 W
2026/08/17 20:15:05.409, 65, 2842 MHz, 246.65 W
2026/08/17 20:15:06.445, 65, 2842 MHz, 246.66 W
2026/08/17 20:15:07.482, 65, 2842 MHz, 247.13 W
2026/08/17 20:15:08.518, 65, 2842 MHz, 247.57 W
2026/08/17 20:15:09.554, 65, 2842 MHz, 247.59 W
2026/08/17 20:15:10.591, 65, 2842 MHz, 247.41 W
2026/08/17 20:15:11.629, 65, 2842 MHz, 247.43 W
2026/08/17 20:15:12.674, 65, 2842 MHz, 248.12 W
2026/08/17 20:15:13.719, 65, 2842 MHz, 248.68 W
2026/08/17 20:15:14.765, 65, 2842 MHz, 248.93 W
2026/08/17 20:15:15.810, 65, 2842 MHz, 249.37 W
2026/08/17 20:15:16.855, 65, 2842 MHz, 248.65 W
2026/08/17 20:15:17.900, 65, 2842 MHz, 249.44 W
2026/08/17 20:15:18.946, 65, 2842 MHz, 249.73 W
2026/08/17 20:15:19.991, 65, 2842 MHz, 249.98 W
2026/08/17 20:15:21.036, 65, 2842 MHz, 250.53 W
2026/08/17 20:15:22.081, 65, 2842 MHz, 250.10 W
2026/08/17 20:15:23.126, 65, 2842 MHz, 250.88 W
2026/08/17 20:15:24.171, 65, 2842 MHz, 250.59 W
2026/08/17 20:15:25.216, 65, 2842 MHz, 250.77 W
2026/08/17 20:15:26.261, 65, 2842 MHz, 250.56 W
2026/08/17 20:15:27.306, 65, 2842 MHz, 250.17 W
2026/08/17 20:15:28.351, 65, 2842 MHz, 251.32 W
2026/08/17 20:15:29.396, 65, 2842 MHz, 251.64 W
2026/08/17 20:15:30.441, 66, 2842 MHz, 252.13 W
2026/08/17 20:15:31.486, 66, 2842 MHz, 251.75 W
2026/08/17 20:15:32.531, 65, 2842 MHz, 251.28 W
2026/08/17 20:15:33.576, 66, 2842 MHz, 252.45 W
2026/08/17 20:15:34.621, 66, 2842 MHz, 252.60 W
2026/08/17 20:15:34.379, 65, 2842 MHz, 253.14 W
2026/08/17 20:15:35.423, 66, 2842 MHz, 253.22 W
2026/08/17 20:15:36.468, 66, 2835 MHz, 262.92 W
2026/08/17 20:15:37.513, 65, 2842 MHz, 243.74 W
2026/08/17 20:15:38.558, 65, 2842 MHz, 244.15 W
2026/08/17 20:15:39.604, 65, 2842 MHz, 244.59 W
2026/08/17 20:15:40.649, 65, 2842 MHz, 243.30 W
2026/08/17 20:15:41.694, 65, 2842 MHz, 243.77 W
2026/08/17 20:15:42.738, 65, 2842 MHz, 245.06 W
2026/08/17 20:15:43.784, 65, 2842 MHz, 245.60 W
2026/08/17 20:15:44.829, 65, 2842 MHz, 246.21 W
2026/08/17 20:15:45.875, 65, 2842 MHz, 246.60 W
2026/08/17 20:15:46.920, 65, 2842 MHz, 245.54 W
2026/08/17 20:15:47.965, 65, 2842 MHz, 246.28 W
2026/08/17 20:15:49.011, 65, 2842 MHz, 246.76 W
2026/08/17 20:15:50.056, 65, 2842 MHz, 247.53 W
2026/08/17 20:15:51.101, 65, 2842 MHz, 247.97 W
2026/08/17 20:15:52.146, 65, 2842 MHz, 247.98 W
2026/08/17 20:15:53.193, 65, 2842 MHz, 247.84 W
2026/08/17 20:15:54.239, 65, 2842 MHz, 247.54 W
2026/08/17 20:15:55.284, 65, 2842 MHz, 248.17 W
2026/08/17 20:15:56.330, 65, 2842 MHz, 248.20 W
2026/08/17 20:15:57.376, 65, 2842 MHz, 248.34 W
2026/08/17 20:15:58.422, 65, 2842 MHz, 249.12 W
2026/08/17 20:15:59.468, 65, 2842 MHz, 249.77 W
2026/08/17 20:16:00.513, 65, 2842 MHz, 249.38 W
2026/08/17 20:16:01.558, 65, 2842 MHz, 249.07 W
2026/08/17 20:16:02.603, 65, 2842 MHz, 249.76 W
2026/08/17 20:16:03.648, 65, 2842 MHz, 250.39 W
2026/08/17 20:16:04.693, 65, 2842 MHz, 250.61 W
2026/08/17 20:16:05.738, 65, 2842 MHz, 250.87 W
2026/08/17 20:16:05.412, 65, 2842 MHz, 250.81 W
2026/08/17 20:16:06.458, 65, 2842 MHz, 250.25 W
2026/08/17 20:16:07.503, 66, 2842 MHz, 250.59 W
2026/08/17 20:16:08.547, 65, 2842 MHz, 250.81 W
2026/08/17 20:16:09.592, 66, 2842 MHz, 251.11 W
2026/08/17 20:16:10.636, 65, 2842 MHz, 251.46 W
2026/08/17 20:16:11.680, 66, 2842 MHz, 251.57 W
2026/08/17 20:16:12.725, 66, 2842 MHz, 252.34 W
2026/08/17 20:16:13.769, 66, 2842 MHz, 252.19 W
2026/08/17 20:16:14.813, 66, 2842 MHz, 251.96 W
2026/08/17 20:16:15.857, 66, 2842 MHz, 252.47 W
2026/08/17 20:16:16.903, 66, 2842 MHz, 252.53 W
2026/08/17 20:16:17.948, 66, 2842 MHz, 253.07 W
2026/08/17 20:16:18.994, 66, 2842 MHz, 253.32 W
2026/08/17 20:16:20.039, 68, 2827 MHz, 266.37 W
2026/08/17 20:16:21.085, 65, 2842 MHz, 243.28 W
2026/08/17 20:16:22.130, 65, 2842 MHz, 243.43 W
2026/08/17 20:16:23.175, 65, 2842 MHz, 244.19 W
2026/08/17 20:16:24.220, 65, 2842 MHz, 243.13 W
2026/08/17 20:16:25.264, 65, 2842 MHz, 243.45 W
2026/08/17 20:16:26.308, 65, 2842 MHz, 244.78 W
2026/08/17 20:16:27.352, 65, 2842 MHz, 244.73 W
2026/08/17 20:16:28.396, 65, 2842 MHz, 245.92 W
2026/08/17 20:16:29.440, 65, 2842 MHz, 246.26 W
2026/08/17 20:16:30.484, 65, 2842 MHz, 245.68 W
2026/08/17 20:16:31.528, 65, 2842 MHz, 245.82 W
2026/08/17 20:16:32.572, 65, 2842 MHz, 245.96 W
2026/08/17 20:16:33.615, 65, 2842 MHz, 246.90 W
2026/08/17 20:16:34.658, 65, 2842 MHz, 247.35 W
2026/08/17 20:16:35.701, 65, 2842 MHz, 247.44 W
2026/08/17 20:16:36.744, 65, 2842 MHz, 247.79 W
2026/08/17 20:16:36.458, 65, 2842 MHz, 246.93 W
2026/08/17 20:16:37.501, 65, 2842 MHz, 247.96 W
2026/08/17 20:16:38.544, 65, 2842 MHz, 248.23 W
2026/08/17 20:16:39.588, 65, 2842 MHz, 248.45 W
2026/08/17 20:16:40.634, 65, 2842 MHz, 248.67 W
2026/08/17 20:16:41.679, 65, 2842 MHz, 248.92 W
2026/08/17 20:16:42.724, 65, 2842 MHz, 249.31 W
2026/08/17 20:16:43.770, 65, 2842 MHz, 248.82 W
2026/08/17 20:16:44.815, 65, 2842 MHz, 249.39 W
2026/08/17 20:16:45.861, 65, 2842 MHz, 249.75 W
2026/08/17 20:16:46.906, 65, 2842 MHz, 249.69 W
2026/08/17 20:16:47.952, 65, 2842 MHz, 250.19 W
2026/08/17 20:16:48.999, 65, 2842 MHz, 250.59 W
2026/08/17 20:16:50.044, 65, 2842 MHz, 250.59 W
2026/08/17 20:16:51.091, 65, 2842 MHz, 249.84 W
2026/08/17 20:16:52.137, 66, 2842 MHz, 250.31 W
2026/08/17 20:16:53.183, 66, 2842 MHz, 250.84 W
2026/08/17 20:16:54.228, 66, 2842 MHz, 251.07 W
2026/08/17 20:16:55.275, 65, 2842 MHz, 251.48 W
2026/08/17 20:16:56.321, 66, 2842 MHz, 251.55 W
2026/08/17 20:16:57.367, 66, 2842 MHz, 251.46 W
2026/08/17 20:16:58.413, 66, 2842 MHz, 251.76 W
2026/08/17 20:16:59.458, 66, 2842 MHz, 251.54 W
2026/08/17 20:17:00.504, 66, 2842 MHz, 252.21 W
2026/08/17 20:17:01.550, 66, 2842 MHz, 251.86 W
2026/08/17 20:17:02.596, 66, 2842 MHz, 252.29 W
2026/08/17 20:17:03.642, 69, 2842 MHz, 268.02 W
2026/08/17 20:17:04.687, 65, 2842 MHz, 243.03 W
2026/08/17 20:17:05.731, 65, 2842 MHz, 243.53 W
2026/08/17 20:17:06.777, 65, 2842 MHz, 243.63 W
2026/08/17 20:17:07.822, 65, 2842 MHz, 243.21 W
2026/08/17 20:17:07.502, 65, 2842 MHz, 243.15 W
2026/08/17 20:17:08.547, 65, 2842 MHz, 244.04 W
2026/08/17 20:17:09.593, 65, 2842 MHz, 244.93 W
2026/08/17 20:17:10.638, 65, 2842 MHz, 245.28 W
2026/08/17 20:17:11.683, 65, 2842 MHz, 246.17 W
2026/08/17 20:17:12.729, 65, 2842 MHz, 245.85 W
2026/08/17 20:17:13.775, 65, 2842 MHz, 245.55 W
2026/08/17 20:17:14.820, 65, 2842 MHz, 246.20 W
2026/08/17 20:17:15.867, 65, 2842 MHz, 247.06 W
2026/08/17 20:17:16.912, 65, 2842 MHz, 246.86 W
2026/08/17 20:17:17.958, 65, 2842 MHz, 247.50 W
2026/08/17 20:17:19.003, 65, 2842 MHz, 247.94 W
2026/08/17 20:17:20.049, 65, 2842 MHz, 247.24 W
2026/08/17 20:17:21.095, 65, 2842 MHz, 247.65 W
2026/08/17 20:17:22.142, 65, 2842 MHz, 247.77 W
2026/08/17 20:17:23.188, 65, 2842 MHz, 248.23 W
2026/08/17 20:17:24.235, 65, 2842 MHz, 248.76 W
2026/08/17 20:17:25.281, 65, 2842 MHz, 249.20 W
2026/08/17 20:17:26.327, 65, 2842 MHz, 249.29 W
2026/08/17 20:17:27.373, 65, 2842 MHz, 248.74 W
2026/08/17 20:17:28.419, 65, 2842 MHz, 249.36 W
2026/08/17 20:17:29.465, 65, 2842 MHz, 249.43 W
2026/08/17 20:17:30.511, 65, 2842 MHz, 249.94 W
2026/08/17 20:17:31.556, 65, 2842 MHz, 250.39 W
2026/08/17 20:17:32.602, 65, 2842 MHz, 250.09 W
2026/08/17 20:17:33.648, 65, 2842 MHz, 250.36 W
2026/08/17 20:17:34.694, 65, 2842 MHz, 249.91 W
2026/08/17 20:17:35.740, 65, 2842 MHz, 250.19 W
2026/08/17 20:17:36.785, 66, 2842 MHz, 250.67 W
2026/08/17 20:17:37.829, 66, 2842 MHz, 250.57 W
2026/08/17 20:17:37.502, 66, 2842 MHz, 251.50 W
2026/08/17 20:17:38.547, 66, 2842 MHz, 251.51 W
2026/08/17 20:17:39.592, 66, 2842 MHz, 251.73 W
2026/08/17 20:17:40.637, 66, 2842 MHz, 251.33 W
2026/08/17 20:17:41.682, 66, 2842 MHz, 251.49 W
2026/08/17 20:17:42.727, 65, 2842 MHz, 252.30 W
2026/08/17 20:17:43.772, 66, 2842 MHz, 252.40 W
2026/08/17 20:17:44.817, 66, 2842 MHz, 252.59 W
2026/08/17 20:17:45.864, 66, 2842 MHz, 263.36 W
2026/08/17 20:17:46.910, 65, 2842 MHz, 255.79 W
2026/08/17 20:17:47.955, 65, 2842 MHz, 243.66 W
2026/08/17 20:17:49.001, 65, 2842 MHz, 244.27 W
2026/08/17 20:17:50.046, 65, 2842 MHz, 243.96 W
2026/08/17 20:17:51.092, 65, 2842 MHz, 242.98 W
2026/08/17 20:17:52.137, 65, 2842 MHz, 243.44 W
2026/08/17 20:17:53.183, 65, 2842 MHz, 245.12 W
2026/08/17 20:17:54.229, 65, 2842 MHz, 245.48 W
2026/08/17 20:17:55.275, 65, 2842 MHz, 246.12 W
2026/08/17 20:17:56.322, 65, 2842 MHz, 246.32 W
2026/08/17 20:17:57.368, 65, 2842 MHz, 245.04 W
2026/08/17 20:17:58.414, 65, 2842 MHz, 246.42 W
2026/08/17 20:17:59.460, 65, 2842 MHz, 247.10 W
2026/08/17 20:18:00.506, 65, 2842 MHz, 247.51 W
2026/08/17 20:18:01.552, 65, 2842 MHz, 247.63 W
2026/08/17 20:18:02.597, 65, 2842 MHz, 247.38 W
2026/08/17 20:18:03.642, 65, 2842 MHz, 247.93 W
2026/08/17 20:18:04.688, 65, 2842 MHz, 248.05 W
2026/08/17 20:18:05.734, 65, 2842 MHz, 248.30 W
2026/08/17 20:18:06.780, 65, 2842 MHz, 248.70 W
2026/08/17 20:18:07.825, 65, 2842 MHz, 248.82 W
2026/08/17 20:18:08.870, 65, 2842 MHz, 249.32 W
2026/08/17 20:18:08.546, 65, 2842 MHz, 249.54 W
2026/08/17 20:18:09.591, 65, 2842 MHz, 249.36 W
2026/08/17 20:18:10.637, 65, 2842 MHz, 249.61 W
2026/08/17 20:18:11.682, 65, 2842 MHz, 249.60 W
2026/08/17 20:18:12.727, 65, 2842 MHz, 250.06 W
2026/08/17 20:18:13.772, 65, 2842 MHz, 250.77 W
2026/08/17 20:18:14.818, 65, 2842 MHz, 251.11 W
2026/08/17 20:18:15.863, 65, 2842 MHz, 250.73 W
2026/08/17 20:18:16.909, 65, 2842 MHz, 250.57 W
2026/08/17 20:18:17.956, 65, 2842 MHz, 251.11 W
2026/08/17 20:18:19.003, 65, 2842 MHz, 251.25 W
2026/08/17 20:18:20.050, 66, 2842 MHz, 251.57 W
2026/08/17 20:18:21.097, 66, 2842 MHz, 251.31 W
2026/08/17 20:18:22.144, 66, 2842 MHz, 251.85 W
2026/08/17 20:18:23.191, 66, 2842 MHz, 252.46 W
2026/08/17 20:18:24.238, 66, 2842 MHz, 252.05 W
2026/08/17 20:18:25.287, 66, 2842 MHz, 252.49 W
2026/08/17 20:18:26.336, 66, 2842 MHz, 251.67 W
2026/08/17 20:18:27.385, 66, 2842 MHz, 252.57 W
2026/08/17 20:18:28.433, 66, 2842 MHz, 253.35 W
2026/08/17 20:18:29.481, 66, 2842 MHz, 254.36 W
2026/08/17 20:18:30.530, 66, 2827 MHz, 261.88 W
2026/08/17 20:18:31.579, 65, 2842 MHz, 243.23 W
2026/08/17 20:18:32.627, 65, 2842 MHz, 243.96 W
2026/08/17 20:18:33.673, 65, 2842 MHz, 244.21 W
2026/08/17 20:18:34.720, 65, 2842 MHz, 243.01 W
2026/08/17 20:18:35.766, 65, 2842 MHz, 244.15 W
2026/08/17 20:18:36.813, 65, 2842 MHz, 244.54 W
2026/08/17 20:18:37.859, 65, 2842 MHz, 245.66 W
2026/08/17 20:18:38.905, 65, 2842 MHz, 246.38 W
2026/08/17 20:18:39.952, 65, 2842 MHz, 246.86 W
2026/08/17 20:18:39.592, 65, 2842 MHz, 245.87 W
2026/08/17 20:18:40.631, 65, 2842 MHz, 246.76 W
2026/08/17 20:18:41.669, 65, 2842 MHz, 246.60 W
2026/08/17 20:18:42.707, 65, 2842 MHz, 247.27 W
2026/08/17 20:18:43.745, 65, 2842 MHz, 248.05 W
2026/08/17 20:18:44.783, 65, 2842 MHz, 247.92 W
2026/08/17 20:18:45.822, 65, 2842 MHz, 247.62 W
2026/08/17 20:18:46.860, 65, 2842 MHz, 247.43 W
2026/08/17 20:18:47.898, 65, 2842 MHz, 248.07 W
2026/08/17 20:18:48.939, 65, 2842 MHz, 248.75 W
2026/08/17 20:18:49.985, 65, 2842 MHz, 248.65 W
2026/08/17 20:18:51.031, 65, 2842 MHz, 249.18 W
2026/08/17 20:18:52.078, 65, 2842 MHz, 248.97 W
2026/08/17 20:18:53.123, 65, 2842 MHz, 249.10 W
2026/08/17 20:18:54.169, 65, 2842 MHz, 249.34 W
2026/08/17 20:18:55.214, 65, 2842 MHz, 249.37 W
2026/08/17 20:18:56.259, 65, 2842 MHz, 250.00 W
2026/08/17 20:18:57.307, 65, 2842 MHz, 249.99 W
2026/08/17 20:18:58.357, 65, 2842 MHz, 250.64 W
2026/08/17 20:18:59.406, 65, 2842 MHz, 250.68 W
2026/08/17 20:19:00.455, 65, 2842 MHz, 250.29 W
2026/08/17 20:19:01.505, 65, 2842 MHz, 250.61 W
2026/08/17 20:19:02.553, 66, 2842 MHz, 250.59 W
2026/08/17 20:19:03.602, 66, 2842 MHz, 251.35 W
2026/08/17 20:19:04.650, 66, 2842 MHz, 251.34 W
2026/08/17 20:19:05.696, 66, 2842 MHz, 251.93 W
2026/08/17 20:19:06.741, 66, 2842 MHz, 252.23 W
2026/08/17 20:19:07.786, 66, 2842 MHz, 251.52 W
2026/08/17 20:19:08.832, 66, 2842 MHz, 251.84 W
2026/08/17 20:19:09.877, 66, 2842 MHz, 251.88 W
2026/08/17 20:19:10.923, 66, 2842 MHz, 252.55 W
2026/08/17 20:19:10.635, 66, 2842 MHz, 252.40 W
2026/08/17 20:19:11.680, 66, 2842 MHz, 252.83 W
2026/08/17 20:19:12.725, 68, 2835 MHz, 261.82 W
2026/08/17 20:19:13.764, 65, 2842 MHz, 242.49 W
2026/08/17 20:19:14.802, 65, 2842 MHz, 242.42 W
2026/08/17 20:19:15.840, 65, 2842 MHz, 242.70 W
2026/08/17 20:19:16.878, 65, 2842 MHz, 243.36 W
2026/08/17 20:19:17.916, 65, 2842 MHz, 242.82 W
2026/08/17 20:19:18.954, 65, 2842 MHz, 241.99 W
2026/08/17 20:19:19.992, 65, 2842 MHz, 242.81 W
2026/08/17 20:19:21.032, 65, 2842 MHz, 243.50 W
2026/08/17 20:19:22.090, 65, 2842 MHz, 243.93 W
2026/08/17 20:19:23.149, 65, 2842 MHz, 242.60 W
2026/08/17 20:19:24.207, 65, 2842 MHz, 241.94 W
2026/08/17 20:19:25.265, 65, 2842 MHz, 242.65 W
2026/08/17 20:19:26.323, 65, 2842 MHz, 243.21 W
2026/08/17 20:19:27.380, 65, 2842 MHz, 243.67 W
2026/08/17 20:19:28.438, 65, 2842 MHz, 244.46 W
2026/08/17 20:19:29.492, 65, 2842 MHz, 242.28 W
2026/08/17 20:19:30.539, 65, 2842 MHz, 241.80 W
2026/08/17 20:19:31.586, 65, 2842 MHz, 242.62 W
2026/08/17 20:19:32.633, 65, 2842 MHz, 243.25 W
2026/08/17 20:19:33.679, 65, 2842 MHz, 244.18 W
2026/08/17 20:19:34.726, 65, 2842 MHz, 244.88 W
2026/08/17 20:19:35.772, 65, 2842 MHz, 244.80 W
2026/08/17 20:19:36.819, 65, 2842 MHz, 242.29 W
2026/08/17 20:19:37.863, 65, 2842 MHz, 243.46 W
2026/08/17 20:19:38.906, 65, 2842 MHz, 243.69 W
2026/08/17 20:19:39.948, 65, 2842 MHz, 244.63 W
2026/08/17 20:19:40.991, 65, 2842 MHz, 245.64 W
2026/08/17 20:19:42.034, 65, 2842 MHz, 245.58 W
2026/08/17 20:19:41.680, 65, 2842 MHz, 244.16 W
2026/08/17 20:19:42.723, 65, 2842 MHz, 242.80 W
2026/08/17 20:19:43.766, 65, 2842 MHz, 243.99 W
2026/08/17 20:19:44.808, 65, 2842 MHz, 244.57 W
2026/08/17 20:19:45.851, 65, 2842 MHz, 244.96 W
2026/08/17 20:19:46.895, 65, 2842 MHz, 245.88 W
2026/08/17 20:19:47.939, 65, 2842 MHz, 246.11 W
2026/08/17 20:19:48.984, 65, 2842 MHz, 245.39 W
2026/08/17 20:19:50.028, 65, 2842 MHz, 243.69 W
2026/08/17 20:19:51.073, 65, 2842 MHz, 243.63 W
2026/08/17 20:19:52.117, 65, 2842 MHz, 245.03 W
2026/08/17 20:19:53.162, 65, 2842 MHz, 245.49 W
2026/08/17 20:19:54.207, 65, 2842 MHz, 246.94 W
2026/08/17 20:19:55.251, 56, 2857 MHz, 128.77 W
2026/08/17 20:19:56.296, 55, 2857 MHz, 66.10 W
2026/08/17 20:19:57.341, 53, 562 MHz, 41.39 W
2026/08/17 20:19:58.386, 52, 337 MHz, 35.65 W
2026/08/17 20:19:59.430, 52, 225 MHz, 35.37 W
2026/08/17 20:20:00.475, 51, 180 MHz, 35.24 W
2026/08/17 20:20:01.521, 51, 180 MHz, 34.18 W
2026/08/17 20:20:02.566, 50, 225 MHz, 30.99 W
2026/08/17 20:20:03.612, 60, 2857 MHz, 200.96 W
2026/08/17 20:20:04.657, 61, 2857 MHz, 227.43 W
2026/08/17 20:20:05.702, 61, 2842 MHz, 227.90 W
2026/08/17 20:20:06.747, 61, 2842 MHz, 228.67 W
2026/08/17 20:20:07.792, 61, 2842 MHz, 228.62 W
2026/08/17 20:20:08.837, 61, 2842 MHz, 229.59 W
2026/08/17 20:20:09.882, 62, 2842 MHz, 229.90 W
2026/08/17 20:20:10.928, 62, 2842 MHz, 229.10 W
2026/08/17 20:20:11.972, 62, 2842 MHz, 229.28 W
2026/08/17 20:20:13.018, 62, 2842 MHz, 229.53 W
2026/08/17 20:20:12.722, 62, 2842 MHz, 230.54 W
2026/08/17 20:20:13.766, 62, 2842 MHz, 231.12 W
2026/08/17 20:20:14.811, 62, 2842 MHz, 231.67 W
2026/08/17 20:20:15.856, 63, 2842 MHz, 231.88 W
2026/08/17 20:20:16.901, 63, 2842 MHz, 231.72 W
2026/08/17 20:20:17.946, 63, 2842 MHz, 232.28 W
2026/08/17 20:20:18.991, 63, 2842 MHz, 231.48 W
2026/08/17 20:20:20.036, 63, 2842 MHz, 230.56 W
2026/08/17 20:20:21.081, 63, 2842 MHz, 230.30 W
2026/08/17 20:20:22.127, 63, 2842 MHz, 230.63 W
2026/08/17 20:20:23.171, 63, 2842 MHz, 231.91 W
2026/08/17 20:20:24.216, 63, 2842 MHz, 233.72 W
2026/08/17 20:20:25.261, 64, 2842 MHz, 233.83 W
2026/08/17 20:20:26.307, 64, 2842 MHz, 233.63 W
2026/08/17 20:20:27.351, 64, 2842 MHz, 233.80 W
2026/08/17 20:20:28.396, 64, 2842 MHz, 234.15 W
2026/08/17 20:20:29.442, 64, 2842 MHz, 233.65 W
2026/08/17 20:20:30.487, 64, 2842 MHz, 232.23 W
2026/08/17 20:20:31.532, 64, 2842 MHz, 231.10 W
2026/08/17 20:20:32.577, 64, 2842 MHz, 231.50 W
2026/08/17 20:20:33.622, 64, 2842 MHz, 232.49 W
2026/08/17 20:20:34.668, 64, 2842 MHz, 232.92 W
2026/08/17 20:20:35.713, 64, 2842 MHz, 233.01 W
2026/08/17 20:20:36.758, 65, 2842 MHz, 235.65 W
2026/08/17 20:20:37.803, 65, 2842 MHz, 236.04 W
2026/08/17 20:20:38.848, 65, 2842 MHz, 236.39 W
2026/08/17 20:20:39.893, 65, 2842 MHz, 235.83 W
2026/08/17 20:20:40.938, 65, 2842 MHz, 232.85 W
2026/08/17 20:20:41.984, 65, 2842 MHz, 249.61 W
2026/08/17 20:20:43.028, 66, 2842 MHz, 242.06 W
2026/08/17 20:20:44.073, 66, 2842 MHz, 244.06 W
2026/08/17 20:20:43.763, 66, 2842 MHz, 244.40 W
2026/08/17 20:20:44.808, 66, 2842 MHz, 243.46 W
2026/08/17 20:20:45.853, 66, 2842 MHz, 244.96 W
2026/08/17 20:20:46.899, 66, 2842 MHz, 245.65 W
2026/08/17 20:20:47.944, 66, 2842 MHz, 246.08 W
2026/08/17 20:20:48.989, 66, 2842 MHz, 246.95 W
2026/08/17 20:20:50.034, 66, 2842 MHz, 247.26 W
2026/08/17 20:20:51.079, 66, 2842 MHz, 246.37 W
2026/08/17 20:20:52.125, 66, 2842 MHz, 246.89 W
2026/08/17 20:20:53.170, 66, 2842 MHz, 247.82 W
2026/08/17 20:20:54.215, 66, 2842 MHz, 248.19 W
2026/08/17 20:20:55.260, 66, 2842 MHz, 248.59 W
2026/08/17 20:20:56.304, 66, 2842 MHz, 249.18 W
2026/08/17 20:20:57.349, 66, 2842 MHz, 248.64 W
2026/08/17 20:20:58.394, 66, 2842 MHz, 249.07 W
2026/08/17 20:20:59.439, 66, 2842 MHz, 249.38 W
2026/08/17 20:21:00.484, 66, 2842 MHz, 249.66 W
2026/08/17 20:21:01.530, 66, 2842 MHz, 250.21 W
2026/08/17 20:21:02.576, 66, 2842 MHz, 250.09 W
2026/08/17 20:21:03.621, 66, 2842 MHz, 250.54 W
2026/08/17 20:21:04.666, 66, 2842 MHz, 250.43 W
2026/08/17 20:21:05.712, 66, 2842 MHz, 250.54 W
2026/08/17 20:21:06.758, 67, 2842 MHz, 251.26 W
2026/08/17 20:21:07.803, 67, 2842 MHz, 250.88 W
2026/08/17 20:21:08.848, 67, 2842 MHz, 251.65 W
2026/08/17 20:21:09.894, 67, 2842 MHz, 251.96 W
2026/08/17 20:21:10.939, 67, 2842 MHz, 251.70 W
2026/08/17 20:21:11.985, 67, 2842 MHz, 251.94 W
2026/08/17 20:21:13.030, 67, 2842 MHz, 251.83 W
2026/08/17 20:21:14.075, 67, 2842 MHz, 252.20 W
2026/08/17 20:21:13.763, 66, 2842 MHz, 252.74 W
2026/08/17 20:21:14.808, 67, 2842 MHz, 253.05 W
2026/08/17 20:21:15.853, 67, 2842 MHz, 253.44 W
2026/08/17 20:21:16.899, 67, 2842 MHz, 253.24 W
2026/08/17 20:21:17.944, 67, 2842 MHz, 252.82 W
2026/08/17 20:21:18.989, 67, 2842 MHz, 253.04 W
2026/08/17 20:21:20.034, 67, 2842 MHz, 253.84 W
2026/08/17 20:21:21.079, 67, 2842 MHz, 254.22 W
2026/08/17 20:21:22.124, 67, 2842 MHz, 253.60 W
2026/08/17 20:21:23.170, 67, 2842 MHz, 253.80 W
2026/08/17 20:21:24.215, 67, 2842 MHz, 266.11 W
2026/08/17 20:21:25.260, 66, 2842 MHz, 244.71 W
2026/08/17 20:21:26.306, 66, 2842 MHz, 245.35 W
2026/08/17 20:21:27.351, 66, 2842 MHz, 245.27 W
2026/08/17 20:21:28.396, 66, 2842 MHz, 244.27 W
2026/08/17 20:21:29.442, 66, 2842 MHz, 245.40 W
2026/08/17 20:21:30.487, 66, 2842 MHz, 246.62 W
2026/08/17 20:21:31.534, 66, 2842 MHz, 246.91 W
2026/08/17 20:21:32.581, 66, 2842 MHz, 246.88 W
2026/08/17 20:21:33.629, 65, 2842 MHz, 247.27 W
2026/08/17 20:21:34.677, 65, 2842 MHz, 246.41 W
2026/08/17 20:21:35.724, 65, 2842 MHz, 247.17 W
2026/08/17 20:21:36.771, 65, 2842 MHz, 247.75 W
2026/08/17 20:21:37.819, 65, 2842 MHz, 247.89 W
2026/08/17 20:21:38.867, 65, 2842 MHz, 248.12 W
2026/08/17 20:21:39.916, 65, 2842 MHz, 248.15 W
2026/08/17 20:21:40.965, 65, 2842 MHz, 248.23 W
2026/08/17 20:21:42.014, 65, 2842 MHz, 247.93 W
2026/08/17 20:21:43.063, 65, 2842 MHz, 248.43 W
2026/08/17 20:21:44.112, 65, 2842 MHz, 248.62 W
2026/08/17 20:21:45.162, 65, 2842 MHz, 248.75 W
2026/08/17 20:21:44.809, 65, 2842 MHz, 248.90 W
2026/08/17 20:21:45.858, 64, 2842 MHz, 249.26 W
2026/08/17 20:21:46.905, 64, 2842 MHz, 248.64 W
2026/08/17 20:21:47.951, 64, 2842 MHz, 248.56 W
2026/08/17 20:21:48.996, 64, 2842 MHz, 249.16 W
2026/08/17 20:21:50.041, 64, 2842 MHz, 249.50 W
2026/08/17 20:21:51.087, 64, 2842 MHz, 249.42 W
2026/08/17 20:21:52.132, 64, 2842 MHz, 249.50 W
2026/08/17 20:21:53.177, 64, 2842 MHz, 249.39 W
2026/08/17 20:21:54.222, 64, 2842 MHz, 249.68 W
2026/08/17 20:21:55.268, 64, 2842 MHz, 249.43 W
2026/08/17 20:21:56.315, 64, 2842 MHz, 249.93 W
2026/08/17 20:21:57.361, 64, 2842 MHz, 249.59 W
2026/08/17 20:21:58.407, 64, 2842 MHz, 250.04 W
2026/08/17 20:21:59.453, 64, 2842 MHz, 250.61 W
2026/08/17 20:22:00.500, 64, 2842 MHz, 250.74 W
2026/08/17 20:22:01.546, 64, 2842 MHz, 250.73 W
2026/08/17 20:22:02.592, 64, 2842 MHz, 250.64 W
2026/08/17 20:22:03.639, 64, 2842 MHz, 250.23 W
2026/08/17 20:22:04.686, 64, 2842 MHz, 251.34 W
2026/08/17 20:22:05.734, 64, 2842 MHz, 251.14 W
2026/08/17 20:22:06.781, 64, 2842 MHz, 251.84 W
2026/08/17 20:22:07.829, 65, 2827 MHz, 267.33 W
2026/08/17 20:22:08.877, 63, 2842 MHz, 241.48 W
2026/08/17 20:22:09.924, 63, 2842 MHz, 242.28 W
2026/08/17 20:22:10.971, 63, 2842 MHz, 242.82 W
2026/08/17 20:22:12.016, 63, 2842 MHz, 241.93 W
2026/08/17 20:22:13.062, 63, 2842 MHz, 242.54 W
2026/08/17 20:22:14.107, 63, 2842 MHz, 242.98 W
2026/08/17 20:22:15.152, 63, 2842 MHz, 243.84 W
2026/08/17 20:22:16.197, 63, 2842 MHz, 244.33 W
2026/08/17 20:22:15.850, 63, 2842 MHz, 244.94 W
2026/08/17 20:22:16.896, 63, 2842 MHz, 243.89 W
2026/08/17 20:22:17.941, 63, 2842 MHz, 243.95 W
2026/08/17 20:22:18.986, 63, 2842 MHz, 245.14 W
2026/08/17 20:22:20.032, 63, 2842 MHz, 245.88 W
2026/08/17 20:22:21.077, 63, 2842 MHz, 246.20 W
2026/08/17 20:22:22.122, 63, 2842 MHz, 246.35 W
2026/08/17 20:22:23.168, 63, 2842 MHz, 245.90 W
2026/08/17 20:22:24.213, 63, 2842 MHz, 245.71 W
2026/08/17 20:22:25.258, 63, 2842 MHz, 246.30 W
2026/08/17 20:22:26.303, 63, 2842 MHz, 246.66 W
2026/08/17 20:22:27.348, 63, 2842 MHz, 246.61 W
2026/08/17 20:22:28.394, 63, 2842 MHz, 246.54 W
2026/08/17 20:22:29.439, 63, 2842 MHz, 247.17 W
2026/08/17 20:22:30.484, 63, 2842 MHz, 247.26 W
2026/08/17 20:22:31.530, 63, 2842 MHz, 247.14 W
2026/08/17 20:22:32.575, 63, 2842 MHz, 246.68 W
2026/08/17 20:22:33.621, 63, 2842 MHz, 247.82 W
2026/08/17 20:22:34.666, 63, 2842 MHz, 247.92 W
2026/08/17 20:22:35.711, 63, 2842 MHz, 248.51 W
2026/08/17 20:22:36.757, 63, 2842 MHz, 248.89 W
2026/08/17 20:22:37.803, 63, 2842 MHz, 248.06 W
2026/08/17 20:22:38.849, 63, 2842 MHz, 248.49 W
2026/08/17 20:22:39.894, 63, 2842 MHz, 248.87 W
2026/08/17 20:22:40.940, 63, 2842 MHz, 248.94 W
2026/08/17 20:22:41.985, 63, 2842 MHz, 249.09 W
2026/08/17 20:22:43.031, 63, 2842 MHz, 248.48 W
2026/08/17 20:22:44.076, 63, 2842 MHz, 249.07 W
2026/08/17 20:22:45.121, 63, 2842 MHz, 249.48 W
2026/08/17 20:22:46.166, 63, 2842 MHz, 249.51 W
2026/08/17 20:22:47.211, 63, 2842 MHz, 249.58 W
2026/08/17 20:22:46.892, 63, 2842 MHz, 249.53 W
2026/08/17 20:22:47.938, 63, 2842 MHz, 249.50 W
2026/08/17 20:22:48.983, 63, 2842 MHz, 250.45 W
2026/08/17 20:22:50.028, 72, 2842 MHz, 267.03 W
2026/08/17 20:22:51.074, 63, 2842 MHz, 240.21 W
2026/08/17 20:22:52.119, 63, 2842 MHz, 240.67 W
2026/08/17 20:22:53.165, 63, 2842 MHz, 241.43 W
2026/08/17 20:22:54.210, 63, 2842 MHz, 241.24 W
2026/08/17 20:22:55.255, 63, 2842 MHz, 241.48 W
2026/08/17 20:22:56.300, 63, 2842 MHz, 242.00 W
2026/08/17 20:22:57.345, 63, 2842 MHz, 242.45 W
2026/08/17 20:22:58.391, 63, 2842 MHz, 242.94 W
2026/08/17 20:22:59.437, 63, 2842 MHz, 243.83 W
2026/08/17 20:23:00.483, 63, 2842 MHz, 243.46 W
2026/08/17 20:23:01.529, 63, 2842 MHz, 243.08 W
2026/08/17 20:23:02.575, 63, 2842 MHz, 243.75 W
2026/08/17 20:23:03.622, 63, 2842 MHz, 244.40 W
2026/08/17 20:23:04.668, 63, 2842 MHz, 245.29 W
2026/08/17 20:23:05.714, 63, 2842 MHz, 245.42 W
2026/08/17 20:23:06.761, 63, 2842 MHz, 245.54 W
2026/08/17 20:23:07.807, 63, 2842 MHz, 245.48 W
2026/08/17 20:23:08.853, 63, 2842 MHz, 245.38 W
2026/08/17 20:23:09.900, 63, 2842 MHz, 246.10 W
2026/08/17 20:23:10.946, 63, 2842 MHz, 246.26 W
2026/08/17 20:23:11.991, 63, 2842 MHz, 246.70 W
2026/08/17 20:23:13.038, 63, 2842 MHz, 247.24 W
2026/08/17 20:23:14.084, 63, 2842 MHz, 246.89 W
2026/08/17 20:23:15.130, 63, 2842 MHz, 246.61 W
2026/08/17 20:23:16.176, 63, 2842 MHz, 247.17 W
2026/08/17 20:23:17.221, 63, 2842 MHz, 248.04 W
2026/08/17 20:23:18.266, 63, 2842 MHz, 248.07 W
2026/08/17 20:23:17.939, 63, 2842 MHz, 247.76 W
2026/08/17 20:23:18.984, 63, 2842 MHz, 248.48 W
2026/08/17 20:23:20.030, 63, 2842 MHz, 248.13 W
2026/08/17 20:23:21.075, 63, 2842 MHz, 248.08 W
2026/08/17 20:23:22.120, 63, 2842 MHz, 248.63 W
2026/08/17 20:23:23.166, 63, 2842 MHz, 248.49 W
2026/08/17 20:23:24.211, 63, 2842 MHz, 249.12 W
2026/08/17 20:23:25.256, 63, 2842 MHz, 249.41 W
2026/08/17 20:23:26.302, 63, 2842 MHz, 249.70 W
2026/08/17 20:23:27.348, 63, 2842 MHz, 249.65 W
2026/08/17 20:23:28.393, 63, 2842 MHz, 249.08 W
2026/08/17 20:23:29.439, 63, 2842 MHz, 250.00 W
2026/08/17 20:23:30.484, 63, 2842 MHz, 249.80 W
2026/08/17 20:23:31.530, 63, 2842 MHz, 250.55 W
2026/08/17 20:23:32.576, 64, 2842 MHz, 250.74 W
2026/08/17 20:23:33.622, 64, 2842 MHz, 268.95 W
2026/08/17 20:23:34.668, 63, 2842 MHz, 252.56 W
2026/08/17 20:23:35.714, 63, 2842 MHz, 241.46 W
2026/08/17 20:23:36.760, 63, 2842 MHz, 242.28 W
2026/08/17 20:23:37.806, 63, 2842 MHz, 242.02 W
2026/08/17 20:23:38.853, 63, 2842 MHz, 241.18 W
2026/08/17 20:23:39.899, 63, 2842 MHz, 242.29 W
2026/08/17 20:23:40.944, 63, 2842 MHz, 243.06 W
2026/08/17 20:23:41.991, 63, 2842 MHz, 243.74 W
2026/08/17 20:23:43.037, 63, 2842 MHz, 244.27 W
2026/08/17 20:23:44.082, 63, 2842 MHz, 244.13 W
2026/08/17 20:23:45.128, 63, 2842 MHz, 243.48 W
2026/08/17 20:23:46.174, 63, 2842 MHz, 244.59 W
2026/08/17 20:23:47.220, 63, 2842 MHz, 245.13 W
2026/08/17 20:23:48.265, 63, 2842 MHz, 245.82 W
2026/08/17 20:23:49.310, 63, 2842 MHz, 245.49 W
2026/08/17 20:23:48.982, 63, 2842 MHz, 246.16 W
2026/08/17 20:23:50.028, 63, 2842 MHz, 246.04 W
2026/08/17 20:23:51.073, 63, 2842 MHz, 246.21 W
2026/08/17 20:23:52.118, 63, 2842 MHz, 246.48 W
2026/08/17 20:23:53.163, 63, 2842 MHz, 246.55 W
2026/08/17 20:23:54.208, 63, 2842 MHz, 246.94 W
2026/08/17 20:23:55.254, 63, 2842 MHz, 247.51 W
2026/08/17 20:23:56.300, 63, 2842 MHz, 247.66 W
2026/08/17 20:23:57.344, 63, 2842 MHz, 246.94 W
2026/08/17 20:23:58.390, 63, 2842 MHz, 247.32 W
2026/08/17 20:23:59.435, 64, 2842 MHz, 247.73 W
2026/08/17 20:24:00.481, 64, 2842 MHz, 248.10 W
2026/08/17 20:24:01.526, 64, 2842 MHz, 248.82 W
2026/08/17 20:24:02.571, 64, 2842 MHz, 248.68 W
2026/08/17 20:24:03.617, 64, 2842 MHz, 248.88 W
2026/08/17 20:24:04.663, 64, 2842 MHz, 248.73 W
2026/08/17 20:24:05.709, 64, 2842 MHz, 249.25 W
2026/08/17 20:24:06.754, 64, 2842 MHz, 249.45 W
2026/08/17 20:24:07.800, 64, 2842 MHz, 249.51 W
2026/08/17 20:24:08.845, 64, 2842 MHz, 249.76 W
2026/08/17 20:24:09.891, 64, 2842 MHz, 250.48 W
2026/08/17 20:24:10.937, 64, 2842 MHz, 250.69 W
2026/08/17 20:24:11.982, 64, 2842 MHz, 250.20 W
2026/08/17 20:24:13.028, 64, 2842 MHz, 249.86 W
2026/08/17 20:24:14.073, 64, 2842 MHz, 250.41 W
2026/08/17 20:24:15.119, 64, 2842 MHz, 251.02 W
2026/08/17 20:24:16.164, 64, 2842 MHz, 251.43 W
2026/08/17 20:24:17.210, 64, 2842 MHz, 256.45 W
2026/08/17 20:24:18.255, 64, 2842 MHz, 263.04 W
2026/08/17 20:24:19.301, 64, 2842 MHz, 241.52 W
2026/08/17 20:24:18.978, 63, 2842 MHz, 242.67 W
2026/08/17 20:24:20.023, 64, 2842 MHz, 242.92 W
2026/08/17 20:24:21.069, 63, 2842 MHz, 241.80 W
2026/08/17 20:24:22.114, 63, 2842 MHz, 242.65 W
2026/08/17 20:24:23.159, 63, 2842 MHz, 242.83 W
2026/08/17 20:24:24.205, 64, 2842 MHz, 244.35 W
2026/08/17 20:24:25.250, 64, 2842 MHz, 244.81 W
2026/08/17 20:24:26.296, 64, 2842 MHz, 245.47 W
2026/08/17 20:24:27.341, 64, 2842 MHz, 243.94 W
2026/08/17 20:24:28.387, 64, 2842 MHz, 244.75 W
2026/08/17 20:24:29.434, 64, 2842 MHz, 245.57 W
2026/08/17 20:24:30.481, 64, 2842 MHz, 246.06 W
2026/08/17 20:24:31.527, 64, 2842 MHz, 246.44 W
2026/08/17 20:24:32.574, 64, 2842 MHz, 246.17 W
2026/08/17 20:24:33.620, 64, 2842 MHz, 246.00 W
2026/08/17 20:24:34.667, 64, 2842 MHz, 246.63 W
2026/08/17 20:24:35.714, 64, 2842 MHz, 246.93 W
2026/08/17 20:24:36.761, 64, 2842 MHz, 247.33 W
2026/08/17 20:24:37.808, 64, 2842 MHz, 247.37 W
2026/08/17 20:24:38.856, 64, 2842 MHz, 247.72 W
2026/08/17 20:24:39.903, 64, 2842 MHz, 248.21 W
2026/08/17 20:24:40.950, 64, 2842 MHz, 248.04 W
2026/08/17 20:24:41.997, 64, 2842 MHz, 248.31 W
2026/08/17 20:24:43.044, 64, 2842 MHz, 248.53 W
2026/08/17 20:24:44.091, 64, 2842 MHz, 248.67 W
2026/08/17 20:24:45.136, 64, 2842 MHz, 249.54 W
2026/08/17 20:24:46.182, 64, 2842 MHz, 249.88 W
2026/08/17 20:24:47.227, 64, 2842 MHz, 250.25 W
2026/08/17 20:24:48.272, 64, 2842 MHz, 249.69 W
2026/08/17 20:24:49.317, 64, 2842 MHz, 249.58 W
2026/08/17 20:24:50.363, 64, 2842 MHz, 250.32 W
2026/08/17 20:24:50.022, 64, 2842 MHz, 250.74 W
2026/08/17 20:24:51.068, 64, 2842 MHz, 250.99 W
2026/08/17 20:24:52.113, 64, 2842 MHz, 250.74 W
2026/08/17 20:24:53.157, 64, 2842 MHz, 250.88 W
2026/08/17 20:24:54.203, 64, 2842 MHz, 250.90 W
2026/08/17 20:24:55.248, 64, 2842 MHz, 251.00 W
2026/08/17 20:24:56.292, 64, 2842 MHz, 251.05 W
2026/08/17 20:24:57.338, 65, 2842 MHz, 251.35 W
2026/08/17 20:24:58.383, 65, 2842 MHz, 251.50 W
2026/08/17 20:24:59.427, 65, 2842 MHz, 252.23 W
2026/08/17 20:25:00.474, 65, 2827 MHz, 266.26 W
2026/08/17 20:25:01.524, 64, 2842 MHz, 242.05 W
2026/08/17 20:25:02.573, 64, 2842 MHz, 242.64 W
2026/08/17 20:25:03.622, 64, 2842 MHz, 242.85 W
2026/08/17 20:25:04.671, 64, 2842 MHz, 241.91 W
2026/08/17 20:25:05.720, 64, 2842 MHz, 243.10 W
2026/08/17 20:25:06.770, 64, 2842 MHz, 243.76 W
2026/08/17 20:25:07.819, 64, 2842 MHz, 244.40 W
2026/08/17 20:25:08.868, 64, 2842 MHz, 244.48 W
2026/08/17 20:25:09.916, 64, 2842 MHz, 245.43 W
2026/08/17 20:25:10.964, 64, 2842 MHz, 244.92 W
2026/08/17 20:25:12.013, 64, 2842 MHz, 244.71 W
2026/08/17 20:25:13.061, 64, 2842 MHz, 245.53 W
2026/08/17 20:25:14.110, 64, 2842 MHz, 245.64 W
2026/08/17 20:25:15.158, 64, 2842 MHz, 246.52 W
2026/08/17 20:25:16.206, 64, 2842 MHz, 246.72 W
2026/08/17 20:25:17.252, 64, 2842 MHz, 246.75 W
2026/08/17 20:25:18.297, 64, 2842 MHz, 246.92 W
2026/08/17 20:25:19.343, 64, 2842 MHz, 246.96 W
2026/08/17 20:25:20.388, 64, 2842 MHz, 247.64 W
2026/08/17 20:25:21.433, 64, 2842 MHz, 247.60 W
2026/08/17 20:25:21.071, 64, 2842 MHz, 247.54 W
2026/08/17 20:25:22.116, 64, 2842 MHz, 247.86 W
2026/08/17 20:25:23.161, 64, 2842 MHz, 247.17 W
2026/08/17 20:25:24.206, 65, 2842 MHz, 247.59 W
2026/08/17 20:25:25.252, 64, 2842 MHz, 248.01 W
2026/08/17 20:25:26.297, 65, 2842 MHz, 248.40 W
2026/08/17 20:25:27.342, 65, 2842 MHz, 248.48 W
2026/08/17 20:25:28.387, 65, 2842 MHz, 248.80 W
2026/08/17 20:25:29.433, 65, 2842 MHz, 249.53 W
2026/08/17 20:25:30.478, 65, 2842 MHz, 248.96 W
2026/08/17 20:25:31.523, 65, 2842 MHz, 249.12 W
2026/08/17 20:25:32.569, 65, 2842 MHz, 249.27 W
2026/08/17 20:25:33.614, 65, 2842 MHz, 249.72 W
2026/08/17 20:25:34.659, 65, 2842 MHz, 249.99 W
2026/08/17 20:25:35.705, 65, 2842 MHz, 249.99 W
2026/08/17 20:25:36.751, 65, 2842 MHz, 250.71 W
2026/08/17 20:25:37.796, 65, 2842 MHz, 250.75 W
2026/08/17 20:25:38.842, 65, 2842 MHz, 250.45 W
2026/08/17 20:25:39.887, 65, 2842 MHz, 251.25 W
2026/08/17 20:25:40.933, 65, 2842 MHz, 251.09 W
2026/08/17 20:25:41.979, 65, 2842 MHz, 251.70 W
2026/08/17 20:25:43.024, 65, 2842 MHz, 251.76 W
2026/08/17 20:25:44.070, 74, 2842 MHz, 268.66 W
2026/08/17 20:25:45.116, 64, 2842 MHz, 242.47 W
2026/08/17 20:25:46.162, 64, 2842 MHz, 242.98 W
2026/08/17 20:25:47.208, 64, 2842 MHz, 243.94 W
2026/08/17 20:25:48.254, 64, 2842 MHz, 242.82 W
2026/08/17 20:25:49.299, 64, 2842 MHz, 242.88 W
2026/08/17 20:25:50.344, 64, 2842 MHz, 244.15 W
2026/08/17 20:25:51.389, 64, 2842 MHz, 244.55 W
2026/08/17 20:25:52.435, 64, 2842 MHz, 245.28 W
2026/08/17 20:25:52.113, 64, 2842 MHz, 245.80 W
2026/08/17 20:25:53.158, 64, 2842 MHz, 244.77 W
2026/08/17 20:25:54.203, 64, 2842 MHz, 245.14 W
2026/08/17 20:25:55.248, 64, 2842 MHz, 245.45 W
2026/08/17 20:25:56.294, 65, 2842 MHz, 246.16 W
2026/08/17 20:25:57.339, 65, 2842 MHz, 246.76 W
2026/08/17 20:25:58.384, 65, 2842 MHz, 246.62 W
2026/08/17 20:25:59.429, 65, 2842 MHz, 246.78 W
2026/08/17 20:26:00.474, 65, 2842 MHz, 246.35 W
2026/08/17 20:26:01.520, 65, 2842 MHz, 247.27 W
2026/08/17 20:26:02.565, 65, 2842 MHz, 247.62 W
2026/08/17 20:26:03.610, 65, 2842 MHz, 247.98 W
2026/08/17 20:26:04.655, 65, 2842 MHz, 248.18 W
2026/08/17 20:26:05.701, 65, 2842 MHz, 249.02 W
2026/08/17 20:26:06.747, 65, 2842 MHz, 248.50 W
2026/08/17 20:26:07.793, 65, 2842 MHz, 248.25 W
2026/08/17 20:26:08.840, 65, 2842 MHz, 248.26 W
2026/08/17 20:26:09.886, 65, 2842 MHz, 248.74 W
2026/08/17 20:26:10.932, 65, 2842 MHz, 249.26 W
2026/08/17 20:26:11.979, 65, 2842 MHz, 249.37 W
2026/08/17 20:26:13.025, 65, 2842 MHz, 249.89 W
2026/08/17 20:26:14.071, 65, 2842 MHz, 249.27 W
2026/08/17 20:26:15.116, 65, 2842 MHz, 249.31 W
2026/08/17 20:26:16.162, 65, 2842 MHz, 250.17 W
2026/08/17 20:26:17.208, 65, 2842 MHz, 250.16 W
2026/08/17 20:26:18.254, 65, 2842 MHz, 250.59 W
2026/08/17 20:26:19.300, 65, 2842 MHz, 250.29 W
2026/08/17 20:26:20.346, 65, 2842 MHz, 250.94 W
2026/08/17 20:26:21.391, 65, 2842 MHz, 251.31 W
2026/08/17 20:26:22.437, 65, 2842 MHz, 250.84 W
2026/08/17 20:26:23.482, 65, 2842 MHz, 251.56 W
2026/08/17 20:26:23.151, 65, 2842 MHz, 251.14 W
2026/08/17 20:26:24.196, 65, 2842 MHz, 251.81 W
2026/08/17 20:26:25.243, 65, 2842 MHz, 252.44 W
2026/08/17 20:26:26.288, 65, 2842 MHz, 271.62 W
2026/08/17 20:26:27.334, 65, 2842 MHz, 242.83 W
2026/08/17 20:26:28.379, 65, 2842 MHz, 242.52 W
2026/08/17 20:26:29.424, 65, 2842 MHz, 243.26 W
2026/08/17 20:26:30.471, 65, 2842 MHz, 242.98 W
2026/08/17 20:26:31.516, 65, 2842 MHz, 242.71 W
2026/08/17 20:26:32.562, 65, 2842 MHz, 243.91 W
2026/08/17 20:26:33.608, 65, 2842 MHz, 243.75 W
2026/08/17 20:26:34.653, 65, 2842 MHz, 245.21 W
2026/08/17 20:26:35.699, 65, 2842 MHz, 245.43 W
2026/08/17 20:26:36.746, 65, 2842 MHz, 245.72 W
2026/08/17 20:26:37.791, 65, 2842 MHz, 245.28 W
2026/08/17 20:26:38.837, 65, 2842 MHz, 245.41 W
2026/08/17 20:26:39.883, 65, 2842 MHz, 246.83 W
2026/08/17 20:26:40.929, 65, 2842 MHz, 247.07 W
2026/08/17 20:26:41.976, 65, 2842 MHz, 247.64 W
2026/08/17 20:26:43.022, 65, 2842 MHz, 247.73 W
2026/08/17 20:26:44.068, 65, 2842 MHz, 246.64 W
2026/08/17 20:26:45.114, 65, 2842 MHz, 247.61 W
2026/08/17 20:26:46.159, 65, 2842 MHz, 247.92 W
2026/08/17 20:26:47.206, 65, 2842 MHz, 248.59 W
2026/08/17 20:26:48.252, 65, 2842 MHz, 248.67 W
2026/08/17 20:26:49.297, 65, 2842 MHz, 248.51 W
2026/08/17 20:26:50.344, 65, 2842 MHz, 248.93 W
2026/08/17 20:26:51.390, 65, 2842 MHz, 248.78 W
2026/08/17 20:26:52.436, 65, 2842 MHz, 249.06 W
2026/08/17 20:26:53.482, 65, 2842 MHz, 249.38 W
2026/08/17 20:26:54.529, 65, 2842 MHz, 248.84 W
2026/08/17 20:26:54.197, 65, 2842 MHz, 249.96 W
2026/08/17 20:26:55.243, 65, 2842 MHz, 250.43 W
2026/08/17 20:26:56.288, 65, 2842 MHz, 250.37 W
2026/08/17 20:26:57.335, 65, 2842 MHz, 249.63 W
2026/08/17 20:26:58.381, 65, 2842 MHz, 250.71 W
2026/08/17 20:26:59.427, 65, 2842 MHz, 250.71 W
2026/08/17 20:27:00.472, 65, 2842 MHz, 250.75 W
2026/08/17 20:27:01.518, 65, 2842 MHz, 251.19 W
2026/08/17 20:27:02.565, 65, 2842 MHz, 251.38 W
2026/08/17 20:27:03.611, 65, 2842 MHz, 251.23 W
2026/08/17 20:27:04.658, 65, 2842 MHz, 251.31 W
2026/08/17 20:27:05.705, 65, 2842 MHz, 251.46 W
2026/08/17 20:27:06.751, 65, 2842 MHz, 251.62 W
2026/08/17 20:27:07.797, 65, 2842 MHz, 251.68 W
2026/08/17 20:27:08.844, 66, 2842 MHz, 252.13 W
2026/08/17 20:27:09.891, 66, 2842 MHz, 271.87 W
2026/08/17 20:27:10.938, 65, 2842 MHz, 251.65 W
2026/08/17 20:27:11.986, 65, 2842 MHz, 242.65 W
2026/08/17 20:27:13.033, 65, 2842 MHz, 242.92 W
2026/08/17 20:27:14.081, 65, 2842 MHz, 242.57 W
2026/08/17 20:27:15.128, 65, 2842 MHz, 242.51 W
2026/08/17 20:27:16.175, 65, 2842 MHz, 243.75 W
2026/08/17 20:27:17.223, 65, 2842 MHz, 244.27 W
2026/08/17 20:27:18.270, 65, 2842 MHz, 245.07 W
2026/08/17 20:27:19.316, 65, 2842 MHz, 245.17 W
2026/08/17 20:27:20.363, 65, 2842 MHz, 245.70 W
2026/08/17 20:27:21.409, 65, 2842 MHz, 245.15 W
2026/08/17 20:27:22.456, 65, 2842 MHz, 245.82 W
2026/08/17 20:27:23.502, 65, 2842 MHz, 246.45 W
2026/08/17 20:27:24.548, 65, 2842 MHz, 246.41 W
2026/08/17 20:27:24.199, 65, 2842 MHz, 247.15 W
2026/08/17 20:27:25.246, 65, 2842 MHz, 247.38 W
2026/08/17 20:27:26.291, 65, 2842 MHz, 246.62 W
2026/08/17 20:27:27.336, 65, 2842 MHz, 247.24 W
2026/08/17 20:27:28.382, 65, 2842 MHz, 247.28 W
2026/08/17 20:27:29.428, 65, 2842 MHz, 248.10 W
2026/08/17 20:27:30.473, 65, 2842 MHz, 248.48 W
2026/08/17 20:27:31.519, 65, 2842 MHz, 248.49 W
2026/08/17 20:27:32.564, 65, 2842 MHz, 249.05 W
2026/08/17 20:27:33.610, 65, 2842 MHz, 248.23 W
2026/08/17 20:27:34.659, 65, 2842 MHz, 248.89 W
2026/08/17 20:27:35.708, 65, 2842 MHz, 249.12 W
2026/08/17 20:27:36.758, 65, 2842 MHz, 249.14 W
2026/08/17 20:27:37.807, 65, 2842 MHz, 249.74 W
2026/08/17 20:27:38.856, 65, 2842 MHz, 249.72 W
2026/08/17 20:27:39.906, 65, 2842 MHz, 250.16 W
2026/08/17 20:27:40.955, 65, 2842 MHz, 249.94 W
2026/08/17 20:27:42.003, 65, 2842 MHz, 250.23 W
2026/08/17 20:27:43.050, 65, 2842 MHz, 250.60 W
2026/08/17 20:27:44.096, 65, 2842 MHz, 250.41 W
2026/08/17 20:27:45.142, 65, 2842 MHz, 251.11 W
2026/08/17 20:27:46.189, 65, 2842 MHz, 251.25 W
2026/08/17 20:27:47.235, 66, 2842 MHz, 251.31 W
2026/08/17 20:27:48.280, 65, 2842 MHz, 251.22 W
2026/08/17 20:27:49.327, 66, 2842 MHz, 251.05 W
2026/08/17 20:27:50.372, 65, 2842 MHz, 251.89 W
2026/08/17 20:27:51.417, 66, 2842 MHz, 251.91 W
2026/08/17 20:27:52.462, 66, 2842 MHz, 252.33 W
2026/08/17 20:27:53.507, 66, 2842 MHz, 252.60 W
2026/08/17 20:27:54.554, 65, 2842 MHz, 265.58 W
2026/08/17 20:27:55.599, 65, 2842 MHz, 243.05 W
2026/08/17 20:27:55.249, 65, 2842 MHz, 243.36 W
2026/08/17 20:27:56.294, 65, 2842 MHz, 244.12 W
2026/08/17 20:27:57.339, 65, 2842 MHz, 242.94 W
2026/08/17 20:27:58.383, 65, 2842 MHz, 243.54 W
2026/08/17 20:27:59.422, 65, 2842 MHz, 244.72 W
2026/08/17 20:28:00.462, 65, 2842 MHz, 244.93 W
2026/08/17 20:28:01.501, 65, 2842 MHz, 245.90 W
2026/08/17 20:28:02.540, 65, 2842 MHz, 246.35 W
2026/08/17 20:28:03.580, 65, 2842 MHz, 245.19 W
2026/08/17 20:28:04.619, 65, 2842 MHz, 246.20 W
2026/08/17 20:28:05.658, 65, 2842 MHz, 246.49 W
2026/08/17 20:28:06.709, 65, 2842 MHz, 247.16 W
2026/08/17 20:28:07.762, 65, 2842 MHz, 247.62 W
2026/08/17 20:28:08.815, 65, 2842 MHz, 247.67 W
2026/08/17 20:28:09.869, 65, 2842 MHz, 247.67 W
2026/08/17 20:28:10.922, 65, 2842 MHz, 247.22 W
2026/08/17 20:28:11.975, 65, 2842 MHz, 248.11 W
2026/08/17 20:28:13.028, 65, 2842 MHz, 248.47 W
2026/08/17 20:28:14.080, 65, 2842 MHz, 248.52 W
2026/08/17 20:28:15.129, 65, 2842 MHz, 248.95 W
2026/08/17 20:28:16.178, 65, 2842 MHz, 249.17 W
2026/08/17 20:28:17.227, 65, 2842 MHz, 248.94 W
2026/08/17 20:28:18.275, 65, 2842 MHz, 249.23 W
2026/08/17 20:28:19.324, 65, 2842 MHz, 249.21 W
2026/08/17 20:28:20.373, 65, 2842 MHz, 249.56 W
2026/08/17 20:28:21.421, 65, 2842 MHz, 249.99 W
2026/08/17 20:28:22.468, 65, 2842 MHz, 250.39 W
2026/08/17 20:28:23.511, 65, 2842 MHz, 250.15 W
2026/08/17 20:28:24.554, 65, 2842 MHz, 249.74 W
2026/08/17 20:28:25.598, 65, 2842 MHz, 250.20 W
2026/08/17 20:28:26.641, 65, 2842 MHz, 250.71 W
2026/08/17 20:28:26.293, 65, 2842 MHz, 250.96 W
2026/08/17 20:28:27.336, 66, 2842 MHz, 251.52 W
2026/08/17 20:28:28.380, 66, 2842 MHz, 251.31 W
2026/08/17 20:28:29.424, 66, 2842 MHz, 251.86 W
2026/08/17 20:28:30.468, 65, 2842 MHz, 251.68 W
2026/08/17 20:28:31.513, 66, 2842 MHz, 251.73 W
2026/08/17 20:28:32.559, 66, 2842 MHz, 251.91 W
2026/08/17 20:28:33.604, 66, 2842 MHz, 252.07 W
2026/08/17 20:28:34.649, 66, 2842 MHz, 252.35 W
2026/08/17 20:28:35.694, 66, 2842 MHz, 252.85 W
2026/08/17 20:28:36.740, 65, 2842 MHz, 267.78 W
2026/08/17 20:28:37.785, 65, 2842 MHz, 243.29 W
2026/08/17 20:28:38.831, 65, 2842 MHz, 243.20 W
2026/08/17 20:28:39.877, 65, 2842 MHz, 244.40 W
2026/08/17 20:28:40.923, 65, 2842 MHz, 243.37 W
2026/08/17 20:28:41.969, 65, 2842 MHz, 244.16 W
2026/08/17 20:28:43.015, 65, 2842 MHz, 245.01 W
2026/08/17 20:28:44.061, 65, 2842 MHz, 245.27 W
2026/08/17 20:28:45.107, 65, 2842 MHz, 246.24 W
2026/08/17 20:28:46.153, 65, 2842 MHz, 246.55 W
2026/08/17 20:28:47.199, 65, 2842 MHz, 245.56 W
2026/08/17 20:28:48.244, 65, 2842 MHz, 246.30 W
2026/08/17 20:28:49.290, 65, 2842 MHz, 246.29 W
2026/08/17 20:28:50.336, 65, 2842 MHz, 247.52 W
2026/08/17 20:28:51.382, 65, 2842 MHz, 247.84 W
2026/08/17 20:28:52.428, 65, 2842 MHz, 247.88 W
2026/08/17 20:28:53.474, 65, 2842 MHz, 247.89 W
2026/08/17 20:28:54.520, 65, 2842 MHz, 246.95 W
2026/08/17 20:28:55.565, 65, 2842 MHz, 248.34 W
2026/08/17 20:28:56.610, 65, 2842 MHz, 248.70 W
2026/08/17 20:28:57.656, 65, 2842 MHz, 249.05 W
2026/08/17 20:28:57.339, 65, 2842 MHz, 249.21 W
2026/08/17 20:28:58.384, 65, 2842 MHz, 248.86 W
2026/08/17 20:28:59.429, 65, 2842 MHz, 249.30 W
2026/08/17 20:29:00.475, 65, 2842 MHz, 249.20 W
2026/08/17 20:29:01.520, 65, 2842 MHz, 249.84 W
2026/08/17 20:29:02.566, 65, 2842 MHz, 250.27 W
2026/08/17 20:29:03.611, 65, 2842 MHz, 249.87 W
2026/08/17 20:29:04.657, 65, 2842 MHz, 250.86 W
2026/08/17 20:29:05.703, 65, 2842 MHz, 251.35 W
2026/08/17 20:29:06.749, 65, 2842 MHz, 250.93 W
2026/08/17 20:29:07.794, 66, 2842 MHz, 250.87 W
2026/08/17 20:29:08.840, 65, 2842 MHz, 250.76 W
2026/08/17 20:29:09.885, 65, 2842 MHz, 251.62 W
2026/08/17 20:29:10.931, 66, 2842 MHz, 251.73 W
2026/08/17 20:29:11.976, 66, 2842 MHz, 252.23 W
2026/08/17 20:29:13.022, 66, 2842 MHz, 252.51 W
2026/08/17 20:29:14.068, 66, 2842 MHz, 252.02 W
2026/08/17 20:29:15.114, 66, 2842 MHz, 252.09 W
2026/08/17 20:29:16.160, 66, 2842 MHz, 252.78 W
2026/08/17 20:29:17.206, 66, 2842 MHz, 252.74 W
2026/08/17 20:29:18.252, 66, 2842 MHz, 252.67 W
2026/08/17 20:29:19.298, 66, 2842 MHz, 252.61 W
2026/08/17 20:29:20.344, 66, 2842 MHz, 268.77 W
2026/08/17 20:29:21.390, 65, 2842 MHz, 243.39 W
2026/08/17 20:29:22.436, 65, 2842 MHz, 243.91 W
2026/08/17 20:29:23.481, 65, 2842 MHz, 244.21 W
2026/08/17 20:29:24.527, 65, 2842 MHz, 243.21 W
2026/08/17 20:29:25.573, 65, 2842 MHz, 244.06 W
2026/08/17 20:29:26.619, 65, 2842 MHz, 244.90 W
2026/08/17 20:29:27.664, 65, 2842 MHz, 245.68 W
2026/08/17 20:29:28.710, 65, 2842 MHz, 245.60 W
2026/08/17 20:29:28.382, 65, 2842 MHz, 246.01 W
2026/08/17 20:29:29.427, 65, 2842 MHz, 245.68 W
2026/08/17 20:29:30.472, 65, 2842 MHz, 245.81 W
2026/08/17 20:29:31.518, 65, 2842 MHz, 246.29 W
2026/08/17 20:29:32.564, 65, 2842 MHz, 246.86 W
2026/08/17 20:29:33.610, 65, 2842 MHz, 247.52 W
2026/08/17 20:29:34.656, 65, 2842 MHz, 247.93 W
2026/08/17 20:29:35.701, 65, 2842 MHz, 247.94 W
2026/08/17 20:29:36.747, 65, 2842 MHz, 247.54 W
2026/08/17 20:29:37.792, 65, 2842 MHz, 247.77 W
2026/08/17 20:29:38.838, 65, 2842 MHz, 248.09 W
2026/08/17 20:29:39.883, 65, 2842 MHz, 248.63 W
2026/08/17 20:29:40.929, 65, 2842 MHz, 249.17 W
2026/08/17 20:29:41.975, 65, 2842 MHz, 249.22 W
2026/08/17 20:29:43.020, 65, 2842 MHz, 249.21 W
2026/08/17 20:29:44.066, 65, 2842 MHz, 248.82 W
2026/08/17 20:29:45.111, 65, 2842 MHz, 249.72 W
2026/08/17 20:29:46.157, 65, 2842 MHz, 250.09 W
2026/08/17 20:29:47.203, 65, 2842 MHz, 250.04 W
2026/08/17 20:29:48.249, 65, 2842 MHz, 250.60 W
2026/08/17 20:29:49.296, 65, 2842 MHz, 250.58 W
2026/08/17 20:29:50.341, 65, 2842 MHz, 250.64 W
2026/08/17 20:29:51.387, 65, 2842 MHz, 250.51 W
2026/08/17 20:29:52.432, 66, 2842 MHz, 250.67 W
2026/08/17 20:29:53.478, 66, 2842 MHz, 251.41 W
2026/08/17 20:29:54.524, 66, 2842 MHz, 250.90 W
2026/08/17 20:29:55.570, 66, 2842 MHz, 251.68 W
2026/08/17 20:29:56.615, 66, 2842 MHz, 252.17 W
2026/08/17 20:29:57.661, 66, 2842 MHz, 251.87 W
2026/08/17 20:29:58.706, 66, 2842 MHz, 252.00 W
2026/08/17 20:29:59.752, 66, 2842 MHz, 252.08 W
2026/08/17 20:29:59.427, 66, 2842 MHz, 252.85 W
2026/08/17 20:30:00.473, 66, 2842 MHz, 252.80 W
2026/08/17 20:30:01.519, 66, 2842 MHz, 252.92 W
2026/08/17 20:30:02.564, 75, 2820 MHz, 271.87 W
2026/08/17 20:30:03.610, 65, 2842 MHz, 243.21 W
2026/08/17 20:30:04.655, 65, 2842 MHz, 244.01 W
2026/08/17 20:30:05.701, 65, 2842 MHz, 244.45 W
2026/08/17 20:30:06.748, 65, 2842 MHz, 243.70 W
2026/08/17 20:30:07.794, 65, 2842 MHz, 243.73 W
2026/08/17 20:30:08.840, 65, 2842 MHz, 244.11 W
2026/08/17 20:30:09.886, 65, 2842 MHz, 245.28 W
2026/08/17 20:30:10.932, 65, 2842 MHz, 245.63 W
2026/08/17 20:30:11.979, 65, 2842 MHz, 246.32 W
2026/08/17 20:30:13.025, 65, 2842 MHz, 246.21 W
2026/08/17 20:30:14.071, 65, 2842 MHz, 245.89 W
2026/08/17 20:30:15.118, 65, 2842 MHz, 247.01 W
2026/08/17 20:30:16.164, 65, 2842 MHz, 247.12 W
2026/08/17 20:30:17.210, 65, 2842 MHz, 247.99 W
2026/08/17 20:30:18.257, 65, 2842 MHz, 248.42 W
2026/08/17 20:30:19.303, 65, 2842 MHz, 248.45 W
2026/08/17 20:30:20.349, 65, 2842 MHz, 247.99 W
2026/08/17 20:30:21.395, 65, 2842 MHz, 248.02 W
2026/08/17 20:30:22.442, 65, 2842 MHz, 248.59 W
2026/08/17 20:30:23.488, 65, 2842 MHz, 248.87 W
2026/08/17 20:30:24.534, 65, 2842 MHz, 248.99 W
2026/08/17 20:30:25.579, 65, 2842 MHz, 249.62 W
2026/08/17 20:30:26.625, 65, 2842 MHz, 249.43 W
2026/08/17 20:30:27.671, 65, 2842 MHz, 249.18 W
2026/08/17 20:30:28.717, 65, 2842 MHz, 249.67 W
2026/08/17 20:30:29.762, 65, 2842 MHz, 249.81 W
2026/08/17 20:30:29.430, 65, 2842 MHz, 250.56 W
2026/08/17 20:30:30.475, 65, 2842 MHz, 250.74 W
2026/08/17 20:30:31.521, 65, 2842 MHz, 251.04 W
2026/08/17 20:30:32.567, 66, 2842 MHz, 250.88 W
2026/08/17 20:30:33.613, 65, 2842 MHz, 250.49 W
2026/08/17 20:30:34.659, 66, 2842 MHz, 251.26 W
2026/08/17 20:30:35.705, 66, 2842 MHz, 251.66 W
2026/08/17 20:30:36.751, 65, 2842 MHz, 251.72 W
2026/08/17 20:30:37.796, 66, 2842 MHz, 252.27 W
2026/08/17 20:30:38.842, 66, 2842 MHz, 252.08 W
2026/08/17 20:30:39.890, 65, 2842 MHz, 252.40 W
2026/08/17 20:30:40.939, 66, 2842 MHz, 252.55 W
2026/08/17 20:30:41.987, 66, 2842 MHz, 252.83 W
2026/08/17 20:30:43.035, 66, 2842 MHz, 252.89 W
2026/08/17 20:30:44.084, 66, 2842 MHz, 252.77 W
2026/08/17 20:30:45.133, 66, 2842 MHz, 253.04 W
2026/08/17 20:30:46.181, 68, 2842 MHz, 270.46 W
2026/08/17 20:30:47.229, 65, 2842 MHz, 254.46 W
2026/08/17 20:30:48.276, 65, 2842 MHz, 243.86 W
2026/08/17 20:30:49.322, 65, 2842 MHz, 244.22 W
2026/08/17 20:30:50.369, 65, 2842 MHz, 244.12 W
2026/08/17 20:30:51.415, 65, 2842 MHz, 243.93 W
2026/08/17 20:30:52.461, 65, 2842 MHz, 244.59 W
2026/08/17 20:30:53.509, 65, 2842 MHz, 245.26 W
2026/08/17 20:30:54.555, 65, 2842 MHz, 245.67 W
2026/08/17 20:30:55.601, 65, 2842 MHz, 246.18 W
2026/08/17 20:30:56.646, 65, 2842 MHz, 246.55 W
2026/08/17 20:30:57.692, 65, 2842 MHz, 245.81 W
2026/08/17 20:30:58.737, 65, 2842 MHz, 247.09 W
2026/08/17 20:30:59.783, 65, 2842 MHz, 246.94 W
2026/08/17 20:31:00.828, 65, 2842 MHz, 247.73 W
2026/08/17 20:31:00.471, 65, 2842 MHz, 248.07 W
2026/08/17 20:31:01.517, 65, 2842 MHz, 248.22 W
2026/08/17 20:31:02.563, 65, 2842 MHz, 248.12 W
2026/08/17 20:31:03.608, 65, 2842 MHz, 247.70 W
2026/08/17 20:31:04.651, 65, 2842 MHz, 248.43 W
2026/08/17 20:31:05.694, 65, 2842 MHz, 248.68 W
2026/08/17 20:31:06.738, 65, 2842 MHz, 249.40 W
2026/08/17 20:31:07.781, 65, 2842 MHz, 249.30 W
2026/08/17 20:31:08.824, 65, 2842 MHz, 248.74 W
2026/08/17 20:31:09.868, 65, 2842 MHz, 249.10 W
2026/08/17 20:31:10.911, 65, 2842 MHz, 249.40 W
2026/08/17 20:31:11.958, 65, 2842 MHz, 249.67 W
2026/08/17 20:31:13.008, 65, 2842 MHz, 250.02 W
2026/08/17 20:31:14.056, 65, 2842 MHz, 249.41 W
2026/08/17 20:31:15.105, 65, 2842 MHz, 250.97 W
2026/08/17 20:31:16.154, 65, 2842 MHz, 250.73 W
2026/08/17 20:31:17.203, 65, 2842 MHz, 250.50 W
2026/08/17 20:31:18.252, 65, 2842 MHz, 250.94 W
2026/08/17 20:31:19.301, 65, 2842 MHz, 250.40 W
2026/08/17 20:31:20.350, 65, 2842 MHz, 251.35 W
2026/08/17 20:31:21.398, 66, 2842 MHz, 251.51 W
2026/08/17 20:31:22.448, 66, 2842 MHz, 252.06 W
2026/08/17 20:31:23.497, 66, 2842 MHz, 252.22 W
2026/08/17 20:31:24.546, 66, 2842 MHz, 251.34 W
2026/08/17 20:31:25.595, 66, 2842 MHz, 252.16 W
2026/08/17 20:31:26.643, 66, 2842 MHz, 252.25 W
2026/08/17 20:31:27.691, 66, 2842 MHz, 252.68 W
2026/08/17 20:31:28.735, 66, 2842 MHz, 252.86 W
2026/08/17 20:31:29.781, 66, 2842 MHz, 258.19 W
2026/08/17 20:31:30.826, 65, 2842 MHz, 264.74 W
2026/08/17 20:31:31.871, 65, 2842 MHz, 243.98 W
2026/08/17 20:31:31.517, 65, 2842 MHz, 244.63 W
2026/08/17 20:31:32.562, 65, 2842 MHz, 244.27 W
2026/08/17 20:31:33.608, 65, 2842 MHz, 242.99 W
2026/08/17 20:31:34.653, 65, 2842 MHz, 244.65 W
2026/08/17 20:31:35.698, 65, 2842 MHz, 245.30 W
2026/08/17 20:31:36.744, 65, 2842 MHz, 245.81 W
2026/08/17 20:31:37.790, 65, 2842 MHz, 245.74 W
2026/08/17 20:31:38.835, 65, 2842 MHz, 246.21 W
2026/08/17 20:31:39.881, 65, 2842 MHz, 246.12 W
2026/08/17 20:31:40.927, 65, 2842 MHz, 246.75 W
2026/08/17 20:31:41.972, 65, 2842 MHz, 247.38 W
2026/08/17 20:31:43.018, 65, 2842 MHz, 247.53 W
2026/08/17 20:31:44.064, 65, 2842 MHz, 247.58 W
2026/08/17 20:31:45.110, 65, 2842 MHz, 248.24 W
2026/08/17 20:31:46.156, 65, 2842 MHz, 248.04 W
2026/08/17 20:31:47.202, 65, 2842 MHz, 248.09 W
2026/08/17 20:31:48.249, 65, 2842 MHz, 248.42 W
2026/08/17 20:31:49.295, 65, 2842 MHz, 248.67 W
2026/08/17 20:31:50.341, 65, 2842 MHz, 249.41 W
2026/08/17 20:31:51.387, 65, 2842 MHz, 249.89 W
2026/08/17 20:31:52.432, 65, 2842 MHz, 249.90 W
2026/08/17 20:31:53.478, 65, 2842 MHz, 249.58 W
2026/08/17 20:31:54.524, 65, 2842 MHz, 249.13 W
2026/08/17 20:31:55.571, 65, 2842 MHz, 250.21 W
2026/08/17 20:31:56.617, 65, 2842 MHz, 250.35 W
2026/08/17 20:31:57.663, 65, 2842 MHz, 250.75 W
2026/08/17 20:31:58.709, 65, 2842 MHz, 250.95 W
2026/08/17 20:31:59.755, 65, 2842 MHz, 251.10 W
2026/08/17 20:32:00.800, 65, 2842 MHz, 250.95 W
2026/08/17 20:32:01.847, 65, 2842 MHz, 250.92 W
2026/08/17 20:32:02.892, 65, 2842 MHz, 250.91 W
2026/08/17 20:32:02.570, 65, 2842 MHz, 251.42 W
2026/08/17 20:32:03.616, 66, 2842 MHz, 251.29 W
2026/08/17 20:32:04.662, 66, 2842 MHz, 251.99 W
2026/08/17 20:32:05.708, 66, 2842 MHz, 252.48 W
2026/08/17 20:32:06.754, 66, 2842 MHz, 251.82 W
2026/08/17 20:32:07.800, 66, 2842 MHz, 252.03 W
2026/08/17 20:32:08.846, 66, 2842 MHz, 252.09 W
2026/08/17 20:32:09.892, 66, 2842 MHz, 252.85 W
2026/08/17 20:32:10.938, 66, 2842 MHz, 252.75 W
2026/08/17 20:32:11.983, 66, 2842 MHz, 252.86 W
2026/08/17 20:32:13.029, 66, 2842 MHz, 265.96 W
2026/08/17 20:32:14.074, 65, 2842 MHz, 243.10 W
2026/08/17 20:32:15.121, 65, 2842 MHz, 244.03 W
2026/08/17 20:32:16.166, 65, 2842 MHz, 244.21 W
2026/08/17 20:32:17.213, 65, 2842 MHz, 242.73 W
2026/08/17 20:32:18.259, 65, 2842 MHz, 244.16 W
2026/08/17 20:32:19.305, 65, 2842 MHz, 244.08 W
2026/08/17 20:32:20.351, 65, 2842 MHz, 245.42 W
2026/08/17 20:32:21.397, 65, 2842 MHz, 245.90 W
2026/08/17 20:32:22.442, 65, 2842 MHz, 246.45 W
2026/08/17 20:32:23.489, 65, 2842 MHz, 245.63 W
2026/08/17 20:32:24.535, 65, 2842 MHz, 246.13 W
2026/08/17 20:32:25.581, 65, 2842 MHz, 246.65 W
2026/08/17 20:32:26.626, 65, 2842 MHz, 247.10 W
2026/08/17 20:32:27.672, 65, 2842 MHz, 247.81 W
2026/08/17 20:32:28.718, 65, 2842 MHz, 248.00 W
2026/08/17 20:32:29.764, 65, 2842 MHz, 247.48 W
2026/08/17 20:32:30.810, 65, 2842 MHz, 247.92 W
2026/08/17 20:32:31.856, 65, 2842 MHz, 248.07 W
2026/08/17 20:32:32.902, 65, 2842 MHz, 248.59 W
2026/08/17 20:32:33.948, 65, 2842 MHz, 248.95 W
2026/08/17 20:32:33.616, 65, 2842 MHz, 248.96 W
2026/08/17 20:32:34.662, 65, 2842 MHz, 249.39 W
2026/08/17 20:32:35.709, 65, 2842 MHz, 248.76 W
2026/08/17 20:32:36.755, 65, 2842 MHz, 249.28 W
2026/08/17 20:32:37.801, 65, 2842 MHz, 249.25 W
2026/08/17 20:32:38.846, 65, 2842 MHz, 249.34 W
2026/08/17 20:32:39.892, 65, 2842 MHz, 250.43 W
2026/08/17 20:32:40.938, 65, 2842 MHz, 250.45 W
2026/08/17 20:32:41.984, 65, 2842 MHz, 250.79 W
2026/08/17 20:32:43.030, 65, 2842 MHz, 250.29 W
2026/08/17 20:32:44.075, 65, 2842 MHz, 250.17 W
2026/08/17 20:32:45.121, 65, 2842 MHz, 250.30 W
2026/08/17 20:32:46.166, 65, 2842 MHz, 250.79 W
2026/08/17 20:32:47.212, 65, 2842 MHz, 251.16 W
2026/08/17 20:32:48.258, 65, 2842 MHz, 251.37 W
2026/08/17 20:32:49.304, 65, 2842 MHz, 251.84 W
2026/08/17 20:32:50.349, 65, 2842 MHz, 251.74 W
2026/08/17 20:32:51.395, 66, 2842 MHz, 251.63 W
2026/08/17 20:32:52.441, 66, 2842 MHz, 252.27 W
2026/08/17 20:32:53.487, 66, 2842 MHz, 252.41 W
2026/08/17 20:32:54.533, 66, 2842 MHz, 252.52 W
2026/08/17 20:32:55.579, 66, 2842 MHz, 252.75 W
2026/08/17 20:32:56.625, 71, 2820 MHz, 268.11 W
2026/08/17 20:32:57.670, 65, 2842 MHz, 243.31 W
2026/08/17 20:32:58.717, 65, 2842 MHz, 243.79 W
2026/08/17 20:32:59.763, 65, 2842 MHz, 244.11 W
2026/08/17 20:33:00.808, 65, 2842 MHz, 243.16 W
2026/08/17 20:33:01.854, 65, 2842 MHz, 243.93 W
2026/08/17 20:33:02.899, 65, 2842 MHz, 244.79 W
2026/08/17 20:33:03.944, 65, 2842 MHz, 245.43 W
2026/08/17 20:33:04.989, 65, 2842 MHz, 245.84 W
2026/08/17 20:33:04.660, 65, 2842 MHz, 246.40 W
2026/08/17 20:33:05.706, 65, 2842 MHz, 246.03 W
2026/08/17 20:33:06.751, 65, 2842 MHz, 246.38 W
2026/08/17 20:33:07.797, 65, 2842 MHz, 246.59 W
2026/08/17 20:33:08.843, 65, 2842 MHz, 246.60 W
2026/08/17 20:33:09.889, 65, 2842 MHz, 247.14 W
2026/08/17 20:33:10.935, 65, 2842 MHz, 247.46 W
2026/08/17 20:33:11.980, 65, 2842 MHz, 247.41 W
2026/08/17 20:33:13.025, 65, 2842 MHz, 247.50 W
2026/08/17 20:33:14.072, 65, 2842 MHz, 247.09 W
2026/08/17 20:33:15.118, 65, 2842 MHz, 247.75 W
2026/08/17 20:33:16.164, 65, 2842 MHz, 248.24 W
2026/08/17 20:33:17.210, 65, 2842 MHz, 248.70 W
2026/08/17 20:33:18.257, 65, 2842 MHz, 249.29 W
2026/08/17 20:33:19.303, 65, 2842 MHz, 248.45 W
2026/08/17 20:33:20.350, 65, 2842 MHz, 248.83 W
2026/08/17 20:33:21.397, 65, 2842 MHz, 249.33 W
2026/08/17 20:33:22.443, 65, 2842 MHz, 249.83 W
2026/08/17 20:33:23.490, 65, 2842 MHz, 250.14 W
2026/08/17 20:33:24.537, 65, 2842 MHz, 249.88 W
2026/08/17 20:33:25.585, 65, 2842 MHz, 250.75 W
2026/08/17 20:33:26.632, 65, 2842 MHz, 250.66 W
2026/08/17 20:33:27.678, 65, 2842 MHz, 250.68 W
2026/08/17 20:33:28.725, 65, 2842 MHz, 251.36 W
2026/08/17 20:33:29.771, 65, 2842 MHz, 250.53 W
2026/08/17 20:33:30.817, 65, 2842 MHz, 251.47 W
2026/08/17 20:33:31.862, 65, 2842 MHz, 251.91 W
2026/08/17 20:33:32.907, 65, 2842 MHz, 252.22 W
2026/08/17 20:33:33.955, 65, 2842 MHz, 252.18 W
2026/08/17 20:33:35.001, 65, 2842 MHz, 251.05 W
2026/08/17 20:33:34.660, 65, 2842 MHz, 252.03 W
2026/08/17 20:33:35.706, 66, 2842 MHz, 252.35 W
2026/08/17 20:33:36.752, 65, 2842 MHz, 252.85 W
2026/08/17 20:33:37.798, 65, 2842 MHz, 253.01 W
2026/08/17 20:33:38.843, 72, 2842 MHz, 263.70 W
2026/08/17 20:33:39.889, 65, 2842 MHz, 243.27 W
2026/08/17 20:33:40.935, 65, 2842 MHz, 242.34 W
2026/08/17 20:33:41.981, 65, 2842 MHz, 242.89 W
2026/08/17 20:33:43.026, 65, 2842 MHz, 243.06 W
2026/08/17 20:33:44.071, 65, 2842 MHz, 242.45 W
2026/08/17 20:33:45.118, 65, 2842 MHz, 242.58 W
2026/08/17 20:33:46.167, 65, 2842 MHz, 242.58 W
2026/08/17 20:33:47.217, 65, 2842 MHz, 243.35 W
2026/08/17 20:33:48.268, 65, 2842 MHz, 243.70 W
2026/08/17 20:33:49.317, 65, 2842 MHz, 242.75 W
2026/08/17 20:33:50.368, 65, 2842 MHz, 242.14 W
2026/08/17 20:33:51.417, 64, 2842 MHz, 242.14 W
2026/08/17 20:33:52.467, 65, 2842 MHz, 243.00 W
2026/08/17 20:33:53.515, 65, 2842 MHz, 243.87 W
2026/08/17 20:33:54.562, 65, 2842 MHz, 244.21 W
2026/08/17 20:33:55.609, 65, 2842 MHz, 243.30 W
2026/08/17 20:33:56.657, 65, 2842 MHz, 241.84 W
2026/08/17 20:33:57.704, 65, 2842 MHz, 242.89 W
2026/08/17 20:33:58.751, 65, 2842 MHz, 243.22 W
2026/08/17 20:33:59.799, 65, 2842 MHz, 244.04 W
2026/08/17 20:34:00.846, 65, 2842 MHz, 245.13 W
2026/08/17 20:34:01.891, 65, 2842 MHz, 245.50 W
2026/08/17 20:34:02.937, 64, 2842 MHz, 242.87 W
2026/08/17 20:34:03.983, 65, 2842 MHz, 242.81 W
2026/08/17 20:34:05.028, 65, 2842 MHz, 243.45 W
2026/08/17 20:34:06.073, 65, 2842 MHz, 244.45 W
2026/08/17 20:34:05.701, 65, 2842 MHz, 245.65 W
2026/08/17 20:34:06.747, 65, 2842 MHz, 245.91 W
2026/08/17 20:34:07.793, 65, 2842 MHz, 245.80 W
2026/08/17 20:34:08.839, 65, 2842 MHz, 243.20 W
2026/08/17 20:34:09.885, 65, 2842 MHz, 243.65 W
2026/08/17 20:34:10.932, 65, 2842 MHz, 244.42 W
2026/08/17 20:34:11.977, 65, 2842 MHz, 245.07 W
2026/08/17 20:34:13.022, 65, 2842 MHz, 246.17 W
2026/08/17 20:34:14.068, 65, 2842 MHz, 246.21 W
2026/08/17 20:34:15.114, 65, 2842 MHz, 246.31 W
2026/08/17 20:34:16.159, 65, 2842 MHz, 243.63 W
2026/08/17 20:34:17.205, 65, 2842 MHz, 244.08 W
2026/08/17 20:34:18.251, 65, 2842 MHz, 244.77 W
2026/08/17 20:34:19.296, 65, 2842 MHz, 245.38 W
2026/08/17 20:34:20.342, 65, 2842 MHz, 246.47 W
2026/08/17 20:34:21.388, 65, 2842 MHz, 183.20 W
2026/08/17 20:34:22.434, 56, 2857 MHz, 66.45 W
2026/08/17 20:34:23.480, 54, 2760 MHz, 53.17 W
2026/08/17 20:34:24.526, 53, 450 MHz, 35.76 W
2026/08/17 20:34:25.572, 52, 285 MHz, 35.45 W
2026/08/17 20:34:26.618, 52, 285 MHz, 35.11 W
2026/08/17 20:34:27.664, 51, 202 MHz, 32.90 W
2026/08/17 20:34:28.710, 50, 180 MHz, 26.18 W
2026/08/17 20:34:29.757, 57, 2520 MHz, 102.55 W
2026/08/17 20:34:30.803, 60, 2857 MHz, 226.79 W
2026/08/17 20:34:31.850, 60, 2842 MHz, 227.70 W
2026/08/17 20:34:32.896, 61, 2842 MHz, 228.00 W
2026/08/17 20:34:33.942, 61, 2842 MHz, 229.19 W
2026/08/17 20:34:34.987, 61, 2842 MHz, 229.48 W
2026/08/17 20:34:36.033, 61, 2842 MHz, 230.24 W
2026/08/17 20:34:37.079, 61, 2842 MHz, 229.22 W
2026/08/17 20:34:36.747, 62, 2842 MHz, 228.95 W
2026/08/17 20:34:37.793, 62, 2842 MHz, 229.67 W
2026/08/17 20:34:38.838, 62, 2842 MHz, 230.18 W
2026/08/17 20:34:39.884, 62, 2842 MHz, 230.98 W
2026/08/17 20:34:40.930, 62, 2842 MHz, 231.34 W
2026/08/17 20:34:41.976, 62, 2842 MHz, 231.86 W
2026/08/17 20:34:43.022, 63, 2842 MHz, 232.19 W
2026/08/17 20:34:44.068, 63, 2842 MHz, 232.33 W
2026/08/17 20:34:45.114, 63, 2842 MHz, 232.40 W
2026/08/17 20:34:46.160, 63, 2842 MHz, 231.14 W
2026/08/17 20:34:47.206, 63, 2842 MHz, 230.40 W
2026/08/17 20:34:48.251, 63, 2842 MHz, 231.15 W
2026/08/17 20:34:49.297, 63, 2842 MHz, 231.05 W
2026/08/17 20:34:50.343, 63, 2842 MHz, 233.05 W
2026/08/17 20:34:51.389, 64, 2842 MHz, 233.90 W
2026/08/17 20:34:52.435, 64, 2842 MHz, 234.53 W
2026/08/17 20:34:53.481, 64, 2842 MHz, 234.56 W
2026/08/17 20:34:54.528, 64, 2842 MHz, 234.56 W
2026/08/17 20:34:55.574, 64, 2842 MHz, 234.06 W
2026/08/17 20:34:56.621, 64, 2842 MHz, 232.46 W
2026/08/17 20:34:57.666, 64, 2842 MHz, 231.87 W
2026/08/17 20:34:58.712, 64, 2842 MHz, 231.79 W
2026/08/17 20:34:59.758, 64, 2842 MHz, 232.17 W
2026/08/17 20:35:00.803, 64, 2842 MHz, 232.75 W
2026/08/17 20:35:01.849, 64, 2842 MHz, 232.55 W
2026/08/17 20:35:02.895, 65, 2842 MHz, 235.29 W
2026/08/17 20:35:03.941, 65, 2842 MHz, 236.49 W
2026/08/17 20:35:04.987, 65, 2842 MHz, 236.24 W
2026/08/17 20:35:06.034, 65, 2842 MHz, 235.78 W
2026/08/17 20:35:07.079, 65, 2842 MHz, 234.26 W
2026/08/17 20:35:08.125, 68, 2835 MHz, 249.88 W
2026/08/17 20:35:07.789, 65, 2842 MHz, 240.14 W
2026/08/17 20:35:08.835, 65, 2842 MHz, 243.81 W
2026/08/17 20:35:09.880, 66, 2842 MHz, 244.47 W
2026/08/17 20:35:10.926, 66, 2842 MHz, 243.68 W
2026/08/17 20:35:11.971, 66, 2842 MHz, 244.53 W
2026/08/17 20:35:13.017, 66, 2842 MHz, 245.50 W
2026/08/17 20:35:14.063, 66, 2842 MHz, 245.74 W
2026/08/17 20:35:15.109, 66, 2842 MHz, 246.33 W
2026/08/17 20:35:16.155, 66, 2842 MHz, 247.17 W
2026/08/17 20:35:17.201, 66, 2842 MHz, 246.32 W
2026/08/17 20:35:18.247, 66, 2842 MHz, 247.20 W
2026/08/17 20:35:19.293, 66, 2842 MHz, 246.97 W
2026/08/17 20:35:20.339, 66, 2842 MHz, 247.79 W
2026/08/17 20:35:21.385, 66, 2842 MHz, 248.64 W
2026/08/17 20:35:22.431, 66, 2842 MHz, 249.02 W
2026/08/17 20:35:23.478, 66, 2842 MHz, 249.00 W
2026/08/17 20:35:24.523, 66, 2842 MHz, 248.33 W
2026/08/17 20:35:25.570, 66, 2842 MHz, 248.90 W
2026/08/17 20:35:26.616, 66, 2842 MHz, 249.16 W
2026/08/17 20:35:27.662, 66, 2842 MHz, 249.46 W
2026/08/17 20:35:28.709, 66, 2842 MHz, 250.00 W
2026/08/17 20:35:29.755, 66, 2842 MHz, 250.25 W
2026/08/17 20:35:30.801, 66, 2842 MHz, 250.19 W
2026/08/17 20:35:31.847, 66, 2842 MHz, 250.50 W
2026/08/17 20:35:32.893, 66, 2842 MHz, 250.73 W
2026/08/17 20:35:33.940, 66, 2842 MHz, 251.06 W
2026/08/17 20:35:34.986, 66, 2842 MHz, 250.67 W
2026/08/17 20:35:36.032, 67, 2842 MHz, 251.49 W
2026/08/17 20:35:37.078, 66, 2842 MHz, 251.55 W
2026/08/17 20:35:38.123, 66, 2842 MHz, 251.35 W
2026/08/17 20:35:39.169, 67, 2842 MHz, 251.10 W
2026/08/17 20:35:38.833, 67, 2842 MHz, 251.05 W
2026/08/17 20:35:39.879, 67, 2842 MHz, 252.01 W
2026/08/17 20:35:40.925, 67, 2842 MHz, 252.22 W
2026/08/17 20:35:41.971, 67, 2842 MHz, 252.66 W
2026/08/17 20:35:43.017, 67, 2842 MHz, 252.97 W
2026/08/17 20:35:44.062, 67, 2842 MHz, 252.26 W
2026/08/17 20:35:45.108, 67, 2842 MHz, 252.64 W
2026/08/17 20:35:46.155, 67, 2842 MHz, 252.94 W
2026/08/17 20:35:47.201, 67, 2842 MHz, 253.32 W
2026/08/17 20:35:48.247, 67, 2842 MHz, 253.78 W
2026/08/17 20:35:49.293, 67, 2842 MHz, 253.59 W
2026/08/17 20:35:50.339, 67, 2827 MHz, 269.84 W
2026/08/17 20:35:51.386, 66, 2842 MHz, 244.68 W
2026/08/17 20:35:52.432, 66, 2842 MHz, 244.86 W
2026/08/17 20:35:53.478, 66, 2842 MHz, 245.70 W
2026/08/17 20:35:54.525, 66, 2842 MHz, 244.11 W
2026/08/17 20:35:55.571, 66, 2842 MHz, 244.73 W
2026/08/17 20:35:56.617, 66, 2842 MHz, 245.67 W
2026/08/17 20:35:57.664, 66, 2842 MHz, 246.35 W
2026/08/17 20:35:58.710, 66, 2842 MHz, 246.88 W
2026/08/17 20:35:59.757, 66, 2842 MHz, 246.95 W
2026/08/17 20:36:00.803, 66, 2842 MHz, 247.38 W
2026/08/17 20:36:01.849, 66, 2842 MHz, 247.09 W
2026/08/17 20:36:02.894, 66, 2842 MHz, 247.65 W
2026/08/17 20:36:03.940, 66, 2842 MHz, 248.08 W
2026/08/17 20:36:04.986, 66, 2842 MHz, 248.05 W
2026/08/17 20:36:06.031, 66, 2842 MHz, 248.70 W
2026/08/17 20:36:07.077, 66, 2842 MHz, 248.76 W
2026/08/17 20:36:08.123, 66, 2842 MHz, 248.42 W
2026/08/17 20:36:09.168, 66, 2842 MHz, 248.93 W
2026/08/17 20:36:10.215, 66, 2842 MHz, 248.77 W
2026/08/17 20:36:09.879, 66, 2842 MHz, 249.38 W
2026/08/17 20:36:10.925, 66, 2842 MHz, 249.93 W
2026/08/17 20:36:11.971, 66, 2842 MHz, 250.40 W
2026/08/17 20:36:13.017, 66, 2842 MHz, 250.09 W
2026/08/17 20:36:14.063, 66, 2842 MHz, 249.50 W
2026/08/17 20:36:15.109, 66, 2842 MHz, 250.48 W
2026/08/17 20:36:16.156, 66, 2842 MHz, 250.83 W
2026/08/17 20:36:17.202, 66, 2842 MHz, 251.24 W
2026/08/17 20:36:18.250, 66, 2842 MHz, 251.43 W
2026/08/17 20:36:19.298, 66, 2842 MHz, 251.80 W
2026/08/17 20:36:20.346, 66, 2842 MHz, 251.63 W
2026/08/17 20:36:21.393, 66, 2842 MHz, 251.35 W
2026/08/17 20:36:22.442, 66, 2842 MHz, 251.82 W
2026/08/17 20:36:23.490, 66, 2842 MHz, 251.71 W
2026/08/17 20:36:24.538, 66, 2842 MHz, 251.76 W
2026/08/17 20:36:25.586, 66, 2842 MHz, 252.76 W
2026/08/17 20:36:26.634, 66, 2842 MHz, 252.87 W
2026/08/17 20:36:27.681, 66, 2842 MHz, 252.59 W
2026/08/17 20:36:28.729, 66, 2842 MHz, 252.34 W
2026/08/17 20:36:29.776, 66, 2842 MHz, 252.48 W
2026/08/17 20:36:30.824, 66, 2842 MHz, 252.88 W
2026/08/17 20:36:31.871, 66, 2842 MHz, 253.32 W
2026/08/17 20:36:32.919, 66, 2842 MHz, 253.36 W
2026/08/17 20:36:33.966, 74, 2827 MHz, 269.00 W
2026/08/17 20:36:35.011, 65, 2842 MHz, 243.98 W
2026/08/17 20:36:36.056, 65, 2842 MHz, 244.38 W
2026/08/17 20:36:37.100, 65, 2842 MHz, 244.90 W
2026/08/17 20:36:38.145, 65, 2842 MHz, 243.77 W
2026/08/17 20:36:39.189, 65, 2842 MHz, 243.99 W
2026/08/17 20:36:40.234, 65, 2842 MHz, 244.80 W
2026/08/17 20:36:39.879, 65, 2842 MHz, 245.97 W
2026/08/17 20:36:40.924, 65, 2842 MHz, 246.76 W
2026/08/17 20:36:41.969, 65, 2842 MHz, 246.71 W
2026/08/17 20:36:43.015, 65, 2842 MHz, 247.04 W
2026/08/17 20:36:44.061, 65, 2842 MHz, 246.15 W
2026/08/17 20:36:45.107, 65, 2842 MHz, 247.27 W
2026/08/17 20:36:46.153, 65, 2842 MHz, 247.57 W
2026/08/17 20:36:47.199, 65, 2842 MHz, 247.62 W
2026/08/17 20:36:48.245, 65, 2842 MHz, 248.23 W
2026/08/17 20:36:49.290, 65, 2842 MHz, 248.12 W
2026/08/17 20:36:50.339, 65, 2842 MHz, 247.92 W
2026/08/17 20:36:51.393, 65, 2842 MHz, 248.01 W
2026/08/17 20:36:52.449, 65, 2842 MHz, 248.34 W
2026/08/17 20:36:53.504, 65, 2842 MHz, 248.85 W
2026/08/17 20:36:54.559, 65, 2842 MHz, 248.85 W
2026/08/17 20:36:55.614, 65, 2842 MHz, 249.79 W
2026/08/17 20:36:56.669, 65, 2842 MHz, 249.34 W
2026/08/17 20:36:57.725, 65, 2842 MHz, 249.12 W
2026/08/17 20:36:58.775, 65, 2842 MHz, 249.71 W
2026/08/17 20:36:59.821, 65, 2842 MHz, 249.80 W
2026/08/17 20:37:00.868, 65, 2842 MHz, 250.35 W
2026/08/17 20:37:01.915, 65, 2842 MHz, 250.42 W
2026/08/17 20:37:02.962, 66, 2842 MHz, 251.41 W
2026/08/17 20:37:04.008, 65, 2842 MHz, 251.43 W
2026/08/17 20:37:05.054, 66, 2842 MHz, 251.00 W
2026/08/17 20:37:06.100, 65, 2842 MHz, 251.62 W
2026/08/17 20:37:07.143, 65, 2842 MHz, 251.63 W
2026/08/17 20:37:08.185, 66, 2842 MHz, 251.76 W
2026/08/17 20:37:09.227, 66, 2842 MHz, 252.26 W
2026/08/17 20:37:10.270, 65, 2842 MHz, 252.24 W
2026/08/17 20:37:11.312, 66, 2842 MHz, 252.71 W
2026/08/17 20:37:10.925, 66, 2842 MHz, 252.11 W
2026/08/17 20:37:11.968, 66, 2842 MHz, 252.79 W
2026/08/17 20:37:13.010, 66, 2842 MHz, 252.63 W
2026/08/17 20:37:14.053, 66, 2842 MHz, 252.88 W
2026/08/17 20:37:15.097, 66, 2842 MHz, 253.26 W
2026/08/17 20:37:16.143, 66, 2842 MHz, 259.89 W
2026/08/17 20:37:17.189, 65, 2842 MHz, 261.39 W
2026/08/17 20:37:18.234, 65, 2842 MHz, 243.87 W
2026/08/17 20:37:19.280, 65, 2842 MHz, 244.15 W
2026/08/17 20:37:20.326, 65, 2842 MHz, 244.54 W
2026/08/17 20:37:21.371, 65, 2842 MHz, 243.42 W
2026/08/17 20:37:22.417, 65, 2842 MHz, 244.76 W
2026/08/17 20:37:23.463, 65, 2842 MHz, 245.51 W
2026/08/17 20:37:24.509, 65, 2842 MHz, 245.86 W
2026/08/17 20:37:25.556, 65, 2842 MHz, 246.40 W
2026/08/17 20:37:26.602, 65, 2842 MHz, 246.92 W
2026/08/17 20:37:27.648, 65, 2842 MHz, 246.00 W
2026/08/17 20:37:28.694, 65, 2842 MHz, 246.88 W
2026/08/17 20:37:29.741, 65, 2842 MHz, 247.22 W
2026/08/17 20:37:30.786, 65, 2842 MHz, 247.85 W
2026/08/17 20:37:31.832, 65, 2842 MHz, 248.35 W
2026/08/17 20:37:32.878, 65, 2842 MHz, 248.49 W
2026/08/17 20:37:33.924, 65, 2842 MHz, 248.27 W
2026/08/17 20:37:34.971, 65, 2842 MHz, 247.88 W
2026/08/17 20:37:36.017, 65, 2842 MHz, 248.59 W
2026/08/17 20:37:37.064, 65, 2842 MHz, 249.33 W
2026/08/17 20:37:38.110, 65, 2842 MHz, 249.37 W
2026/08/17 20:37:39.157, 65, 2842 MHz, 249.84 W
2026/08/17 20:37:40.203, 65, 2842 MHz, 249.80 W
2026/08/17 20:37:41.249, 65, 2842 MHz, 249.55 W
2026/08/17 20:37:42.295, 65, 2842 MHz, 249.85 W
2026/08/17 20:37:41.973, 65, 2842 MHz, 250.16 W
2026/08/17 20:37:43.019, 65, 2842 MHz, 250.53 W
2026/08/17 20:37:44.065, 65, 2842 MHz, 250.26 W
2026/08/17 20:37:45.111, 65, 2842 MHz, 250.52 W
2026/08/17 20:37:46.157, 65, 2842 MHz, 251.12 W
2026/08/17 20:37:47.202, 65, 2842 MHz, 250.82 W
2026/08/17 20:37:48.248, 65, 2842 MHz, 251.19 W
2026/08/17 20:37:49.294, 65, 2842 MHz, 250.86 W
2026/08/17 20:37:50.340, 65, 2842 MHz, 251.54 W
2026/08/17 20:37:51.387, 65, 2842 MHz, 251.90 W
2026/08/17 20:37:52.432, 66, 2842 MHz, 252.33 W
2026/08/17 20:37:53.479, 65, 2842 MHz, 252.57 W
2026/08/17 20:37:54.525, 66, 2842 MHz, 251.47 W
2026/08/17 20:37:55.571, 66, 2842 MHz, 252.22 W
2026/08/17 20:37:56.617, 66, 2842 MHz, 252.49 W
2026/08/17 20:37:57.664, 66, 2842 MHz, 253.10 W
2026/08/17 20:37:58.710, 66, 2842 MHz, 253.41 W
2026/08/17 20:37:59.757, 66, 2842 MHz, 252.96 W
2026/08/17 20:38:00.803, 65, 2842 MHz, 262.35 W
2026/08/17 20:38:01.850, 65, 2842 MHz, 243.93 W
2026/08/17 20:38:02.896, 65, 2842 MHz, 244.41 W
2026/08/17 20:38:03.942, 65, 2842 MHz, 244.58 W
2026/08/17 20:38:04.989, 65, 2842 MHz, 242.61 W
2026/08/17 20:38:06.035, 65, 2842 MHz, 244.61 W
2026/08/17 20:38:07.082, 65, 2842 MHz, 245.20 W
2026/08/17 20:38:08.128, 65, 2842 MHz, 245.88 W
2026/08/17 20:38:09.174, 65, 2842 MHz, 246.18 W
2026/08/17 20:38:10.220, 65, 2842 MHz, 246.16 W
2026/08/17 20:38:11.267, 65, 2842 MHz, 245.81 W
2026/08/17 20:38:12.312, 65, 2842 MHz, 246.60 W
2026/08/17 20:38:13.359, 65, 2842 MHz, 247.06 W
2026/08/17 20:38:13.019, 65, 2842 MHz, 247.69 W
2026/08/17 20:38:14.065, 65, 2842 MHz, 247.44 W
2026/08/17 20:38:15.111, 65, 2842 MHz, 248.49 W
2026/08/17 20:38:16.157, 65, 2842 MHz, 247.82 W
2026/08/17 20:38:17.202, 65, 2842 MHz, 247.74 W
2026/08/17 20:38:18.248, 65, 2842 MHz, 247.99 W
2026/08/17 20:38:19.293, 65, 2842 MHz, 248.35 W
2026/08/17 20:38:20.340, 65, 2842 MHz, 249.02 W
2026/08/17 20:38:21.386, 65, 2842 MHz, 249.25 W
2026/08/17 20:38:22.432, 65, 2842 MHz, 249.71 W
2026/08/17 20:38:23.478, 65, 2842 MHz, 249.41 W
2026/08/17 20:38:24.524, 65, 2842 MHz, 249.29 W
2026/08/17 20:38:25.571, 65, 2842 MHz, 249.84 W
2026/08/17 20:38:26.617, 65, 2842 MHz, 250.33 W
2026/08/17 20:38:27.663, 65, 2842 MHz, 250.84 W
2026/08/17 20:38:28.708, 65, 2842 MHz, 250.86 W
2026/08/17 20:38:29.754, 65, 2842 MHz, 251.31 W
2026/08/17 20:38:30.800, 65, 2842 MHz, 251.03 W
2026/08/17 20:38:31.846, 65, 2842 MHz, 250.88 W
2026/08/17 20:38:32.891, 65, 2842 MHz, 251.16 W
2026/08/17 20:38:33.937, 65, 2842 MHz, 251.06 W
2026/08/17 20:38:34.984, 65, 2842 MHz, 251.13 W
2026/08/17 20:38:36.030, 65, 2842 MHz, 251.88 W
2026/08/17 20:38:37.076, 65, 2842 MHz, 252.28 W
2026/08/17 20:38:38.122, 66, 2842 MHz, 252.18 W
2026/08/17 20:38:39.168, 65, 2842 MHz, 251.42 W
2026/08/17 20:38:40.215, 65, 2842 MHz, 252.20 W
2026/08/17 20:38:41.261, 66, 2842 MHz, 252.59 W
2026/08/17 20:38:42.307, 66, 2842 MHz, 252.72 W
2026/08/17 20:38:43.353, 66, 2842 MHz, 253.20 W
2026/08/17 20:38:44.400, 66, 2835 MHz, 264.58 W
2026/08/17 20:38:44.062, 65, 2842 MHz, 243.09 W
2026/08/17 20:38:45.108, 65, 2842 MHz, 244.09 W
2026/08/17 20:38:46.154, 65, 2842 MHz, 244.53 W
2026/08/17 20:38:47.200, 65, 2842 MHz, 243.35 W
2026/08/17 20:38:48.245, 65, 2842 MHz, 244.23 W
2026/08/17 20:38:49.291, 65, 2842 MHz, 244.76 W
2026/08/17 20:38:50.336, 65, 2842 MHz, 245.72 W
2026/08/17 20:38:51.382, 65, 2842 MHz, 246.44 W
2026/08/17 20:38:52.429, 65, 2842 MHz, 246.76 W
2026/08/17 20:38:53.475, 65, 2842 MHz, 246.27 W
2026/08/17 20:38:54.522, 65, 2842 MHz, 246.20 W
2026/08/17 20:38:55.569, 65, 2842 MHz, 247.15 W
2026/08/17 20:38:56.615, 65, 2842 MHz, 247.44 W
2026/08/17 20:38:57.662, 65, 2842 MHz, 247.57 W
2026/08/17 20:38:58.709, 65, 2842 MHz, 247.89 W
2026/08/17 20:38:59.756, 65, 2842 MHz, 247.78 W
2026/08/17 20:39:00.803, 65, 2842 MHz, 247.41 W
2026/08/17 20:39:01.850, 65, 2842 MHz, 248.22 W
2026/08/17 20:39:02.898, 65, 2842 MHz, 248.58 W
2026/08/17 20:39:03.945, 65, 2842 MHz, 248.90 W
2026/08/17 20:39:04.993, 65, 2842 MHz, 248.77 W
2026/08/17 20:39:06.040, 65, 2842 MHz, 249.86 W
2026/08/17 20:39:07.088, 65, 2842 MHz, 249.71 W
2026/08/17 20:39:08.135, 65, 2842 MHz, 249.31 W
2026/08/17 20:39:09.181, 65, 2842 MHz, 249.97 W
2026/08/17 20:39:10.228, 65, 2842 MHz, 249.90 W
2026/08/17 20:39:11.274, 65, 2842 MHz, 250.53 W
2026/08/17 20:39:12.321, 65, 2842 MHz, 250.53 W
2026/08/17 20:39:13.367, 65, 2842 MHz, 251.08 W
2026/08/17 20:39:14.413, 65, 2842 MHz, 250.49 W
2026/08/17 20:39:14.063, 65, 2842 MHz, 250.22 W
2026/08/17 20:39:15.109, 65, 2842 MHz, 251.01 W
2026/08/17 20:39:16.154, 65, 2842 MHz, 251.11 W
2026/08/17 20:39:17.200, 65, 2842 MHz, 251.42 W
2026/08/17 20:39:18.244, 65, 2842 MHz, 251.96 W
2026/08/17 20:39:19.289, 65, 2842 MHz, 251.83 W
2026/08/17 20:39:20.334, 65, 2842 MHz, 252.23 W
2026/08/17 20:39:21.380, 65, 2842 MHz, 251.49 W
2026/08/17 20:39:22.425, 66, 2842 MHz, 252.06 W
2026/08/17 20:39:23.470, 66, 2842 MHz, 252.26 W
2026/08/17 20:39:24.519, 66, 2842 MHz, 252.10 W
2026/08/17 20:39:25.567, 66, 2842 MHz, 252.95 W
2026/08/17 20:39:26.615, 73, 2835 MHz, 266.70 W
2026/08/17 20:39:27.664, 65, 2842 MHz, 243.32 W
2026/08/17 20:39:28.712, 65, 2842 MHz, 243.71 W
2026/08/17 20:39:29.761, 65, 2842 MHz, 243.79 W
2026/08/17 20:39:30.809, 65, 2842 MHz, 243.07 W
2026/08/17 20:39:31.858, 65, 2842 MHz, 242.92 W
2026/08/17 20:39:32.907, 65, 2842 MHz, 244.32 W
2026/08/17 20:39:33.957, 65, 2842 MHz, 244.76 W
2026/08/17 20:39:35.006, 65, 2842 MHz, 245.29 W
2026/08/17 20:39:36.056, 65, 2842 MHz, 246.16 W
2026/08/17 20:39:37.105, 65, 2842 MHz, 246.09 W
2026/08/17 20:39:38.155, 65, 2842 MHz, 246.00 W
2026/08/17 20:39:39.205, 65, 2842 MHz, 246.65 W
2026/08/17 20:39:40.252, 65, 2842 MHz, 247.06 W
2026/08/17 20:39:41.298, 65, 2842 MHz, 247.52 W
2026/08/17 20:39:42.343, 65, 2842 MHz, 247.77 W
2026/08/17 20:39:43.388, 65, 2842 MHz, 248.11 W
2026/08/17 20:39:44.433, 65, 2842 MHz, 247.55 W
2026/08/17 20:39:45.478, 65, 2842 MHz, 247.56 W
2026/08/17 20:39:45.107, 65, 2842 MHz, 248.18 W
2026/08/17 20:39:46.153, 65, 2842 MHz, 248.50 W
2026/08/17 20:39:47.199, 65, 2842 MHz, 249.02 W
2026/08/17 20:39:48.244, 65, 2842 MHz, 249.31 W
2026/08/17 20:39:49.291, 65, 2842 MHz, 248.75 W
2026/08/17 20:39:50.338, 65, 2842 MHz, 248.82 W
2026/08/17 20:39:51.384, 65, 2842 MHz, 249.53 W
2026/08/17 20:39:52.431, 65, 2842 MHz, 249.71 W
2026/08/17 20:39:53.478, 65, 2842 MHz, 249.86 W
2026/08/17 20:39:54.524, 65, 2842 MHz, 249.77 W
2026/08/17 20:39:55.571, 65, 2842 MHz, 249.77 W
2026/08/17 20:39:56.620, 65, 2842 MHz, 250.00 W
2026/08/17 20:39:57.668, 65, 2842 MHz, 250.10 W
2026/08/17 20:39:58.716, 65, 2842 MHz, 250.66 W
2026/08/17 20:39:59.765, 65, 2842 MHz, 250.42 W
2026/08/17 20:40:00.814, 65, 2842 MHz, 250.60 W
2026/08/17 20:40:01.862, 65, 2842 MHz, 251.20 W
2026/08/17 20:40:02.911, 66, 2842 MHz, 251.71 W
2026/08/17 20:40:03.959, 65, 2842 MHz, 251.62 W
2026/08/17 20:40:05.006, 65, 2842 MHz, 250.76 W
2026/08/17 20:40:06.052, 66, 2842 MHz, 251.33 W
2026/08/17 20:40:07.099, 65, 2842 MHz, 251.69 W
2026/08/17 20:40:08.145, 66, 2842 MHz, 252.06 W
2026/08/17 20:40:09.192, 66, 2842 MHz, 252.44 W
2026/08/17 20:40:10.238, 66, 2842 MHz, 268.64 W
2026/08/17 20:40:11.284, 65, 2842 MHz, 248.46 W
2026/08/17 20:40:12.331, 65, 2842 MHz, 243.62 W
2026/08/17 20:40:13.377, 65, 2842 MHz, 244.19 W
2026/08/17 20:40:14.424, 65, 2842 MHz, 243.73 W
2026/08/17 20:40:15.470, 65, 2842 MHz, 242.54 W
2026/08/17 20:40:16.516, 65, 2842 MHz, 244.09 W
2026/08/17 20:40:16.160, 65, 2842 MHz, 244.95 W
2026/08/17 20:40:17.206, 65, 2842 MHz, 245.39 W
2026/08/17 20:40:18.252, 65, 2842 MHz, 245.93 W
2026/08/17 20:40:19.298, 65, 2842 MHz, 245.51 W
2026/08/17 20:40:20.345, 65, 2842 MHz, 245.50 W
2026/08/17 20:40:21.391, 65, 2842 MHz, 246.38 W
2026/08/17 20:40:22.438, 65, 2842 MHz, 246.94 W
2026/08/17 20:40:23.484, 65, 2842 MHz, 247.14 W
2026/08/17 20:40:24.530, 65, 2842 MHz, 246.90 W
2026/08/17 20:40:25.576, 65, 2842 MHz, 247.97 W
2026/08/17 20:40:26.623, 65, 2842 MHz, 247.14 W
2026/08/17 20:40:27.670, 65, 2842 MHz, 247.21 W
2026/08/17 20:40:28.716, 65, 2842 MHz, 248.03 W
2026/08/17 20:40:29.762, 65, 2842 MHz, 247.65 W
2026/08/17 20:40:30.809, 65, 2842 MHz, 248.68 W
2026/08/17 20:40:31.855, 65, 2842 MHz, 249.16 W
2026/08/17 20:40:32.902, 65, 2842 MHz, 249.07 W
2026/08/17 20:40:33.948, 65, 2842 MHz, 248.51 W
2026/08/17 20:40:34.994, 65, 2842 MHz, 248.47 W
2026/08/17 20:40:36.040, 65, 2842 MHz, 249.59 W
2026/08/17 20:40:37.086, 65, 2842 MHz, 249.99 W
2026/08/17 20:40:38.133, 65, 2842 MHz, 250.51 W
2026/08/17 20:40:39.179, 65, 2842 MHz, 250.27 W
2026/08/17 20:40:40.225, 65, 2842 MHz, 250.08 W
2026/08/17 20:40:41.271, 65, 2842 MHz, 250.24 W
2026/08/17 20:40:42.318, 65, 2842 MHz, 250.84 W
2026/08/17 20:40:43.364, 65, 2842 MHz, 250.82 W
2026/08/17 20:40:44.411, 65, 2842 MHz, 250.59 W
2026/08/17 20:40:45.457, 65, 2842 MHz, 250.96 W
2026/08/17 20:40:46.503, 66, 2842 MHz, 251.47 W
2026/08/17 20:40:47.550, 65, 2842 MHz, 251.68 W
2026/08/17 20:40:47.206, 66, 2842 MHz, 251.48 W
2026/08/17 20:40:48.252, 66, 2842 MHz, 251.41 W
2026/08/17 20:40:49.299, 66, 2842 MHz, 251.81 W
2026/08/17 20:40:50.345, 66, 2842 MHz, 252.57 W
2026/08/17 20:40:51.391, 65, 2842 MHz, 253.02 W
2026/08/17 20:40:52.437, 66, 2842 MHz, 260.84 W
2026/08/17 20:40:53.484, 65, 2842 MHz, 259.82 W
2026/08/17 20:40:54.530, 65, 2842 MHz, 242.88 W
2026/08/17 20:40:55.576, 65, 2842 MHz, 244.13 W
2026/08/17 20:40:56.622, 65, 2842 MHz, 243.82 W
2026/08/17 20:40:57.669, 65, 2842 MHz, 242.82 W
2026/08/17 20:40:58.715, 65, 2842 MHz, 244.11 W
2026/08/17 20:40:59.762, 65, 2842 MHz, 244.86 W
2026/08/17 20:41:00.808, 65, 2842 MHz, 245.49 W
2026/08/17 20:41:01.855, 65, 2842 MHz, 246.06 W
2026/08/17 20:41:02.901, 65, 2842 MHz, 245.81 W
2026/08/17 20:41:03.948, 65, 2842 MHz, 245.37 W
2026/08/17 20:41:04.994, 65, 2842 MHz, 246.04 W
2026/08/17 20:41:06.040, 65, 2842 MHz, 247.10 W
2026/08/17 20:41:07.086, 65, 2842 MHz, 247.32 W
2026/08/17 20:41:08.133, 65, 2842 MHz, 247.34 W
2026/08/17 20:41:09.179, 65, 2842 MHz, 247.71 W
2026/08/17 20:41:10.226, 65, 2842 MHz, 247.09 W
2026/08/17 20:41:11.272, 65, 2842 MHz, 247.53 W
2026/08/17 20:41:12.318, 65, 2842 MHz, 247.87 W
2026/08/17 20:41:13.365, 65, 2842 MHz, 248.18 W
2026/08/17 20:41:14.411, 65, 2842 MHz, 248.73 W
2026/08/17 20:41:15.458, 65, 2842 MHz, 248.97 W
2026/08/17 20:41:16.504, 65, 2842 MHz, 249.60 W
2026/08/17 20:41:17.550, 65, 2842 MHz, 249.21 W
2026/08/17 20:41:18.596, 65, 2842 MHz, 249.06 W
2026/08/17 20:41:18.252, 65, 2842 MHz, 249.77 W
2026/08/17 20:41:19.298, 65, 2842 MHz, 249.86 W
2026/08/17 20:41:20.344, 65, 2842 MHz, 250.48 W
2026/08/17 20:41:21.390, 65, 2842 MHz, 250.45 W
2026/08/17 20:41:22.437, 65, 2842 MHz, 250.57 W
2026/08/17 20:41:23.483, 65, 2842 MHz, 250.50 W
2026/08/17 20:41:24.529, 65, 2842 MHz, 250.47 W
2026/08/17 20:41:25.575, 65, 2842 MHz, 250.78 W
2026/08/17 20:41:26.621, 65, 2842 MHz, 251.20 W
2026/08/17 20:41:27.667, 66, 2842 MHz, 251.37 W
2026/08/17 20:41:28.713, 66, 2842 MHz, 251.51 W
2026/08/17 20:41:29.759, 66, 2842 MHz, 251.68 W
2026/08/17 20:41:30.806, 66, 2842 MHz, 251.85 W
2026/08/17 20:41:31.852, 65, 2842 MHz, 251.75 W
2026/08/17 20:41:32.898, 66, 2842 MHz, 252.38 W
2026/08/17 20:41:33.944, 66, 2842 MHz, 252.73 W
2026/08/17 20:41:34.991, 66, 2842 MHz, 252.53 W
2026/08/17 20:41:36.037, 66, 2842 MHz, 252.93 W
2026/08/17 20:41:37.084, 66, 2835 MHz, 262.20 W
2026/08/17 20:41:38.131, 65, 2842 MHz, 243.29 W
2026/08/17 20:41:39.178, 65, 2842 MHz, 243.72 W
2026/08/17 20:41:40.224, 65, 2842 MHz, 243.78 W
2026/08/17 20:41:41.270, 65, 2842 MHz, 242.72 W
2026/08/17 20:41:42.317, 65, 2842 MHz, 243.51 W
2026/08/17 20:41:43.363, 65, 2842 MHz, 244.69 W
2026/08/17 20:41:44.409, 65, 2842 MHz, 245.17 W
2026/08/17 20:41:45.454, 65, 2842 MHz, 245.51 W
2026/08/17 20:41:46.500, 65, 2842 MHz, 246.41 W
2026/08/17 20:41:47.546, 65, 2842 MHz, 245.17 W
2026/08/17 20:41:48.592, 65, 2842 MHz, 245.82 W
2026/08/17 20:41:48.250, 65, 2842 MHz, 246.50 W
2026/08/17 20:41:49.296, 65, 2842 MHz, 246.43 W
2026/08/17 20:41:50.342, 65, 2842 MHz, 247.73 W
2026/08/17 20:41:51.388, 65, 2842 MHz, 247.46 W
2026/08/17 20:41:52.435, 65, 2842 MHz, 247.62 W
2026/08/17 20:41:53.481, 65, 2842 MHz, 247.10 W
2026/08/17 20:41:54.527, 65, 2842 MHz, 247.11 W
2026/08/17 20:41:55.574, 65, 2842 MHz, 247.73 W
2026/08/17 20:41:56.620, 65, 2842 MHz, 248.62 W
2026/08/17 20:41:57.667, 65, 2842 MHz, 249.12 W
2026/08/17 20:41:58.713, 65, 2842 MHz, 249.48 W
2026/08/17 20:41:59.762, 65, 2842 MHz, 248.41 W
2026/08/17 20:42:00.809, 65, 2842 MHz, 248.57 W
2026/08/17 20:42:01.856, 65, 2842 MHz, 249.12 W
2026/08/17 20:42:02.904, 65, 2842 MHz, 249.77 W
2026/08/17 20:42:03.951, 65, 2842 MHz, 249.86 W
2026/08/17 20:42:04.998, 65, 2842 MHz, 250.19 W
2026/08/17 20:42:06.045, 65, 2842 MHz, 250.49 W
2026/08/17 20:42:07.093, 65, 2842 MHz, 250.10 W
2026/08/17 20:42:08.140, 65, 2842 MHz, 250.25 W
2026/08/17 20:42:09.187, 65, 2842 MHz, 250.78 W
2026/08/17 20:42:10.235, 65, 2842 MHz, 250.79 W
2026/08/17 20:42:11.281, 65, 2842 MHz, 251.37 W
2026/08/17 20:42:12.329, 65, 2842 MHz, 251.76 W
2026/08/17 20:42:13.375, 66, 2842 MHz, 252.04 W
2026/08/17 20:42:14.421, 65, 2842 MHz, 251.63 W
2026/08/17 20:42:15.467, 65, 2842 MHz, 251.10 W
2026/08/17 20:42:16.513, 65, 2842 MHz, 251.50 W
2026/08/17 20:42:17.558, 66, 2842 MHz, 252.02 W
2026/08/17 20:42:18.604, 66, 2842 MHz, 252.19 W
2026/08/17 20:42:19.651, 66, 2842 MHz, 252.76 W
2026/08/17 20:42:19.301, 73, 2835 MHz, 263.66 W
2026/08/17 20:42:20.346, 65, 2842 MHz, 243.38 W
2026/08/17 20:42:21.392, 65, 2842 MHz, 243.99 W
2026/08/17 20:42:22.439, 65, 2842 MHz, 244.67 W
2026/08/17 20:42:23.484, 65, 2842 MHz, 243.64 W
2026/08/17 20:42:24.530, 65, 2842 MHz, 243.65 W
2026/08/17 20:42:25.576, 65, 2842 MHz, 244.78 W
2026/08/17 20:42:26.622, 65, 2842 MHz, 245.53 W
2026/08/17 20:42:27.668, 65, 2842 MHz, 246.17 W
2026/08/17 20:42:28.714, 65, 2842 MHz, 246.60 W
2026/08/17 20:42:29.764, 65, 2842 MHz, 245.07 W
2026/08/17 20:42:30.815, 65, 2842 MHz, 245.99 W
2026/08/17 20:42:31.867, 65, 2842 MHz, 246.76 W
2026/08/17 20:42:32.919, 65, 2842 MHz, 247.56 W
2026/08/17 20:42:33.970, 65, 2842 MHz, 247.91 W
2026/08/17 20:42:35.021, 65, 2842 MHz, 247.45 W
2026/08/17 20:42:36.072, 65, 2842 MHz, 248.25 W
2026/08/17 20:42:37.124, 65, 2842 MHz, 247.87 W
2026/08/17 20:42:38.171, 65, 2842 MHz, 248.40 W
2026/08/17 20:42:39.218, 65, 2842 MHz, 248.57 W
2026/08/17 20:42:40.265, 65, 2842 MHz, 248.53 W
2026/08/17 20:42:41.312, 65, 2842 MHz, 249.44 W
2026/08/17 20:42:42.359, 65, 2842 MHz, 249.59 W
2026/08/17 20:42:43.408, 65, 2842 MHz, 249.37 W
2026/08/17 20:42:44.455, 65, 2842 MHz, 249.07 W
2026/08/17 20:42:45.501, 65, 2842 MHz, 248.59 W
2026/08/17 20:42:46.547, 65, 2842 MHz, 250.03 W
2026/08/17 20:42:47.593, 65, 2842 MHz, 250.12 W
2026/08/17 20:42:48.640, 65, 2842 MHz, 250.48 W
2026/08/17 20:42:49.685, 65, 2842 MHz, 250.77 W
2026/08/17 20:42:50.731, 65, 2842 MHz, 250.20 W
2026/08/17 20:42:50.345, 65, 2842 MHz, 250.67 W
2026/08/17 20:42:51.392, 65, 2842 MHz, 251.06 W
2026/08/17 20:42:52.438, 65, 2842 MHz, 251.23 W
2026/08/17 20:42:53.481, 65, 2842 MHz, 251.47 W
2026/08/17 20:42:54.516, 65, 2842 MHz, 251.44 W
2026/08/17 20:42:55.551, 66, 2842 MHz, 252.30 W
2026/08/17 20:42:56.586, 66, 2842 MHz, 251.92 W
2026/08/17 20:42:57.622, 66, 2842 MHz, 251.77 W
2026/08/17 20:42:58.657, 66, 2842 MHz, 252.12 W
2026/08/17 20:42:59.692, 66, 2842 MHz, 252.20 W
2026/08/17 20:43:00.727, 66, 2842 MHz, 252.48 W
2026/08/17 20:43:01.776, 66, 2842 MHz, 253.04 W
2026/08/17 20:43:02.836, 66, 2820 MHz, 268.07 W
2026/08/17 20:43:03.897, 65, 2842 MHz, 243.04 W
2026/08/17 20:43:04.957, 65, 2842 MHz, 243.29 W
2026/08/17 20:43:06.017, 65, 2842 MHz, 243.91 W
2026/08/17 20:43:07.077, 65, 2842 MHz, 243.38 W
2026/08/17 20:43:08.137, 65, 2842 MHz, 243.65 W
2026/08/17 20:43:09.198, 65, 2842 MHz, 244.26 W
2026/08/17 20:43:10.245, 65, 2842 MHz, 244.79 W
2026/08/17 20:43:11.292, 65, 2842 MHz, 245.71 W
2026/08/17 20:43:12.339, 65, 2842 MHz, 246.60 W
2026/08/17 20:43:13.386, 65, 2842 MHz, 245.81 W
2026/08/17 20:43:14.434, 65, 2842 MHz, 245.58 W
2026/08/17 20:43:15.480, 65, 2842 MHz, 246.33 W
2026/08/17 20:43:16.528, 65, 2842 MHz, 247.36 W
2026/08/17 20:43:17.574, 65, 2842 MHz, 247.75 W
2026/08/17 20:43:18.617, 65, 2842 MHz, 247.56 W
2026/08/17 20:43:19.660, 65, 2842 MHz, 248.02 W
2026/08/17 20:43:20.704, 65, 2842 MHz, 247.37 W
2026/08/17 20:43:21.748, 65, 2842 MHz, 248.25 W
2026/08/17 20:43:21.386, 65, 2842 MHz, 248.44 W
2026/08/17 20:43:22.429, 65, 2842 MHz, 248.42 W
2026/08/17 20:43:23.473, 65, 2842 MHz, 248.74 W
2026/08/17 20:43:24.516, 65, 2842 MHz, 248.49 W
2026/08/17 20:43:25.560, 65, 2842 MHz, 248.88 W
2026/08/17 20:43:26.606, 65, 2842 MHz, 248.60 W
2026/08/17 20:43:27.652, 65, 2842 MHz, 248.95 W
2026/08/17 20:43:28.698, 65, 2842 MHz, 249.68 W
2026/08/17 20:43:29.744, 65, 2842 MHz, 249.65 W
2026/08/17 20:43:30.790, 65, 2842 MHz, 250.35 W
2026/08/17 20:43:31.836, 65, 2842 MHz, 250.83 W
2026/08/17 20:43:32.881, 65, 2842 MHz, 249.97 W
2026/08/17 20:43:33.927, 65, 2842 MHz, 250.10 W
2026/08/17 20:43:34.973, 65, 2842 MHz, 250.44 W
2026/08/17 20:43:36.019, 65, 2842 MHz, 250.96 W
2026/08/17 20:43:37.065, 65, 2842 MHz, 251.25 W
2026/08/17 20:43:38.112, 65, 2842 MHz, 251.74 W
2026/08/17 20:43:39.158, 65, 2842 MHz, 252.18 W
2026/08/17 20:43:40.204, 66, 2842 MHz, 251.97 W
2026/08/17 20:43:41.251, 66, 2842 MHz, 252.11 W
2026/08/17 20:43:42.297, 65, 2842 MHz, 252.44 W
2026/08/17 20:43:43.343, 66, 2842 MHz, 252.42 W
2026/08/17 20:43:44.389, 66, 2842 MHz, 253.29 W
2026/08/17 20:43:45.436, 66, 2842 MHz, 253.10 W
2026/08/17 20:43:46.482, 73, 2835 MHz, 269.95 W
2026/08/17 20:43:47.529, 65, 2842 MHz, 250.56 W
2026/08/17 20:43:48.575, 65, 2842 MHz, 243.77 W
2026/08/17 20:43:49.622, 65, 2842 MHz, 244.49 W
2026/08/17 20:43:50.668, 65, 2842 MHz, 243.72 W
2026/08/17 20:43:51.714, 65, 2842 MHz, 243.62 W
2026/08/17 20:43:52.760, 65, 2842 MHz, 244.43 W
2026/08/17 20:43:52.427, 65, 2842 MHz, 245.41 W
2026/08/17 20:43:53.473, 65, 2842 MHz, 245.59 W
2026/08/17 20:43:54.520, 65, 2842 MHz, 245.96 W
2026/08/17 20:43:55.566, 65, 2842 MHz, 246.35 W
2026/08/17 20:43:56.613, 65, 2842 MHz, 245.54 W
2026/08/17 20:43:57.659, 65, 2842 MHz, 246.74 W
2026/08/17 20:43:58.705, 65, 2842 MHz, 246.98 W
2026/08/17 20:43:59.751, 65, 2842 MHz, 247.41 W
2026/08/17 20:44:00.798, 65, 2842 MHz, 247.84 W
2026/08/17 20:44:01.844, 65, 2842 MHz, 247.95 W
2026/08/17 20:44:02.891, 65, 2842 MHz, 247.98 W
2026/08/17 20:44:03.937, 65, 2842 MHz, 247.83 W
2026/08/17 20:44:04.983, 65, 2842 MHz, 248.04 W
2026/08/17 20:44:06.030, 65, 2842 MHz, 248.73 W
2026/08/17 20:44:07.076, 65, 2842 MHz, 249.01 W
2026/08/17 20:44:08.123, 65, 2842 MHz, 249.52 W
2026/08/17 20:44:09.169, 65, 2842 MHz, 249.69 W
2026/08/17 20:44:10.215, 65, 2842 MHz, 248.86 W
2026/08/17 20:44:11.261, 65, 2842 MHz, 249.62 W
2026/08/17 20:44:12.307, 65, 2842 MHz, 249.83 W
2026/08/17 20:44:13.354, 65, 2842 MHz, 250.07 W
2026/08/17 20:44:14.401, 65, 2842 MHz, 250.37 W
2026/08/17 20:44:15.447, 65, 2842 MHz, 250.38 W
2026/08/17 20:44:16.494, 65, 2842 MHz, 250.43 W
2026/08/17 20:44:17.540, 65, 2842 MHz, 250.66 W
2026/08/17 20:44:18.587, 65, 2842 MHz, 251.07 W
2026/08/17 20:44:19.633, 65, 2842 MHz, 251.29 W
2026/08/17 20:44:20.680, 65, 2842 MHz, 250.98 W
2026/08/17 20:44:21.726, 65, 2842 MHz, 251.56 W
2026/08/17 20:44:22.772, 65, 2842 MHz, 251.83 W
2026/08/17 20:44:23.818, 66, 2842 MHz, 251.97 W
2026/08/17 20:44:23.471, 65, 2842 MHz, 251.55 W
2026/08/17 20:44:24.517, 66, 2842 MHz, 251.61 W
2026/08/17 20:44:25.563, 65, 2842 MHz, 251.76 W
2026/08/17 20:44:26.608, 66, 2842 MHz, 252.68 W
2026/08/17 20:44:27.654, 66, 2842 MHz, 253.07 W
2026/08/17 20:44:28.701, 66, 2842 MHz, 253.42 W
2026/08/17 20:44:29.747, 65, 2842 MHz, 262.70 W
2026/08/17 20:44:30.793, 65, 2842 MHz, 243.36 W
2026/08/17 20:44:31.839, 65, 2842 MHz, 243.96 W
2026/08/17 20:44:32.886, 65, 2842 MHz, 244.01 W
2026/08/17 20:44:33.932, 65, 2842 MHz, 242.88 W
2026/08/17 20:44:34.978, 65, 2842 MHz, 244.04 W
2026/08/17 20:44:36.025, 65, 2842 MHz, 244.74 W
2026/08/17 20:44:37.071, 65, 2842 MHz, 245.55 W
2026/08/17 20:44:38.117, 65, 2842 MHz, 245.91 W
2026/08/17 20:44:39.164, 65, 2842 MHz, 246.27 W
2026/08/17 20:44:40.210, 65, 2842 MHz, 244.69 W
2026/08/17 20:44:41.257, 65, 2842 MHz, 246.10 W
2026/08/17 20:44:42.303, 65, 2842 MHz, 246.62 W
2026/08/17 20:44:43.349, 65, 2842 MHz, 246.72 W
2026/08/17 20:44:44.395, 65, 2842 MHz, 247.39 W
2026/08/17 20:44:45.442, 65, 2842 MHz, 246.98 W
2026/08/17 20:44:46.488, 65, 2842 MHz, 247.23 W
2026/08/17 20:44:47.534, 65, 2842 MHz, 247.32 W
2026/08/17 20:44:48.580, 65, 2842 MHz, 247.62 W
2026/08/17 20:44:49.626, 65, 2842 MHz, 248.19 W
2026/08/17 20:44:50.672, 65, 2842 MHz, 247.70 W
2026/08/17 20:44:51.719, 65, 2842 MHz, 248.79 W
2026/08/17 20:44:52.765, 65, 2842 MHz, 249.05 W
2026/08/17 20:44:53.811, 65, 2842 MHz, 248.87 W
2026/08/17 20:44:53.472, 65, 2842 MHz, 248.96 W
2026/08/17 20:44:54.518, 65, 2842 MHz, 248.69 W
2026/08/17 20:44:55.564, 65, 2842 MHz, 249.89 W
2026/08/17 20:44:56.610, 65, 2842 MHz, 250.18 W
2026/08/17 20:44:57.656, 65, 2842 MHz, 250.49 W
2026/08/17 20:44:58.703, 65, 2842 MHz, 250.45 W
2026/08/17 20:44:59.749, 65, 2842 MHz, 249.54 W
2026/08/17 20:45:00.795, 65, 2842 MHz, 250.09 W
2026/08/17 20:45:01.842, 65, 2842 MHz, 250.43 W
2026/08/17 20:45:02.889, 65, 2842 MHz, 251.11 W
2026/08/17 20:45:03.936, 65, 2842 MHz, 251.07 W
2026/08/17 20:45:04.983, 65, 2842 MHz, 251.16 W
2026/08/17 20:45:06.029, 65, 2842 MHz, 252.04 W
2026/08/17 20:45:07.075, 65, 2842 MHz, 251.88 W
2026/08/17 20:45:08.122, 66, 2842 MHz, 251.99 W
2026/08/17 20:45:09.168, 65, 2842 MHz, 252.02 W
2026/08/17 20:45:10.215, 66, 2842 MHz, 251.94 W
2026/08/17 20:45:11.262, 66, 2842 MHz, 252.34 W
2026/08/17 20:45:12.309, 66, 2842 MHz, 252.95 W
2026/08/17 20:45:13.356, 65, 2842 MHz, 264.64 W
2026/08/17 20:45:14.403, 65, 2842 MHz, 243.07 W
2026/08/17 20:45:15.450, 65, 2842 MHz, 243.51 W
2026/08/17 20:45:16.497, 65, 2842 MHz, 244.35 W
2026/08/17 20:45:17.544, 65, 2842 MHz, 242.89 W
2026/08/17 20:45:18.591, 65, 2842 MHz, 244.01 W
2026/08/17 20:45:19.637, 65, 2842 MHz, 244.77 W
2026/08/17 20:45:20.683, 65, 2842 MHz, 245.15 W
2026/08/17 20:45:21.729, 65, 2842 MHz, 246.31 W
2026/08/17 20:45:22.776, 65, 2842 MHz, 246.98 W
2026/08/17 20:45:23.822, 65, 2842 MHz, 245.92 W
2026/08/17 20:45:24.870, 65, 2842 MHz, 246.10 W
2026/08/17 20:45:24.518, 65, 2842 MHz, 246.44 W
2026/08/17 20:45:25.565, 65, 2842 MHz, 247.06 W
2026/08/17 20:45:26.611, 65, 2842 MHz, 247.52 W
2026/08/17 20:45:27.657, 65, 2842 MHz, 247.90 W
2026/08/17 20:45:28.704, 65, 2842 MHz, 247.59 W
2026/08/17 20:45:29.750, 65, 2842 MHz, 247.16 W
2026/08/17 20:45:30.796, 65, 2842 MHz, 247.90 W
2026/08/17 20:45:31.843, 65, 2842 MHz, 248.36 W
2026/08/17 20:45:32.889, 65, 2842 MHz, 248.61 W
2026/08/17 20:45:33.936, 65, 2842 MHz, 248.80 W
2026/08/17 20:45:34.985, 65, 2842 MHz, 248.88 W
2026/08/17 20:45:36.034, 65, 2842 MHz, 249.25 W
2026/08/17 20:45:37.083, 65, 2842 MHz, 248.99 W
2026/08/17 20:45:38.133, 65, 2842 MHz, 249.20 W
2026/08/17 20:45:39.182, 65, 2842 MHz, 249.49 W
2026/08/17 20:45:40.231, 65, 2842 MHz, 249.48 W
2026/08/17 20:45:41.281, 65, 2842 MHz, 250.25 W
2026/08/17 20:45:42.330, 65, 2842 MHz, 250.85 W
2026/08/17 20:45:43.377, 65, 2842 MHz, 249.95 W
2026/08/17 20:45:44.425, 65, 2842 MHz, 250.17 W
2026/08/17 20:45:45.472, 65, 2842 MHz, 250.00 W
2026/08/17 20:45:46.519, 65, 2842 MHz, 250.61 W
2026/08/17 20:45:47.567, 65, 2842 MHz, 250.96 W
2026/08/17 20:45:48.615, 65, 2842 MHz, 250.79 W
2026/08/17 20:45:49.661, 66, 2842 MHz, 251.58 W
2026/08/17 20:45:50.709, 65, 2842 MHz, 251.12 W
2026/08/17 20:45:51.755, 65, 2842 MHz, 251.57 W
2026/08/17 20:45:52.801, 66, 2842 MHz, 252.03 W
2026/08/17 20:45:53.848, 66, 2842 MHz, 252.04 W
2026/08/17 20:45:54.895, 66, 2842 MHz, 252.62 W
2026/08/17 20:45:55.941, 66, 2842 MHz, 252.48 W
2026/08/17 20:45:55.565, 66, 2827 MHz, 265.88 W
2026/08/17 20:45:56.612, 65, 2842 MHz, 243.02 W
2026/08/17 20:45:57.658, 65, 2842 MHz, 243.35 W
2026/08/17 20:45:58.705, 65, 2842 MHz, 244.10 W
2026/08/17 20:45:59.752, 65, 2842 MHz, 242.98 W
2026/08/17 20:46:00.798, 65, 2842 MHz, 243.15 W
2026/08/17 20:46:01.845, 65, 2842 MHz, 244.42 W
2026/08/17 20:46:02.891, 65, 2842 MHz, 244.90 W
2026/08/17 20:46:03.937, 65, 2842 MHz, 245.55 W
2026/08/17 20:46:04.983, 65, 2842 MHz, 245.88 W
2026/08/17 20:46:06.030, 65, 2842 MHz, 246.04 W
2026/08/17 20:46:07.077, 65, 2842 MHz, 245.67 W
2026/08/17 20:46:08.123, 65, 2842 MHz, 246.25 W
2026/08/17 20:46:09.170, 65, 2842 MHz, 246.80 W
2026/08/17 20:46:10.216, 65, 2842 MHz, 247.06 W
2026/08/17 20:46:11.264, 65, 2842 MHz, 247.71 W
2026/08/17 20:46:12.310, 65, 2842 MHz, 247.59 W
2026/08/17 20:46:13.357, 65, 2842 MHz, 247.31 W
2026/08/17 20:46:14.404, 65, 2842 MHz, 247.74 W
2026/08/17 20:46:15.450, 65, 2842 MHz, 248.16 W
2026/08/17 20:46:16.497, 65, 2842 MHz, 248.52 W
2026/08/17 20:46:17.544, 65, 2842 MHz, 248.44 W
2026/08/17 20:46:18.590, 65, 2842 MHz, 248.89 W
2026/08/17 20:46:19.637, 65, 2842 MHz, 248.94 W
2026/08/17 20:46:20.684, 65, 2842 MHz, 248.30 W
2026/08/17 20:46:21.730, 65, 2842 MHz, 249.00 W
2026/08/17 20:46:22.776, 65, 2842 MHz, 249.38 W
2026/08/17 20:46:23.823, 65, 2842 MHz, 249.85 W
2026/08/17 20:46:24.870, 65, 2842 MHz, 250.20 W
2026/08/17 20:46:25.917, 65, 2842 MHz, 250.40 W
2026/08/17 20:46:26.964, 65, 2842 MHz, 250.31 W
2026/08/17 20:46:26.611, 65, 2842 MHz, 249.97 W
2026/08/17 20:46:27.657, 65, 2842 MHz, 250.48 W
2026/08/17 20:46:28.705, 65, 2842 MHz, 250.69 W
2026/08/17 20:46:29.752, 65, 2842 MHz, 250.49 W
2026/08/17 20:46:30.798, 65, 2842 MHz, 250.85 W
2026/08/17 20:46:31.845, 65, 2842 MHz, 251.77 W
2026/08/17 20:46:32.891, 65, 2842 MHz, 251.74 W
2026/08/17 20:46:33.937, 65, 2842 MHz, 251.44 W
2026/08/17 20:46:34.983, 65, 2842 MHz, 251.33 W
2026/08/17 20:46:36.030, 65, 2842 MHz, 251.39 W
2026/08/17 20:46:37.076, 66, 2842 MHz, 252.10 W
2026/08/17 20:46:38.123, 66, 2842 MHz, 252.56 W
2026/08/17 20:46:39.170, 73, 2842 MHz, 267.27 W
2026/08/17 20:46:40.218, 65, 2842 MHz, 242.86 W
2026/08/17 20:46:41.265, 65, 2842 MHz, 243.26 W
2026/08/17 20:46:42.313, 65, 2842 MHz, 244.13 W
2026/08/17 20:46:43.360, 65, 2842 MHz, 243.46 W
2026/08/17 20:46:44.407, 65, 2842 MHz, 243.12 W
2026/08/17 20:46:45.453, 65, 2842 MHz, 244.12 W
2026/08/17 20:46:46.500, 65, 2842 MHz, 244.87 W
2026/08/17 20:46:47.548, 65, 2842 MHz, 245.70 W
2026/08/17 20:46:48.594, 65, 2842 MHz, 245.90 W
2026/08/17 20:46:49.641, 65, 2842 MHz, 246.13 W
2026/08/17 20:46:50.688, 65, 2842 MHz, 245.12 W
2026/08/17 20:46:51.734, 65, 2842 MHz, 246.44 W
2026/08/17 20:46:52.781, 65, 2842 MHz, 247.05 W
2026/08/17 20:46:53.828, 65, 2842 MHz, 247.40 W
2026/08/17 20:46:54.874, 65, 2842 MHz, 247.66 W
2026/08/17 20:46:55.921, 65, 2842 MHz, 247.55 W
2026/08/17 20:46:56.967, 65, 2842 MHz, 247.61 W
2026/08/17 20:46:58.014, 65, 2842 MHz, 248.04 W
2026/08/17 20:46:57.659, 65, 2842 MHz, 248.17 W
2026/08/17 20:46:58.705, 65, 2842 MHz, 248.47 W
2026/08/17 20:46:59.751, 65, 2842 MHz, 248.28 W
2026/08/17 20:47:00.798, 65, 2842 MHz, 249.17 W
2026/08/17 20:47:01.845, 65, 2842 MHz, 249.15 W
2026/08/17 20:47:02.892, 65, 2842 MHz, 248.94 W
2026/08/17 20:47:03.938, 65, 2842 MHz, 249.74 W
2026/08/17 20:47:04.985, 65, 2842 MHz, 249.40 W
2026/08/17 20:47:06.031, 65, 2842 MHz, 250.13 W
2026/08/17 20:47:07.078, 65, 2842 MHz, 250.57 W
2026/08/17 20:47:08.125, 65, 2842 MHz, 250.92 W
2026/08/17 20:47:09.172, 65, 2842 MHz, 251.14 W
2026/08/17 20:47:10.219, 65, 2842 MHz, 250.11 W
2026/08/17 20:47:11.266, 65, 2842 MHz, 250.97 W
2026/08/17 20:47:12.313, 66, 2842 MHz, 251.45 W
2026/08/17 20:47:13.360, 66, 2842 MHz, 251.82 W
2026/08/17 20:47:14.406, 66, 2842 MHz, 252.19 W
2026/08/17 20:47:15.453, 66, 2842 MHz, 251.82 W
2026/08/17 20:47:16.499, 66, 2842 MHz, 252.77 W
2026/08/17 20:47:17.547, 66, 2842 MHz, 252.22 W
2026/08/17 20:47:18.593, 66, 2842 MHz, 252.24 W
2026/08/17 20:47:19.640, 66, 2842 MHz, 252.31 W
2026/08/17 20:47:20.686, 66, 2842 MHz, 252.61 W
2026/08/17 20:47:21.732, 66, 2842 MHz, 253.18 W
2026/08/17 20:47:22.779, 66, 2842 MHz, 260.42 W
2026/08/17 20:47:23.825, 65, 2842 MHz, 260.53 W
2026/08/17 20:47:24.872, 65, 2842 MHz, 243.66 W
2026/08/17 20:47:25.919, 65, 2842 MHz, 243.74 W
2026/08/17 20:47:26.966, 65, 2842 MHz, 244.16 W
2026/08/17 20:47:28.012, 65, 2842 MHz, 243.02 W
2026/08/17 20:47:27.658, 65, 2842 MHz, 244.32 W
2026/08/17 20:47:28.704, 65, 2842 MHz, 244.65 W
2026/08/17 20:47:29.750, 65, 2842 MHz, 245.43 W
2026/08/17 20:47:30.797, 65, 2842 MHz, 246.15 W
2026/08/17 20:47:31.844, 65, 2842 MHz, 246.39 W
2026/08/17 20:47:32.890, 65, 2842 MHz, 245.60 W
2026/08/17 20:47:33.937, 65, 2842 MHz, 246.45 W
2026/08/17 20:47:34.983, 65, 2842 MHz, 246.60 W
2026/08/17 20:47:36.030, 65, 2842 MHz, 247.47 W
2026/08/17 20:47:37.078, 65, 2842 MHz, 247.70 W
2026/08/17 20:47:38.125, 65, 2842 MHz, 247.94 W
2026/08/17 20:47:39.173, 65, 2842 MHz, 247.32 W
2026/08/17 20:47:40.220, 65, 2842 MHz, 247.44 W
2026/08/17 20:47:41.267, 65, 2842 MHz, 248.04 W
2026/08/17 20:47:42.315, 65, 2842 MHz, 248.68 W
2026/08/17 20:47:43.361, 65, 2842 MHz, 249.07 W
2026/08/17 20:47:44.409, 65, 2842 MHz, 249.42 W
2026/08/17 20:47:45.457, 65, 2842 MHz, 249.38 W
2026/08/17 20:47:46.505, 65, 2842 MHz, 249.16 W
2026/08/17 20:47:47.553, 65, 2842 MHz, 249.53 W
2026/08/17 20:47:48.601, 65, 2842 MHz, 249.71 W
2026/08/17 20:47:49.649, 65, 2842 MHz, 250.01 W
2026/08/17 20:47:50.698, 65, 2842 MHz, 250.13 W
2026/08/17 20:47:51.746, 65, 2842 MHz, 250.82 W
2026/08/17 20:47:52.792, 66, 2842 MHz, 251.03 W
2026/08/17 20:47:53.838, 65, 2842 MHz, 250.32 W
2026/08/17 20:47:54.885, 66, 2842 MHz, 250.87 W
2026/08/17 20:47:55.932, 66, 2842 MHz, 250.80 W
2026/08/17 20:47:56.978, 66, 2842 MHz, 251.46 W
2026/08/17 20:47:58.025, 65, 2842 MHz, 251.79 W
2026/08/17 20:47:59.071, 66, 2842 MHz, 251.69 W
2026/08/17 20:47:58.703, 66, 2842 MHz, 252.21 W
2026/08/17 20:47:59.749, 66, 2842 MHz, 251.62 W
2026/08/17 20:48:00.795, 66, 2842 MHz, 252.04 W
2026/08/17 20:48:01.841, 66, 2842 MHz, 252.42 W
2026/08/17 20:48:02.887, 66, 2842 MHz, 252.57 W
2026/08/17 20:48:03.934, 66, 2842 MHz, 253.23 W
2026/08/17 20:48:04.980, 66, 2842 MHz, 252.80 W
2026/08/17 20:48:06.026, 66, 2835 MHz, 260.10 W
2026/08/17 20:48:07.073, 65, 2842 MHz, 243.00 W
2026/08/17 20:48:08.120, 65, 2842 MHz, 242.74 W
2026/08/17 20:48:09.170, 65, 2842 MHz, 243.45 W
2026/08/17 20:48:10.222, 65, 2842 MHz, 243.75 W
2026/08/17 20:48:11.273, 65, 2842 MHz, 242.71 W
2026/08/17 20:48:12.324, 65, 2842 MHz, 242.66 W
2026/08/17 20:48:13.375, 65, 2842 MHz, 242.90 W
2026/08/17 20:48:14.426, 65, 2842 MHz, 243.78 W
2026/08/17 20:48:15.478, 65, 2842 MHz, 243.59 W
2026/08/17 20:48:16.527, 65, 2842 MHz, 242.60 W
2026/08/17 20:48:17.576, 65, 2842 MHz, 242.25 W
2026/08/17 20:48:18.626, 65, 2842 MHz, 243.22 W
2026/08/17 20:48:19.675, 65, 2842 MHz, 244.04 W
2026/08/17 20:48:20.724, 65, 2842 MHz, 244.27 W
2026/08/17 20:48:21.773, 65, 2842 MHz, 245.23 W
2026/08/17 20:48:22.823, 65, 2842 MHz, 242.67 W
2026/08/17 20:48:23.872, 65, 2842 MHz, 242.67 W
2026/08/17 20:48:24.920, 65, 2842 MHz, 243.75 W
2026/08/17 20:48:25.967, 65, 2842 MHz, 244.11 W
2026/08/17 20:48:27.014, 65, 2842 MHz, 245.62 W
2026/08/17 20:48:28.060, 65, 2842 MHz, 245.78 W
2026/08/17 20:48:29.106, 65, 2842 MHz, 245.30 W
2026/08/17 20:48:30.153, 65, 2842 MHz, 243.09 W
2026/08/17 20:48:29.750, 65, 2842 MHz, 243.72 W
2026/08/17 20:48:30.797, 65, 2842 MHz, 244.62 W
2026/08/17 20:48:31.843, 65, 2842 MHz, 245.24 W
2026/08/17 20:48:32.890, 65, 2842 MHz, 246.18 W
2026/08/17 20:48:33.936, 65, 2842 MHz, 246.30 W
2026/08/17 20:48:34.982, 65, 2842 MHz, 244.88 W
2026/08/17 20:48:36.028, 65, 2842 MHz, 243.74 W
2026/08/17 20:48:37.075, 65, 2842 MHz, 244.26 W
2026/08/17 20:48:38.121, 65, 2842 MHz, 245.23 W
2026/08/17 20:48:39.167, 65, 2842 MHz, 246.12 W
2026/08/17 20:48:40.214, 65, 2842 MHz, 246.68 W
2026/08/17 20:48:41.260, 65, 2842 MHz, 247.13 W
2026/08/17 20:48:42.307, 65, 2842 MHz, 245.40 W
2026/08/17 20:48:43.354, 65, 2842 MHz, 244.39 W
2026/08/17 20:48:44.400, 65, 2842 MHz, 245.21 W
2026/08/17 20:48:45.447, 65, 2842 MHz, 245.65 W
2026/08/17 20:48:46.495, 65, 2842 MHz, 246.18 W
2026/08/17 20:48:47.541, 65, 2842 MHz, 247.21 W
2026/08/17 20:48:48.588, 57, 2857 MHz, 107.04 W
2026/08/17 20:48:49.635, 56, 2865 MHz, 66.21 W
2026/08/17 20:48:50.682, 53, 600 MHz, 40.14 W
2026/08/17 20:48:51.729, 53, 397 MHz, 35.80 W
2026/08/17 20:48:52.776, 52, 240 MHz, 35.41 W
2026/08/17 20:48:53.823, 52, 172 MHz, 35.13 W
2026/08/17 20:48:54.871, 51, 180 MHz, 35.14 W
2026/08/17 20:48:55.918, 51, 187 MHz, 34.65 W
2026/08/17 20:48:56.964, 60, 2857 MHz, 201.21 W
2026/08/17 20:48:58.012, 61, 2857 MHz, 228.43 W
2026/08/17 20:48:59.058, 61, 2857 MHz, 229.03 W
2026/08/17 20:49:00.105, 61, 2850 MHz, 229.60 W
2026/08/17 20:49:01.152, 61, 2842 MHz, 229.60 W
2026/08/17 20:49:00.795, 62, 2842 MHz, 230.41 W
2026/08/17 20:49:01.841, 62, 2842 MHz, 230.80 W
2026/08/17 20:49:02.888, 62, 2842 MHz, 229.77 W
2026/08/17 20:49:03.934, 62, 2842 MHz, 229.94 W
2026/08/17 20:49:04.980, 62, 2842 MHz, 230.46 W
2026/08/17 20:49:06.028, 62, 2842 MHz, 231.52 W
2026/08/17 20:49:07.074, 62, 2842 MHz, 232.03 W
2026/08/17 20:49:08.121, 63, 2842 MHz, 232.16 W
2026/08/17 20:49:09.167, 63, 2842 MHz, 232.52 W
2026/08/17 20:49:10.214, 63, 2842 MHz, 232.11 W
2026/08/17 20:49:11.263, 63, 2842 MHz, 233.07 W
2026/08/17 20:49:12.310, 63, 2842 MHz, 231.67 W
2026/08/17 20:49:13.357, 63, 2842 MHz, 230.94 W
2026/08/17 20:49:14.405, 63, 2842 MHz, 231.15 W
2026/08/17 20:49:15.452, 63, 2842 MHz, 231.36 W
2026/08/17 20:49:16.500, 63, 2842 MHz, 232.44 W
2026/08/17 20:49:17.547, 64, 2842 MHz, 234.23 W
2026/08/17 20:49:18.595, 64, 2842 MHz, 234.59 W
2026/08/17 20:49:19.642, 64, 2842 MHz, 234.61 W
2026/08/17 20:49:20.689, 64, 2842 MHz, 234.39 W
2026/08/17 20:49:21.736, 64, 2842 MHz, 234.69 W
2026/08/17 20:49:22.783, 64, 2842 MHz, 233.88 W
2026/08/17 20:49:23.830, 64, 2842 MHz, 232.37 W
2026/08/17 20:49:24.877, 64, 2842 MHz, 231.63 W
2026/08/17 20:49:25.924, 64, 2842 MHz, 231.74 W
2026/08/17 20:49:26.971, 64, 2842 MHz, 232.69 W
2026/08/17 20:49:28.018, 64, 2842 MHz, 232.98 W
2026/08/17 20:49:29.065, 64, 2842 MHz, 233.64 W
2026/08/17 20:49:30.112, 65, 2842 MHz, 235.83 W
2026/08/17 20:49:31.159, 65, 2842 MHz, 235.97 W
2026/08/17 20:49:32.206, 65, 2842 MHz, 236.32 W
2026/08/17 20:49:31.844, 65, 2842 MHz, 235.55 W
2026/08/17 20:49:32.890, 65, 2842 MHz, 246.94 W
2026/08/17 20:49:33.937, 65, 2842 MHz, 246.48 W
2026/08/17 20:49:34.984, 66, 2842 MHz, 243.07 W
2026/08/17 20:49:36.031, 66, 2842 MHz, 244.82 W
2026/08/17 20:49:37.078, 66, 2842 MHz, 244.70 W
2026/08/17 20:49:38.125, 66, 2842 MHz, 244.07 W
2026/08/17 20:49:39.172, 66, 2842 MHz, 244.87 W
2026/08/17 20:49:40.218, 66, 2842 MHz, 245.76 W
2026/08/17 20:49:41.264, 66, 2842 MHz, 246.61 W
2026/08/17 20:49:42.310, 66, 2842 MHz, 247.46 W
2026/08/17 20:49:43.357, 66, 2842 MHz, 247.39 W
2026/08/17 20:49:44.405, 66, 2842 MHz, 246.51 W
2026/08/17 20:49:45.452, 66, 2842 MHz, 247.25 W
2026/08/17 20:49:46.498, 66, 2842 MHz, 247.93 W
2026/08/17 20:49:47.546, 66, 2842 MHz, 248.35 W
2026/08/17 20:49:48.592, 66, 2842 MHz, 248.94 W
2026/08/17 20:49:49.639, 66, 2842 MHz, 248.99 W
2026/08/17 20:49:50.686, 66, 2842 MHz, 248.68 W
2026/08/17 20:49:51.733, 66, 2842 MHz, 249.33 W
2026/08/17 20:49:52.780, 66, 2842 MHz, 249.87 W
2026/08/17 20:49:53.826, 66, 2842 MHz, 250.14 W
2026/08/17 20:49:54.874, 66, 2842 MHz, 250.20 W
2026/08/17 20:49:55.920, 66, 2842 MHz, 250.27 W
2026/08/17 20:49:56.967, 66, 2842 MHz, 250.73 W
2026/08/17 20:49:58.013, 66, 2842 MHz, 250.36 W
2026/08/17 20:49:59.060, 66, 2842 MHz, 250.57 W
2026/08/17 20:50:00.107, 66, 2842 MHz, 250.99 W
2026/08/17 20:50:01.154, 67, 2842 MHz, 251.20 W
2026/08/17 20:50:02.201, 67, 2842 MHz, 251.43 W
2026/08/17 20:50:01.848, 67, 2842 MHz, 252.24 W
2026/08/17 20:50:02.895, 67, 2842 MHz, 252.21 W
2026/08/17 20:50:03.942, 67, 2842 MHz, 252.14 W
2026/08/17 20:50:04.989, 67, 2842 MHz, 252.07 W
2026/08/17 20:50:06.035, 67, 2842 MHz, 252.32 W
2026/08/17 20:50:07.082, 67, 2842 MHz, 253.15 W
2026/08/17 20:50:08.128, 67, 2842 MHz, 252.98 W
2026/08/17 20:50:09.174, 67, 2842 MHz, 253.45 W
2026/08/17 20:50:10.220, 67, 2842 MHz, 253.30 W
2026/08/17 20:50:11.267, 67, 2842 MHz, 253.05 W
2026/08/17 20:50:12.315, 67, 2842 MHz, 253.46 W
2026/08/17 20:50:13.362, 67, 2842 MHz, 253.66 W
2026/08/17 20:50:14.409, 67, 2842 MHz, 254.15 W
2026/08/17 20:50:15.456, 67, 2842 MHz, 253.88 W
2026/08/17 20:50:16.503, 67, 2842 MHz, 258.95 W
2026/08/17 20:50:17.550, 67, 2827 MHz, 261.36 W
2026/08/17 20:50:18.597, 66, 2842 MHz, 244.66 W
2026/08/17 20:50:19.645, 66, 2842 MHz, 245.32 W
2026/08/17 20:50:20.693, 66, 2842 MHz, 244.84 W
2026/08/17 20:50:21.741, 66, 2842 MHz, 244.35 W
2026/08/17 20:50:22.789, 66, 2842 MHz, 245.38 W
2026/08/17 20:50:23.837, 66, 2842 MHz, 246.06 W
2026/08/17 20:50:24.885, 66, 2842 MHz, 247.10 W
2026/08/17 20:50:25.933, 66, 2842 MHz, 247.12 W
2026/08/17 20:50:26.981, 66, 2842 MHz, 247.86 W
2026/08/17 20:50:28.028, 66, 2842 MHz, 246.76 W
2026/08/17 20:50:29.075, 66, 2842 MHz, 247.45 W
2026/08/17 20:50:30.123, 66, 2842 MHz, 247.98 W
2026/08/17 20:50:31.170, 66, 2842 MHz, 248.20 W
2026/08/17 20:50:32.217, 66, 2842 MHz, 248.56 W
2026/08/17 20:50:33.264, 66, 2842 MHz, 248.63 W
2026/08/17 20:50:32.894, 66, 2842 MHz, 248.65 W
2026/08/17 20:50:33.942, 66, 2842 MHz, 249.03 W
2026/08/17 20:50:34.989, 66, 2842 MHz, 249.08 W
2026/08/17 20:50:36.034, 66, 2842 MHz, 249.77 W
2026/08/17 20:50:37.081, 66, 2842 MHz, 249.86 W
2026/08/17 20:50:38.127, 66, 2842 MHz, 250.65 W
2026/08/17 20:50:39.173, 66, 2842 MHz, 250.65 W
2026/08/17 20:50:40.219, 66, 2842 MHz, 249.90 W
2026/08/17 20:50:41.265, 66, 2842 MHz, 250.49 W
2026/08/17 20:50:42.312, 66, 2842 MHz, 250.59 W
2026/08/17 20:50:43.358, 66, 2842 MHz, 251.47 W
2026/08/17 20:50:44.407, 66, 2842 MHz, 251.64 W
2026/08/17 20:50:45.455, 66, 2842 MHz, 251.74 W
2026/08/17 20:50:46.504, 66, 2842 MHz, 252.00 W
2026/08/17 20:50:47.552, 66, 2842 MHz, 251.37 W
2026/08/17 20:50:48.601, 66, 2842 MHz, 251.71 W
2026/08/17 20:50:49.649, 66, 2842 MHz, 252.34 W
2026/08/17 20:50:50.698, 66, 2842 MHz, 252.20 W
2026/08/17 20:50:51.748, 66, 2842 MHz, 252.46 W
2026/08/17 20:50:52.797, 66, 2842 MHz, 252.97 W
2026/08/17 20:50:53.847, 66, 2842 MHz, 253.24 W
2026/08/17 20:50:54.896, 66, 2842 MHz, 252.75 W
2026/08/17 20:50:55.946, 66, 2842 MHz, 252.44 W
2026/08/17 20:50:56.996, 66, 2842 MHz, 252.90 W
2026/08/17 20:50:58.045, 66, 2842 MHz, 253.63 W
2026/08/17 20:50:59.095, 66, 2842 MHz, 253.77 W
2026/08/17 20:51:00.141, 66, 2842 MHz, 254.41 W
2026/08/17 20:51:01.188, 66, 2842 MHz, 264.04 W
2026/08/17 20:51:02.235, 66, 2842 MHz, 244.09 W
2026/08/17 20:51:03.281, 66, 2842 MHz, 244.90 W
2026/08/17 20:51:04.327, 65, 2842 MHz, 245.31 W
2026/08/17 20:51:03.941, 65, 2842 MHz, 243.96 W
2026/08/17 20:51:04.988, 65, 2842 MHz, 244.70 W
2026/08/17 20:51:06.034, 66, 2842 MHz, 245.70 W
2026/08/17 20:51:07.081, 66, 2842 MHz, 246.54 W
2026/08/17 20:51:08.127, 65, 2842 MHz, 246.84 W
2026/08/17 20:51:09.174, 65, 2842 MHz, 247.59 W
2026/08/17 20:51:10.221, 65, 2842 MHz, 246.03 W
2026/08/17 20:51:11.268, 66, 2842 MHz, 246.80 W
2026/08/17 20:51:12.314, 65, 2842 MHz, 247.59 W
2026/08/17 20:51:13.361, 66, 2842 MHz, 248.12 W
2026/08/17 20:51:14.408, 65, 2842 MHz, 248.44 W
2026/08/17 20:51:15.455, 65, 2842 MHz, 248.31 W
2026/08/17 20:51:16.502, 65, 2842 MHz, 248.59 W
2026/08/17 20:51:17.550, 65, 2842 MHz, 248.41 W
2026/08/17 20:51:18.597, 65, 2842 MHz, 248.91 W
2026/08/17 20:51:19.644, 66, 2842 MHz, 249.21 W
2026/08/17 20:51:20.692, 66, 2842 MHz, 249.05 W
2026/08/17 20:51:21.739, 66, 2842 MHz, 249.77 W
2026/08/17 20:51:22.786, 66, 2842 MHz, 250.21 W
2026/08/17 20:51:23.833, 66, 2842 MHz, 249.98 W
2026/08/17 20:51:24.880, 66, 2842 MHz, 249.57 W
2026/08/17 20:51:25.927, 65, 2842 MHz, 249.55 W
2026/08/17 20:51:26.974, 66, 2842 MHz, 250.23 W
2026/08/17 20:51:28.021, 66, 2842 MHz, 251.05 W
2026/08/17 20:51:29.068, 66, 2842 MHz, 251.22 W
2026/08/17 20:51:30.115, 66, 2842 MHz, 251.80 W
2026/08/17 20:51:31.162, 66, 2842 MHz, 250.49 W
2026/08/17 20:51:32.209, 66, 2842 MHz, 251.37 W
2026/08/17 20:51:33.254, 66, 2842 MHz, 251.61 W
2026/08/17 20:51:34.300, 66, 2842 MHz, 251.82 W
2026/08/17 20:51:35.345, 66, 2842 MHz, 252.10 W
2026/08/17 20:51:34.988, 65, 2842 MHz, 251.76 W
2026/08/17 20:51:36.034, 66, 2842 MHz, 252.35 W
2026/08/17 20:51:37.079, 66, 2842 MHz, 252.20 W
2026/08/17 20:51:38.124, 66, 2842 MHz, 252.33 W
2026/08/17 20:51:39.170, 66, 2842 MHz, 252.68 W
2026/08/17 20:51:40.217, 66, 2842 MHz, 252.46 W
2026/08/17 20:51:41.265, 66, 2842 MHz, 253.14 W
2026/08/17 20:51:42.311, 66, 2842 MHz, 253.37 W
2026/08/17 20:51:43.359, 66, 2835 MHz, 264.85 W
2026/08/17 20:51:44.407, 65, 2842 MHz, 243.49 W
2026/08/17 20:51:45.454, 65, 2842 MHz, 243.89 W
2026/08/17 20:51:46.501, 65, 2842 MHz, 244.83 W
2026/08/17 20:51:47.548, 65, 2842 MHz, 243.70 W
2026/08/17 20:51:48.598, 65, 2842 MHz, 244.27 W
2026/08/17 20:51:49.647, 65, 2842 MHz, 244.82 W
2026/08/17 20:51:50.697, 65, 2842 MHz, 245.15 W
2026/08/17 20:51:51.747, 65, 2842 MHz, 246.26 W
2026/08/17 20:51:52.796, 65, 2842 MHz, 246.84 W
2026/08/17 20:51:53.847, 65, 2842 MHz, 246.19 W
2026/08/17 20:51:54.896, 65, 2842 MHz, 246.17 W
2026/08/17 20:51:55.945, 65, 2842 MHz, 246.61 W
2026/08/17 20:51:56.992, 65, 2842 MHz, 247.53 W
2026/08/17 20:51:58.039, 65, 2842 MHz, 247.90 W
2026/08/17 20:51:59.085, 65, 2842 MHz, 248.26 W
2026/08/17 20:52:00.132, 65, 2842 MHz, 247.86 W
2026/08/17 20:52:01.179, 65, 2842 MHz, 247.10 W
2026/08/17 20:52:02.226, 65, 2842 MHz, 248.11 W
2026/08/17 20:52:03.273, 65, 2842 MHz, 248.89 W
2026/08/17 20:52:04.320, 65, 2842 MHz, 249.15 W
2026/08/17 20:52:05.366, 65, 2842 MHz, 249.42 W
2026/08/17 20:52:06.411, 65, 2842 MHz, 249.72 W
2026/08/17 20:52:06.035, 65, 2842 MHz, 249.53 W
2026/08/17 20:52:07.081, 65, 2842 MHz, 249.39 W
2026/08/17 20:52:08.127, 65, 2842 MHz, 249.60 W
2026/08/17 20:52:09.173, 65, 2842 MHz, 250.16 W
2026/08/17 20:52:10.219, 65, 2842 MHz, 250.08 W
2026/08/17 20:52:11.265, 65, 2842 MHz, 250.87 W
2026/08/17 20:52:12.312, 65, 2842 MHz, 251.51 W
2026/08/17 20:52:13.359, 65, 2842 MHz, 251.03 W
2026/08/17 20:52:14.406, 65, 2842 MHz, 250.98 W
2026/08/17 20:52:15.453, 65, 2842 MHz, 250.95 W
2026/08/17 20:52:16.500, 65, 2842 MHz, 251.70 W
2026/08/17 20:52:17.547, 65, 2842 MHz, 252.06 W
2026/08/17 20:52:18.594, 66, 2842 MHz, 251.90 W
2026/08/17 20:52:19.641, 65, 2842 MHz, 252.58 W
2026/08/17 20:52:20.688, 65, 2842 MHz, 252.20 W
2026/08/17 20:52:21.735, 66, 2842 MHz, 252.48 W
2026/08/17 20:52:22.782, 65, 2842 MHz, 253.31 W
2026/08/17 20:52:23.829, 66, 2842 MHz, 252.72 W
2026/08/17 20:52:24.876, 65, 2842 MHz, 253.11 W
2026/08/17 20:52:25.924, 65, 2842 MHz, 253.14 W
2026/08/17 20:52:26.971, 68, 2835 MHz, 268.30 W
2026/08/17 20:52:28.017, 65, 2842 MHz, 243.85 W
2026/08/17 20:52:29.064, 65, 2842 MHz, 243.96 W
2026/08/17 20:52:30.112, 65, 2842 MHz, 244.86 W
2026/08/17 20:52:31.159, 65, 2842 MHz, 244.00 W
2026/08/17 20:52:32.206, 65, 2842 MHz, 244.07 W
2026/08/17 20:52:33.253, 65, 2842 MHz, 245.21 W
2026/08/17 20:52:34.300, 65, 2842 MHz, 245.31 W
2026/08/17 20:52:35.347, 65, 2842 MHz, 246.33 W
2026/08/17 20:52:36.393, 65, 2842 MHz, 246.59 W
2026/08/17 20:52:36.035, 65, 2842 MHz, 246.68 W
2026/08/17 20:52:37.081, 65, 2842 MHz, 246.04 W
2026/08/17 20:52:38.127, 65, 2842 MHz, 246.96 W
2026/08/17 20:52:39.173, 65, 2842 MHz, 247.71 W
2026/08/17 20:52:40.220, 64, 2842 MHz, 247.65 W
2026/08/17 20:52:41.266, 65, 2842 MHz, 248.23 W
2026/08/17 20:52:42.313, 65, 2842 MHz, 248.54 W
2026/08/17 20:52:43.359, 65, 2842 MHz, 247.86 W
2026/08/17 20:52:44.406, 65, 2842 MHz, 248.35 W
2026/08/17 20:52:45.454, 65, 2842 MHz, 248.33 W
2026/08/17 20:52:46.502, 65, 2842 MHz, 248.73 W
2026/08/17 20:52:47.551, 65, 2842 MHz, 248.96 W
2026/08/17 20:52:48.598, 65, 2842 MHz, 249.60 W
2026/08/17 20:52:49.646, 65, 2842 MHz, 249.60 W
2026/08/17 20:52:50.694, 65, 2842 MHz, 248.85 W
2026/08/17 20:52:51.741, 65, 2842 MHz, 249.85 W
2026/08/17 20:52:52.789, 65, 2842 MHz, 249.88 W
2026/08/17 20:52:53.838, 65, 2842 MHz, 250.64 W
2026/08/17 20:52:54.887, 65, 2842 MHz, 250.87 W
2026/08/17 20:52:55.935, 65, 2842 MHz, 250.99 W
2026/08/17 20:52:56.984, 65, 2842 MHz, 251.53 W
2026/08/17 20:52:58.033, 65, 2842 MHz, 250.65 W
2026/08/17 20:52:59.082, 65, 2842 MHz, 251.50 W
2026/08/17 20:53:00.131, 65, 2842 MHz, 251.72 W
2026/08/17 20:53:01.177, 65, 2842 MHz, 251.32 W
2026/08/17 20:53:02.224, 65, 2842 MHz, 252.24 W
2026/08/17 20:53:03.271, 65, 2842 MHz, 252.37 W
2026/08/17 20:53:04.318, 65, 2842 MHz, 252.82 W
2026/08/17 20:53:05.365, 65, 2842 MHz, 252.46 W
2026/08/17 20:53:06.412, 65, 2842 MHz, 252.52 W
2026/08/17 20:53:07.460, 65, 2842 MHz, 252.59 W
2026/08/17 20:53:07.083, 66, 2842 MHz, 253.22 W
2026/08/17 20:53:08.125, 66, 2842 MHz, 253.71 W
2026/08/17 20:53:09.168, 72, 2842 MHz, 269.68 W
2026/08/17 20:53:10.211, 65, 2842 MHz, 248.70 W
2026/08/17 20:53:11.254, 65, 2842 MHz, 243.89 W
2026/08/17 20:53:12.296, 65, 2842 MHz, 244.80 W
2026/08/17 20:53:13.339, 65, 2842 MHz, 244.19 W
2026/08/17 20:53:14.382, 65, 2842 MHz, 243.69 W
2026/08/17 20:53:15.425, 65, 2842 MHz, 244.52 W
2026/08/17 20:53:16.470, 65, 2842 MHz, 245.23 W
2026/08/17 20:53:17.520, 65, 2842 MHz, 246.30 W
2026/08/17 20:53:18.571, 65, 2842 MHz, 246.60 W
2026/08/17 20:53:19.621, 65, 2842 MHz, 246.72 W
2026/08/17 20:53:20.671, 64, 2842 MHz, 245.44 W
2026/08/17 20:53:21.722, 65, 2842 MHz, 246.69 W
2026/08/17 20:53:22.772, 65, 2842 MHz, 247.43 W
2026/08/17 20:53:23.823, 65, 2842 MHz, 247.93 W
2026/08/17 20:53:24.874, 65, 2842 MHz, 248.34 W
2026/08/17 20:53:25.926, 65, 2842 MHz, 248.73 W
2026/08/17 20:53:26.977, 65, 2842 MHz, 248.23 W
2026/08/17 20:53:28.029, 65, 2842 MHz, 248.68 W
2026/08/17 20:53:29.080, 65, 2842 MHz, 248.89 W
2026/08/17 20:53:30.132, 65, 2842 MHz, 248.88 W
2026/08/17 20:53:31.184, 65, 2842 MHz, 248.53 W
2026/08/17 20:53:32.236, 65, 2842 MHz, 249.56 W
2026/08/17 20:53:33.284, 65, 2842 MHz, 250.00 W
2026/08/17 20:53:34.331, 65, 2842 MHz, 249.90 W
2026/08/17 20:53:35.378, 65, 2842 MHz, 249.87 W
2026/08/17 20:53:36.425, 65, 2842 MHz, 249.66 W
2026/08/17 20:53:37.473, 65, 2842 MHz, 250.58 W
2026/08/17 20:53:38.520, 65, 2842 MHz, 251.16 W
2026/08/17 20:53:38.131, 65, 2842 MHz, 251.33 W
2026/08/17 20:53:39.178, 65, 2842 MHz, 251.30 W
2026/08/17 20:53:40.225, 65, 2842 MHz, 250.25 W
2026/08/17 20:53:41.271, 65, 2842 MHz, 251.20 W
2026/08/17 20:53:42.318, 65, 2842 MHz, 251.34 W
2026/08/17 20:53:43.365, 65, 2842 MHz, 251.70 W
2026/08/17 20:53:44.413, 65, 2842 MHz, 252.12 W
2026/08/17 20:53:45.460, 65, 2842 MHz, 251.64 W
2026/08/17 20:53:46.507, 65, 2842 MHz, 252.44 W
2026/08/17 20:53:47.554, 65, 2842 MHz, 251.91 W
2026/08/17 20:53:48.601, 65, 2842 MHz, 252.44 W
2026/08/17 20:53:49.649, 65, 2842 MHz, 252.37 W
2026/08/17 20:53:50.696, 65, 2842 MHz, 252.38 W
2026/08/17 20:53:51.744, 65, 2842 MHz, 252.99 W
2026/08/17 20:53:52.790, 66, 2842 MHz, 254.26 W
2026/08/17 20:53:53.837, 65, 2842 MHz, 261.99 W
2026/08/17 20:53:54.884, 65, 2842 MHz, 243.66 W
2026/08/17 20:53:55.932, 65, 2842 MHz, 244.36 W
2026/08/17 20:53:56.980, 65, 2842 MHz, 244.73 W
2026/08/17 20:53:58.028, 65, 2842 MHz, 243.32 W
2026/08/17 20:53:59.075, 65, 2842 MHz, 244.50 W
2026/08/17 20:54:00.122, 65, 2842 MHz, 244.80 W
2026/08/17 20:54:01.169, 65, 2842 MHz, 245.19 W
2026/08/17 20:54:02.216, 65, 2842 MHz, 246.52 W
2026/08/17 20:54:03.263, 65, 2842 MHz, 246.79 W
2026/08/17 20:54:04.310, 65, 2842 MHz, 246.19 W
2026/08/17 20:54:05.357, 65, 2842 MHz, 246.39 W
2026/08/17 20:54:06.404, 65, 2842 MHz, 246.73 W
2026/08/17 20:54:07.451, 65, 2842 MHz, 247.46 W
2026/08/17 20:54:08.498, 65, 2842 MHz, 247.99 W
2026/08/17 20:54:09.544, 65, 2842 MHz, 248.49 W
2026/08/17 20:54:09.178, 65, 2842 MHz, 247.61 W
2026/08/17 20:54:10.225, 65, 2842 MHz, 247.46 W
2026/08/17 20:54:11.271, 65, 2842 MHz, 248.36 W
2026/08/17 20:54:12.318, 65, 2842 MHz, 249.04 W
2026/08/17 20:54:13.365, 65, 2842 MHz, 249.01 W
2026/08/17 20:54:14.413, 65, 2842 MHz, 248.95 W
2026/08/17 20:54:15.459, 65, 2842 MHz, 249.31 W
2026/08/17 20:54:16.506, 65, 2842 MHz, 249.21 W
2026/08/17 20:54:17.554, 65, 2842 MHz, 249.31 W
2026/08/17 20:54:18.601, 65, 2842 MHz, 249.46 W
2026/08/17 20:54:19.648, 65, 2842 MHz, 249.70 W
2026/08/17 20:54:20.695, 65, 2842 MHz, 250.17 W
2026/08/17 20:54:21.744, 65, 2842 MHz, 250.90 W
2026/08/17 20:54:22.793, 65, 2842 MHz, 251.07 W
2026/08/17 20:54:23.842, 65, 2842 MHz, 250.35 W
2026/08/17 20:54:24.891, 65, 2842 MHz, 250.66 W
2026/08/17 20:54:25.940, 65, 2842 MHz, 250.57 W
2026/08/17 20:54:26.989, 65, 2842 MHz, 251.55 W
2026/08/17 20:54:28.038, 65, 2842 MHz, 251.77 W
2026/08/17 20:54:29.087, 65, 2842 MHz, 251.78 W
2026/08/17 20:54:30.134, 65, 2842 MHz, 252.41 W
2026/08/17 20:54:31.182, 65, 2842 MHz, 251.70 W
2026/08/17 20:54:32.229, 65, 2842 MHz, 252.07 W
2026/08/17 20:54:33.276, 65, 2842 MHz, 252.06 W
2026/08/17 20:54:34.323, 65, 2842 MHz, 252.24 W
2026/08/17 20:54:35.370, 65, 2842 MHz, 252.64 W
2026/08/17 20:54:36.417, 66, 2842 MHz, 252.58 W
2026/08/17 20:54:37.464, 66, 2842 MHz, 263.74 W
2026/08/17 20:54:38.511, 65, 2842 MHz, 243.33 W
2026/08/17 20:54:39.558, 65, 2842 MHz, 243.47 W
2026/08/17 20:54:40.606, 65, 2842 MHz, 244.37 W
2026/08/17 20:54:40.228, 65, 2842 MHz, 242.69 W
2026/08/17 20:54:41.276, 65, 2842 MHz, 244.11 W
2026/08/17 20:54:42.323, 65, 2842 MHz, 245.24 W
2026/08/17 20:54:43.371, 65, 2842 MHz, 245.48 W
2026/08/17 20:54:44.419, 65, 2842 MHz, 245.99 W
2026/08/17 20:54:45.466, 65, 2842 MHz, 246.39 W
2026/08/17 20:54:46.513, 65, 2842 MHz, 245.73 W
2026/08/17 20:54:47.560, 65, 2842 MHz, 245.97 W
2026/08/17 20:54:48.607, 65, 2842 MHz, 246.78 W
2026/08/17 20:54:49.655, 65, 2842 MHz, 247.27 W
2026/08/17 20:54:50.702, 65, 2842 MHz, 247.43 W
2026/08/17 20:54:51.750, 65, 2842 MHz, 248.05 W
2026/08/17 20:54:52.797, 65, 2842 MHz, 247.73 W
2026/08/17 20:54:53.844, 65, 2842 MHz, 247.44 W
2026/08/17 20:54:54.892, 65, 2842 MHz, 248.22 W
2026/08/17 20:54:55.939, 65, 2842 MHz, 248.48 W
2026/08/17 20:54:56.986, 65, 2842 MHz, 248.78 W
2026/08/17 20:54:58.034, 65, 2842 MHz, 249.08 W
2026/08/17 20:54:59.081, 65, 2842 MHz, 249.73 W
2026/08/17 20:55:00.129, 65, 2842 MHz, 249.20 W
2026/08/17 20:55:01.176, 65, 2842 MHz, 248.54 W
2026/08/17 20:55:02.223, 65, 2842 MHz, 249.30 W
2026/08/17 20:55:03.271, 65, 2842 MHz, 249.51 W
2026/08/17 20:55:04.318, 65, 2842 MHz, 250.04 W
2026/08/17 20:55:05.365, 65, 2842 MHz, 250.01 W
2026/08/17 20:55:06.412, 65, 2842 MHz, 250.08 W
2026/08/17 20:55:07.460, 65, 2842 MHz, 250.30 W
2026/08/17 20:55:08.508, 65, 2842 MHz, 250.00 W
2026/08/17 20:55:09.554, 65, 2842 MHz, 250.76 W
2026/08/17 20:55:10.601, 65, 2842 MHz, 250.99 W
2026/08/17 20:55:10.229, 65, 2842 MHz, 250.92 W
2026/08/17 20:55:11.277, 65, 2842 MHz, 251.41 W
2026/08/17 20:55:12.323, 65, 2842 MHz, 251.67 W
2026/08/17 20:55:13.370, 65, 2842 MHz, 251.88 W
2026/08/17 20:55:14.417, 65, 2842 MHz, 251.36 W
2026/08/17 20:55:15.463, 65, 2842 MHz, 251.73 W
2026/08/17 20:55:16.511, 65, 2842 MHz, 252.21 W
2026/08/17 20:55:17.558, 66, 2842 MHz, 252.63 W
2026/08/17 20:55:18.606, 66, 2842 MHz, 252.82 W
2026/08/17 20:55:19.653, 69, 2820 MHz, 265.32 W
2026/08/17 20:55:20.701, 65, 2842 MHz, 242.89 W
2026/08/17 20:55:21.748, 65, 2842 MHz, 243.56 W
2026/08/17 20:55:22.795, 65, 2842 MHz, 244.32 W
2026/08/17 20:55:23.842, 65, 2842 MHz, 243.30 W
2026/08/17 20:55:24.890, 65, 2842 MHz, 243.80 W
2026/08/17 20:55:25.937, 65, 2842 MHz, 244.46 W
2026/08/17 20:55:26.984, 65, 2842 MHz, 244.93 W
2026/08/17 20:55:28.032, 65, 2842 MHz, 245.80 W
2026/08/17 20:55:29.079, 65, 2842 MHz, 246.17 W
2026/08/17 20:55:30.126, 65, 2842 MHz, 246.02 W
2026/08/17 20:55:31.173, 65, 2842 MHz, 245.69 W
2026/08/17 20:55:32.221, 65, 2842 MHz, 246.54 W
2026/08/17 20:55:33.268, 65, 2842 MHz, 247.17 W
2026/08/17 20:55:34.315, 65, 2842 MHz, 247.50 W
2026/08/17 20:55:35.363, 65, 2842 MHz, 247.60 W
2026/08/17 20:55:36.410, 65, 2842 MHz, 247.36 W
2026/08/17 20:55:37.458, 65, 2842 MHz, 247.12 W
2026/08/17 20:55:38.505, 65, 2842 MHz, 248.15 W
2026/08/17 20:55:39.552, 65, 2842 MHz, 248.21 W
2026/08/17 20:55:40.599, 65, 2842 MHz, 248.77 W
2026/08/17 20:55:41.647, 65, 2842 MHz, 248.20 W
2026/08/17 20:55:41.277, 65, 2842 MHz, 248.98 W
2026/08/17 20:55:42.323, 65, 2842 MHz, 249.43 W
2026/08/17 20:55:43.370, 65, 2842 MHz, 248.95 W
2026/08/17 20:55:44.416, 65, 2842 MHz, 249.45 W
2026/08/17 20:55:45.463, 65, 2842 MHz, 249.32 W
2026/08/17 20:55:46.509, 65, 2842 MHz, 249.83 W
2026/08/17 20:55:47.556, 65, 2842 MHz, 250.47 W
2026/08/17 20:55:48.602, 65, 2842 MHz, 250.82 W
2026/08/17 20:55:49.650, 65, 2842 MHz, 250.74 W
2026/08/17 20:55:50.697, 65, 2842 MHz, 249.93 W
2026/08/17 20:55:51.744, 65, 2842 MHz, 251.30 W
2026/08/17 20:55:52.792, 65, 2842 MHz, 251.42 W
2026/08/17 20:55:53.839, 65, 2842 MHz, 251.49 W
2026/08/17 20:55:54.887, 65, 2842 MHz, 251.67 W
2026/08/17 20:55:55.935, 65, 2842 MHz, 251.69 W
2026/08/17 20:55:56.982, 65, 2842 MHz, 252.33 W
2026/08/17 20:55:58.030, 66, 2842 MHz, 251.77 W
2026/08/17 20:55:59.079, 65, 2842 MHz, 251.97 W
2026/08/17 20:56:00.127, 66, 2842 MHz, 252.24 W
2026/08/17 20:56:01.175, 66, 2842 MHz, 251.93 W
2026/08/17 20:56:02.223, 66, 2842 MHz, 253.16 W
2026/08/17 20:56:03.271, 65, 2835 MHz, 267.78 W
2026/08/17 20:56:04.321, 65, 2842 MHz, 243.66 W
2026/08/17 20:56:05.370, 65, 2842 MHz, 243.81 W
2026/08/17 20:56:06.417, 65, 2842 MHz, 243.41 W
2026/08/17 20:56:07.464, 65, 2842 MHz, 243.56 W
2026/08/17 20:56:08.511, 65, 2842 MHz, 243.31 W
2026/08/17 20:56:09.559, 65, 2842 MHz, 244.29 W
2026/08/17 20:56:10.606, 65, 2842 MHz, 245.08 W
2026/08/17 20:56:11.654, 65, 2842 MHz, 245.63 W
2026/08/17 20:56:12.701, 65, 2842 MHz, 246.31 W
2026/08/17 20:56:12.326, 65, 2842 MHz, 246.39 W
2026/08/17 20:56:13.374, 65, 2842 MHz, 246.07 W
2026/08/17 20:56:14.421, 65, 2842 MHz, 246.31 W
2026/08/17 20:56:15.467, 65, 2842 MHz, 246.96 W
2026/08/17 20:56:16.514, 65, 2842 MHz, 247.54 W
2026/08/17 20:56:17.560, 65, 2842 MHz, 247.74 W
2026/08/17 20:56:18.606, 65, 2842 MHz, 247.99 W
2026/08/17 20:56:19.653, 65, 2842 MHz, 247.31 W
2026/08/17 20:56:20.699, 65, 2842 MHz, 247.65 W
2026/08/17 20:56:21.745, 65, 2842 MHz, 248.23 W
2026/08/17 20:56:22.795, 65, 2842 MHz, 248.49 W
2026/08/17 20:56:23.843, 65, 2842 MHz, 248.70 W
2026/08/17 20:56:24.893, 65, 2842 MHz, 248.95 W
2026/08/17 20:56:25.942, 65, 2842 MHz, 248.81 W
2026/08/17 20:56:26.992, 65, 2842 MHz, 248.77 W
2026/08/17 20:56:28.041, 65, 2842 MHz, 249.38 W
2026/08/17 20:56:29.090, 65, 2842 MHz, 249.41 W
2026/08/17 20:56:30.140, 65, 2842 MHz, 249.54 W
2026/08/17 20:56:31.190, 65, 2842 MHz, 250.15 W
2026/08/17 20:56:32.240, 65, 2842 MHz, 250.72 W
2026/08/17 20:56:33.290, 65, 2842 MHz, 250.95 W
2026/08/17 20:56:34.341, 65, 2842 MHz, 250.67 W
2026/08/17 20:56:35.390, 65, 2842 MHz, 251.16 W
2026/08/17 20:56:36.440, 65, 2842 MHz, 250.63 W
2026/08/17 20:56:37.491, 65, 2842 MHz, 251.31 W
2026/08/17 20:56:38.538, 65, 2842 MHz, 251.75 W
2026/08/17 20:56:39.584, 65, 2842 MHz, 252.04 W
2026/08/17 20:56:40.631, 65, 2842 MHz, 252.01 W
2026/08/17 20:56:41.677, 65, 2842 MHz, 251.40 W
2026/08/17 20:56:42.723, 65, 2842 MHz, 252.08 W
2026/08/17 20:56:43.770, 66, 2842 MHz, 252.55 W
2026/08/17 20:56:43.377, 66, 2842 MHz, 252.54 W
2026/08/17 20:56:44.424, 66, 2842 MHz, 253.12 W
2026/08/17 20:56:45.471, 65, 2842 MHz, 262.24 W
2026/08/17 20:56:46.518, 65, 2842 MHz, 250.18 W
2026/08/17 20:56:47.565, 65, 2842 MHz, 243.57 W
2026/08/17 20:56:48.612, 65, 2842 MHz, 244.08 W
2026/08/17 20:56:49.660, 65, 2842 MHz, 244.00 W
2026/08/17 20:56:50.707, 65, 2842 MHz, 242.98 W
2026/08/17 20:56:51.755, 65, 2842 MHz, 244.27 W
2026/08/17 20:56:52.802, 65, 2842 MHz, 245.07 W
2026/08/17 20:56:53.849, 65, 2842 MHz, 245.35 W
2026/08/17 20:56:54.897, 65, 2842 MHz, 246.32 W
2026/08/17 20:56:55.947, 65, 2842 MHz, 245.95 W
2026/08/17 20:56:56.995, 65, 2842 MHz, 245.52 W
2026/08/17 20:56:58.044, 65, 2842 MHz, 246.30 W
2026/08/17 20:56:59.093, 65, 2842 MHz, 246.64 W
2026/08/17 20:57:00.143, 65, 2842 MHz, 247.09 W
2026/08/17 20:57:01.192, 65, 2842 MHz, 246.88 W
2026/08/17 20:57:02.240, 65, 2842 MHz, 247.75 W
2026/08/17 20:57:03.287, 65, 2842 MHz, 247.29 W
2026/08/17 20:57:04.335, 65, 2842 MHz, 247.52 W
2026/08/17 20:57:05.383, 65, 2842 MHz, 247.79 W
2026/08/17 20:57:06.430, 65, 2842 MHz, 247.82 W
2026/08/17 20:57:07.478, 65, 2842 MHz, 248.46 W
2026/08/17 20:57:08.525, 65, 2842 MHz, 248.33 W
2026/08/17 20:57:09.573, 65, 2842 MHz, 248.93 W
2026/08/17 20:57:10.620, 65, 2842 MHz, 248.67 W
2026/08/17 20:57:11.668, 65, 2842 MHz, 248.64 W
2026/08/17 20:57:12.715, 65, 2842 MHz, 249.38 W
2026/08/17 20:57:13.762, 65, 2842 MHz, 249.10 W
2026/08/17 20:57:13.377, 65, 2842 MHz, 249.79 W
2026/08/17 20:57:14.425, 65, 2842 MHz, 250.11 W
2026/08/17 20:57:15.472, 65, 2842 MHz, 249.80 W
2026/08/17 20:57:16.519, 65, 2842 MHz, 249.68 W
2026/08/17 20:57:17.567, 65, 2842 MHz, 249.94 W
2026/08/17 20:57:18.615, 65, 2842 MHz, 250.34 W
2026/08/17 20:57:19.663, 65, 2842 MHz, 250.53 W
2026/08/17 20:57:20.710, 65, 2842 MHz, 250.69 W
2026/08/17 20:57:21.757, 65, 2842 MHz, 251.15 W
2026/08/17 20:57:22.805, 65, 2842 MHz, 251.04 W
2026/08/17 20:57:23.852, 65, 2842 MHz, 251.18 W
2026/08/17 20:57:24.900, 65, 2842 MHz, 251.42 W
2026/08/17 20:57:25.948, 65, 2842 MHz, 251.15 W
2026/08/17 20:57:26.996, 66, 2842 MHz, 251.71 W
2026/08/17 20:57:28.043, 66, 2842 MHz, 252.01 W
2026/08/17 20:57:29.091, 65, 2842 MHz, 252.30 W
2026/08/17 20:57:30.138, 66, 2842 MHz, 261.70 W
2026/08/17 20:57:31.187, 65, 2842 MHz, 242.75 W
2026/08/17 20:57:32.235, 65, 2842 MHz, 243.35 W
2026/08/17 20:57:33.282, 65, 2842 MHz, 243.87 W
2026/08/17 20:57:34.330, 65, 2842 MHz, 243.10 W
2026/08/17 20:57:35.377, 65, 2842 MHz, 244.39 W
2026/08/17 20:57:36.425, 65, 2842 MHz, 244.67 W
2026/08/17 20:57:37.472, 65, 2842 MHz, 245.46 W
2026/08/17 20:57:38.519, 65, 2842 MHz, 246.04 W
2026/08/17 20:57:39.566, 65, 2842 MHz, 246.72 W
2026/08/17 20:57:40.613, 65, 2842 MHz, 245.69 W
2026/08/17 20:57:41.660, 65, 2842 MHz, 246.06 W
2026/08/17 20:57:42.708, 65, 2842 MHz, 246.79 W
2026/08/17 20:57:43.755, 65, 2842 MHz, 247.22 W
2026/08/17 20:57:44.802, 65, 2842 MHz, 247.85 W
2026/08/17 20:57:44.425, 65, 2842 MHz, 248.20 W
2026/08/17 20:57:45.472, 65, 2842 MHz, 247.56 W
2026/08/17 20:57:46.519, 65, 2842 MHz, 247.56 W
2026/08/17 20:57:47.567, 65, 2842 MHz, 248.36 W
2026/08/17 20:57:48.614, 65, 2842 MHz, 248.46 W
2026/08/17 20:57:49.662, 65, 2842 MHz, 249.16 W
2026/08/17 20:57:50.709, 65, 2842 MHz, 248.81 W
2026/08/17 20:57:51.757, 65, 2842 MHz, 249.68 W
2026/08/17 20:57:52.804, 65, 2842 MHz, 249.42 W
2026/08/17 20:57:53.852, 65, 2842 MHz, 249.57 W
2026/08/17 20:57:54.900, 65, 2842 MHz, 249.66 W
2026/08/17 20:57:55.947, 65, 2842 MHz, 249.51 W
2026/08/17 20:57:56.995, 65, 2842 MHz, 250.29 W
2026/08/17 20:57:58.042, 65, 2842 MHz, 250.56 W
2026/08/17 20:57:59.090, 65, 2842 MHz, 250.71 W
2026/08/17 20:58:00.137, 65, 2842 MHz, 250.42 W
2026/08/17 20:58:01.185, 65, 2842 MHz, 249.52 W
2026/08/17 20:58:02.233, 65, 2842 MHz, 250.67 W
2026/08/17 20:58:03.280, 65, 2842 MHz, 250.95 W
2026/08/17 20:58:04.327, 65, 2842 MHz, 251.21 W
2026/08/17 20:58:05.375, 65, 2842 MHz, 251.22 W
2026/08/17 20:58:06.422, 65, 2842 MHz, 251.05 W
2026/08/17 20:58:07.469, 66, 2842 MHz, 251.65 W
2026/08/17 20:58:08.516, 65, 2842 MHz, 251.48 W
2026/08/17 20:58:09.564, 65, 2842 MHz, 251.63 W
2026/08/17 20:58:10.612, 66, 2842 MHz, 251.94 W
2026/08/17 20:58:11.659, 66, 2842 MHz, 251.61 W
2026/08/17 20:58:12.707, 66, 2842 MHz, 252.81 W
2026/08/17 20:58:13.755, 68, 2820 MHz, 264.85 W
2026/08/17 20:58:14.802, 65, 2842 MHz, 243.21 W
2026/08/17 20:58:15.848, 65, 2842 MHz, 243.70 W
2026/08/17 20:58:15.473, 65, 2842 MHz, 243.54 W
2026/08/17 20:58:16.520, 65, 2842 MHz, 243.22 W
2026/08/17 20:58:17.566, 65, 2842 MHz, 243.81 W
2026/08/17 20:58:18.613, 65, 2842 MHz, 244.48 W
2026/08/17 20:58:19.660, 65, 2842 MHz, 245.12 W
2026/08/17 20:58:20.706, 65, 2842 MHz, 245.32 W
2026/08/17 20:58:21.752, 65, 2842 MHz, 246.30 W
2026/08/17 20:58:22.799, 65, 2842 MHz, 245.60 W
2026/08/17 20:58:23.846, 65, 2842 MHz, 245.86 W
2026/08/17 20:58:24.893, 65, 2842 MHz, 246.39 W
2026/08/17 20:58:25.941, 65, 2842 MHz, 246.65 W
2026/08/17 20:58:26.988, 65, 2842 MHz, 247.34 W
2026/08/17 20:58:28.035, 65, 2842 MHz, 247.83 W
2026/08/17 20:58:29.083, 65, 2842 MHz, 247.91 W
2026/08/17 20:58:30.129, 65, 2842 MHz, 247.49 W
2026/08/17 20:58:31.177, 65, 2842 MHz, 248.00 W
2026/08/17 20:58:32.224, 65, 2842 MHz, 248.53 W
2026/08/17 20:58:33.272, 65, 2842 MHz, 248.85 W
2026/08/17 20:58:34.319, 65, 2842 MHz, 249.01 W
2026/08/17 20:58:35.366, 65, 2842 MHz, 249.29 W
2026/08/17 20:58:36.414, 65, 2842 MHz, 248.91 W
2026/08/17 20:58:37.461, 65, 2842 MHz, 249.46 W
2026/08/17 20:58:38.507, 65, 2842 MHz, 249.92 W
2026/08/17 20:58:39.555, 65, 2842 MHz, 250.16 W
2026/08/17 20:58:40.602, 65, 2842 MHz, 250.44 W
2026/08/17 20:58:41.649, 65, 2842 MHz, 250.54 W
2026/08/17 20:58:42.696, 65, 2842 MHz, 250.92 W
2026/08/17 20:58:43.744, 65, 2842 MHz, 250.61 W
2026/08/17 20:58:44.791, 65, 2842 MHz, 250.38 W
2026/08/17 20:58:45.838, 65, 2842 MHz, 250.78 W
2026/08/17 20:58:46.884, 65, 2842 MHz, 250.85 W
2026/08/17 20:58:46.516, 66, 2842 MHz, 251.63 W
2026/08/17 20:58:47.562, 65, 2842 MHz, 252.06 W
2026/08/17 20:58:48.609, 66, 2842 MHz, 252.28 W
2026/08/17 20:58:49.656, 66, 2842 MHz, 252.07 W
2026/08/17 20:58:50.702, 65, 2842 MHz, 251.35 W
2026/08/17 20:58:51.748, 66, 2842 MHz, 252.52 W
2026/08/17 20:58:52.795, 65, 2842 MHz, 252.78 W
2026/08/17 20:58:53.842, 65, 2842 MHz, 252.49 W
2026/08/17 20:58:54.890, 66, 2842 MHz, 253.04 W
2026/08/17 20:58:55.937, 66, 2842 MHz, 266.77 W
2026/08/17 20:58:56.985, 65, 2842 MHz, 243.44 W
2026/08/17 20:58:58.034, 65, 2842 MHz, 243.82 W
2026/08/17 20:58:59.082, 65, 2842 MHz, 243.86 W
2026/08/17 20:59:00.129, 65, 2842 MHz, 243.46 W
2026/08/17 20:59:01.177, 65, 2842 MHz, 242.89 W
2026/08/17 20:59:02.225, 65, 2842 MHz, 244.64 W
2026/08/17 20:59:03.274, 65, 2842 MHz, 245.26 W
2026/08/17 20:59:04.322, 65, 2842 MHz, 245.79 W
2026/08/17 20:59:05.370, 65, 2842 MHz, 246.59 W
2026/08/17 20:59:06.418, 65, 2842 MHz, 245.63 W
2026/08/17 20:59:07.467, 65, 2842 MHz, 245.91 W
2026/08/17 20:59:08.515, 65, 2842 MHz, 246.54 W
2026/08/17 20:59:09.565, 65, 2842 MHz, 247.22 W
2026/08/17 20:59:10.613, 65, 2842 MHz, 247.90 W
2026/08/17 20:59:11.660, 65, 2842 MHz, 247.62 W
2026/08/17 20:59:12.708, 65, 2842 MHz, 248.24 W
2026/08/17 20:59:13.756, 65, 2842 MHz, 247.47 W
2026/08/17 20:59:14.803, 65, 2842 MHz, 247.92 W
2026/08/17 20:59:15.850, 65, 2842 MHz, 248.17 W
2026/08/17 20:59:16.898, 65, 2842 MHz, 248.06 W
2026/08/17 20:59:17.945, 65, 2842 MHz, 248.78 W
2026/08/17 20:59:17.563, 65, 2842 MHz, 249.16 W
2026/08/17 20:59:18.610, 65, 2842 MHz, 249.10 W
2026/08/17 20:59:19.655, 65, 2842 MHz, 249.05 W
2026/08/17 20:59:20.699, 65, 2842 MHz, 249.01 W
2026/08/17 20:59:21.743, 65, 2842 MHz, 249.67 W
2026/08/17 20:59:22.787, 65, 2842 MHz, 249.61 W
2026/08/17 20:59:23.831, 65, 2842 MHz, 250.51 W
2026/08/17 20:59:24.876, 65, 2842 MHz, 251.18 W
2026/08/17 20:59:25.921, 65, 2842 MHz, 250.76 W
2026/08/17 20:59:26.969, 65, 2842 MHz, 250.53 W
2026/08/17 20:59:28.020, 65, 2842 MHz, 250.76 W
2026/08/17 20:59:29.071, 65, 2842 MHz, 251.25 W
2026/08/17 20:59:30.122, 65, 2842 MHz, 251.48 W
2026/08/17 20:59:31.172, 65, 2842 MHz, 251.62 W
2026/08/17 20:59:32.223, 66, 2842 MHz, 252.34 W
2026/08/17 20:59:33.275, 65, 2842 MHz, 252.00 W
2026/08/17 20:59:34.325, 65, 2842 MHz, 251.96 W
2026/08/17 20:59:35.374, 66, 2842 MHz, 252.07 W
2026/08/17 20:59:36.424, 65, 2842 MHz, 252.00 W
2026/08/17 20:59:37.473, 66, 2842 MHz, 252.69 W
2026/08/17 20:59:38.522, 66, 2842 MHz, 252.95 W
2026/08/17 20:59:39.572, 68, 2812 MHz, 268.79 W
2026/08/17 20:59:40.621, 65, 2842 MHz, 247.60 W
2026/08/17 20:59:41.671, 65, 2842 MHz, 243.08 W
2026/08/17 20:59:42.719, 65, 2842 MHz, 243.91 W
2026/08/17 20:59:43.766, 65, 2842 MHz, 243.33 W
2026/08/17 20:59:44.812, 65, 2842 MHz, 242.93 W
2026/08/17 20:59:45.860, 65, 2842 MHz, 244.27 W
2026/08/17 20:59:46.907, 65, 2842 MHz, 244.73 W
2026/08/17 20:59:47.954, 65, 2842 MHz, 245.21 W
2026/08/17 20:59:47.565, 65, 2842 MHz, 246.11 W
2026/08/17 20:59:48.612, 65, 2842 MHz, 246.12 W
2026/08/17 20:59:49.660, 65, 2842 MHz, 245.72 W
2026/08/17 20:59:50.704, 65, 2842 MHz, 246.17 W
2026/08/17 20:59:51.740, 65, 2842 MHz, 247.09 W
2026/08/17 20:59:52.776, 65, 2842 MHz, 247.66 W
2026/08/17 20:59:53.812, 65, 2842 MHz, 247.55 W
2026/08/17 20:59:54.849, 65, 2842 MHz, 247.95 W
2026/08/17 20:59:55.886, 65, 2842 MHz, 247.15 W
2026/08/17 20:59:56.923, 65, 2842 MHz, 247.41 W
2026/08/17 20:59:57.959, 65, 2842 MHz, 248.16 W
2026/08/17 20:59:59.009, 65, 2842 MHz, 248.24 W
2026/08/17 21:00:00.072, 65, 2842 MHz, 249.16 W
2026/08/17 21:00:01.135, 65, 2842 MHz, 248.89 W
2026/08/17 21:00:02.198, 65, 2842 MHz, 248.97 W
2026/08/17 21:00:03.261, 65, 2842 MHz, 248.85 W
2026/08/17 21:00:04.324, 65, 2842 MHz, 249.33 W
2026/08/17 21:00:05.387, 65, 2842 MHz, 249.74 W
2026/08/17 21:00:06.444, 65, 2842 MHz, 249.69 W
2026/08/17 21:00:07.492, 65, 2842 MHz, 250.36 W
2026/08/17 21:00:08.540, 65, 2842 MHz, 250.53 W
2026/08/17 21:00:09.589, 65, 2842 MHz, 250.58 W
2026/08/17 21:00:10.636, 65, 2842 MHz, 250.32 W
2026/08/17 21:00:11.684, 65, 2842 MHz, 250.01 W
2026/08/17 21:00:12.732, 65, 2842 MHz, 250.96 W
2026/08/17 21:00:13.780, 65, 2842 MHz, 251.21 W
2026/08/17 21:00:14.827, 65, 2842 MHz, 251.44 W
2026/08/17 21:00:15.871, 65, 2842 MHz, 251.81 W
2026/08/17 21:00:16.915, 65, 2842 MHz, 251.33 W
2026/08/17 21:00:17.959, 65, 2842 MHz, 251.60 W
2026/08/17 21:00:19.002, 65, 2842 MHz, 251.90 W
2026/08/17 21:00:18.611, 65, 2842 MHz, 252.28 W
2026/08/17 21:00:19.655, 66, 2842 MHz, 252.70 W
2026/08/17 21:00:20.699, 66, 2842 MHz, 252.17 W
2026/08/17 21:00:21.743, 70, 2842 MHz, 262.11 W
2026/08/17 21:00:22.787, 65, 2842 MHz, 257.86 W
2026/08/17 21:00:23.834, 65, 2842 MHz, 243.56 W
2026/08/17 21:00:24.881, 65, 2842 MHz, 243.93 W
2026/08/17 21:00:25.928, 65, 2842 MHz, 243.20 W
2026/08/17 21:00:26.974, 65, 2842 MHz, 242.97 W
2026/08/17 21:00:28.021, 65, 2842 MHz, 244.17 W
2026/08/17 21:00:29.068, 65, 2842 MHz, 244.74 W
2026/08/17 21:00:30.115, 65, 2842 MHz, 245.34 W
2026/08/17 21:00:31.162, 65, 2842 MHz, 245.45 W
2026/08/17 21:00:32.210, 65, 2842 MHz, 246.35 W
2026/08/17 21:00:33.258, 65, 2842 MHz, 245.49 W
2026/08/17 21:00:34.306, 65, 2842 MHz, 246.56 W
2026/08/17 21:00:35.353, 65, 2842 MHz, 246.95 W
2026/08/17 21:00:36.400, 65, 2842 MHz, 246.62 W
2026/08/17 21:00:37.447, 65, 2842 MHz, 247.26 W
2026/08/17 21:00:38.494, 65, 2842 MHz, 247.59 W
2026/08/17 21:00:39.541, 65, 2842 MHz, 247.57 W
2026/08/17 21:00:40.589, 65, 2842 MHz, 247.09 W
2026/08/17 21:00:41.636, 65, 2842 MHz, 247.43 W
2026/08/17 21:00:42.683, 65, 2842 MHz, 248.45 W
2026/08/17 21:00:43.730, 65, 2842 MHz, 248.72 W
2026/08/17 21:00:44.778, 65, 2842 MHz, 249.02 W
2026/08/17 21:00:45.824, 65, 2842 MHz, 248.62 W
2026/08/17 21:00:46.872, 65, 2842 MHz, 248.02 W
2026/08/17 21:00:47.919, 65, 2842 MHz, 248.95 W
2026/08/17 21:00:48.966, 65, 2842 MHz, 249.22 W
2026/08/17 21:00:50.013, 65, 2842 MHz, 249.74 W
2026/08/17 21:00:49.663, 65, 2842 MHz, 249.86 W
2026/08/17 21:00:50.711, 65, 2842 MHz, 250.13 W
2026/08/17 21:00:51.758, 65, 2842 MHz, 250.22 W
2026/08/17 21:00:52.805, 65, 2842 MHz, 250.30 W
2026/08/17 21:00:53.853, 65, 2842 MHz, 250.25 W
2026/08/17 21:00:54.900, 65, 2842 MHz, 250.07 W
2026/08/17 21:00:55.947, 65, 2842 MHz, 250.47 W
2026/08/17 21:00:56.994, 65, 2842 MHz, 251.40 W
2026/08/17 21:00:58.042, 65, 2842 MHz, 251.95 W
2026/08/17 21:00:59.089, 65, 2842 MHz, 251.78 W
2026/08/17 21:01:00.137, 65, 2842 MHz, 251.85 W
2026/08/17 21:01:01.184, 65, 2842 MHz, 251.25 W
2026/08/17 21:01:02.232, 65, 2842 MHz, 251.84 W
2026/08/17 21:01:03.279, 65, 2842 MHz, 252.20 W
2026/08/17 21:01:04.326, 65, 2842 MHz, 251.98 W
2026/08/17 21:01:05.374, 65, 2842 MHz, 252.76 W
2026/08/17 21:01:06.421, 65, 2842 MHz, 263.45 W
2026/08/17 21:01:07.468, 65, 2842 MHz, 243.39 W
2026/08/17 21:01:08.515, 65, 2842 MHz, 243.67 W
2026/08/17 21:01:09.562, 65, 2842 MHz, 243.60 W
2026/08/17 21:01:10.610, 65, 2842 MHz, 242.73 W
2026/08/17 21:01:11.658, 65, 2842 MHz, 243.92 W
2026/08/17 21:01:12.705, 65, 2842 MHz, 244.93 W
2026/08/17 21:01:13.752, 65, 2842 MHz, 245.43 W
2026/08/17 21:01:14.799, 65, 2842 MHz, 245.72 W
2026/08/17 21:01:15.847, 65, 2842 MHz, 246.57 W
2026/08/17 21:01:16.894, 65, 2842 MHz, 245.10 W
2026/08/17 21:01:17.942, 65, 2842 MHz, 246.14 W
2026/08/17 21:01:18.989, 65, 2842 MHz, 246.53 W
2026/08/17 21:01:20.037, 65, 2842 MHz, 247.00 W
2026/08/17 21:01:21.084, 65, 2842 MHz, 247.59 W
2026/08/17 21:01:20.715, 65, 2842 MHz, 247.43 W
2026/08/17 21:01:21.763, 65, 2842 MHz, 247.52 W
2026/08/17 21:01:22.810, 65, 2842 MHz, 247.24 W
2026/08/17 21:01:23.857, 65, 2842 MHz, 247.98 W
2026/08/17 21:01:24.904, 65, 2842 MHz, 248.43 W
2026/08/17 21:01:25.952, 65, 2842 MHz, 248.20 W
2026/08/17 21:01:26.999, 65, 2842 MHz, 249.16 W
2026/08/17 21:01:28.047, 65, 2842 MHz, 249.24 W
2026/08/17 21:01:29.095, 65, 2842 MHz, 248.74 W
2026/08/17 21:01:30.143, 65, 2842 MHz, 249.28 W
2026/08/17 21:01:31.190, 64, 2842 MHz, 249.06 W
2026/08/17 21:01:32.238, 65, 2842 MHz, 249.92 W
2026/08/17 21:01:33.285, 65, 2842 MHz, 249.96 W
2026/08/17 21:01:34.332, 65, 2842 MHz, 250.32 W
2026/08/17 21:01:35.380, 65, 2842 MHz, 250.40 W
2026/08/17 21:01:36.427, 65, 2842 MHz, 249.96 W
2026/08/17 21:01:37.474, 65, 2842 MHz, 250.45 W
2026/08/17 21:01:38.522, 65, 2842 MHz, 250.18 W
2026/08/17 21:01:39.569, 65, 2842 MHz, 250.65 W
2026/08/17 21:01:40.616, 65, 2842 MHz, 250.82 W
2026/08/17 21:01:41.663, 65, 2842 MHz, 250.65 W
2026/08/17 21:01:42.711, 65, 2842 MHz, 251.67 W
2026/08/17 21:01:43.758, 65, 2842 MHz, 250.89 W
2026/08/17 21:01:44.804, 65, 2842 MHz, 251.25 W
2026/08/17 21:01:45.851, 65, 2842 MHz, 251.66 W
2026/08/17 21:01:46.897, 65, 2842 MHz, 251.71 W
2026/08/17 21:01:47.944, 65, 2842 MHz, 251.94 W
2026/08/17 21:01:48.990, 65, 2842 MHz, 252.02 W
2026/08/17 21:01:50.036, 66, 2835 MHz, 264.93 W
2026/08/17 21:01:51.083, 65, 2842 MHz, 243.09 W
2026/08/17 21:01:52.131, 65, 2842 MHz, 243.16 W
2026/08/17 21:01:51.764, 65, 2842 MHz, 243.84 W
2026/08/17 21:01:52.812, 65, 2842 MHz, 242.94 W
2026/08/17 21:01:53.859, 65, 2842 MHz, 243.43 W
2026/08/17 21:01:54.906, 65, 2842 MHz, 244.24 W
2026/08/17 21:01:55.954, 65, 2842 MHz, 244.61 W
2026/08/17 21:01:57.001, 65, 2842 MHz, 245.34 W
2026/08/17 21:01:58.049, 65, 2842 MHz, 246.13 W
2026/08/17 21:01:59.096, 65, 2842 MHz, 245.54 W
2026/08/17 21:02:00.144, 65, 2842 MHz, 246.11 W
2026/08/17 21:02:01.193, 65, 2842 MHz, 246.12 W
2026/08/17 21:02:02.242, 65, 2842 MHz, 246.81 W
2026/08/17 21:02:03.291, 65, 2842 MHz, 247.14 W
2026/08/17 21:02:04.340, 65, 2842 MHz, 247.44 W
2026/08/17 21:02:05.388, 65, 2842 MHz, 247.83 W
2026/08/17 21:02:06.436, 65, 2842 MHz, 247.15 W
2026/08/17 21:02:07.484, 65, 2842 MHz, 247.27 W
2026/08/17 21:02:08.531, 65, 2842 MHz, 248.02 W
2026/08/17 21:02:09.579, 65, 2842 MHz, 248.18 W
2026/08/17 21:02:10.626, 65, 2842 MHz, 248.62 W
2026/08/17 21:02:11.674, 65, 2842 MHz, 248.90 W
2026/08/17 21:02:12.721, 65, 2842 MHz, 248.85 W
2026/08/17 21:02:13.769, 65, 2842 MHz, 248.59 W
2026/08/17 21:02:14.816, 65, 2842 MHz, 248.97 W
2026/08/17 21:02:15.863, 65, 2842 MHz, 249.78 W
2026/08/17 21:02:16.911, 65, 2842 MHz, 249.16 W
2026/08/17 21:02:17.958, 65, 2842 MHz, 249.89 W
2026/08/17 21:02:19.005, 65, 2842 MHz, 250.43 W
2026/08/17 21:02:20.052, 65, 2842 MHz, 250.24 W
2026/08/17 21:02:21.099, 65, 2842 MHz, 250.30 W
2026/08/17 21:02:22.146, 65, 2842 MHz, 250.05 W
2026/08/17 21:02:23.193, 65, 2842 MHz, 250.81 W
2026/08/17 21:02:24.239, 65, 2842 MHz, 250.94 W
2026/08/17 21:02:25.286, 65, 2842 MHz, 251.12 W
2026/08/17 21:02:26.333, 65, 2842 MHz, 251.74 W
2026/08/17 21:02:27.380, 65, 2842 MHz, 250.90 W
2026/08/17 21:02:28.426, 65, 2842 MHz, 251.06 W
2026/08/17 21:02:29.473, 65, 2842 MHz, 251.82 W
2026/08/17 21:02:30.519, 65, 2842 MHz, 252.05 W
2026/08/17 21:02:31.566, 65, 2842 MHz, 252.32 W
2026/08/17 21:02:32.606, 65, 2842 MHz, 252.24 W
2026/08/17 21:02:33.645, 74, 2827 MHz, 265.06 W
2026/08/17 21:02:34.684, 65, 2842 MHz, 242.93 W
2026/08/17 21:02:35.723, 65, 2842 MHz, 242.25 W
2026/08/17 21:02:36.762, 65, 2842 MHz, 242.61 W
2026/08/17 21:02:37.802, 65, 2842 MHz, 243.15 W
2026/08/17 21:02:36.794, 65, 2842 MHz, 243.25 W
2026/08/17 21:02:37.834, 65, 2842 MHz, 242.56 W
2026/08/17 21:02:38.872, 65, 2842 MHz, 242.58 W
2026/08/17 21:02:39.913, 65, 2842 MHz, 243.46 W
2026/08/17 21:02:40.958, 65, 2842 MHz, 243.72 W
2026/08/17 21:02:42.005, 65, 2842 MHz, 243.28 W
2026/08/17 21:02:43.051, 65, 2842 MHz, 242.38 W
2026/08/17 21:02:44.097, 65, 2842 MHz, 242.63 W
2026/08/17 21:02:45.143, 65, 2842 MHz, 243.43 W
2026/08/17 21:02:46.189, 64, 2842 MHz, 243.69 W
2026/08/17 21:02:47.235, 65, 2842 MHz, 244.77 W
2026/08/17 21:02:48.281, 65, 2842 MHz, 243.99 W
2026/08/17 21:02:49.327, 64, 2842 MHz, 242.16 W
2026/08/17 21:02:50.373, 64, 2842 MHz, 243.06 W
2026/08/17 21:02:51.419, 65, 2842 MHz, 243.85 W
2026/08/17 21:02:52.466, 65, 2842 MHz, 244.93 W
2026/08/17 21:02:53.512, 65, 2842 MHz, 245.75 W
2026/08/17 21:02:54.558, 65, 2842 MHz, 246.37 W
2026/08/17 21:02:55.604, 65, 2842 MHz, 243.32 W
2026/08/17 21:02:56.651, 65, 2842 MHz, 243.19 W
2026/08/17 21:02:57.697, 64, 2842 MHz, 244.04 W
2026/08/17 21:02:58.744, 65, 2842 MHz, 244.74 W
2026/08/17 21:02:59.791, 65, 2842 MHz, 245.91 W
2026/08/17 21:03:00.838, 65, 2842 MHz, 246.21 W
2026/08/17 21:03:01.885, 65, 2842 MHz, 245.71 W
2026/08/17 21:03:02.933, 65, 2842 MHz, 243.70 W
2026/08/17 21:03:03.979, 65, 2842 MHz, 244.52 W
2026/08/17 21:03:05.026, 65, 2842 MHz, 245.10 W
2026/08/17 21:03:06.073, 65, 2842 MHz, 245.78 W
2026/08/17 21:03:07.119, 65, 2842 MHz, 246.39 W
2026/08/17 21:03:08.166, 65, 2842 MHz, 247.12 W
2026/08/17 21:03:07.840, 65, 2842 MHz, 246.98 W
2026/08/17 21:03:08.887, 65, 2842 MHz, 244.25 W
2026/08/17 21:03:09.933, 65, 2842 MHz, 244.63 W
2026/08/17 21:03:10.979, 65, 2842 MHz, 245.04 W
2026/08/17 21:03:12.026, 65, 2842 MHz, 246.20 W
2026/08/17 21:03:13.073, 65, 2842 MHz, 247.22 W
2026/08/17 21:03:14.120, 60, 2842 MHz, 181.53 W
2026/08/17 21:03:15.167, 56, 2865 MHz, 66.73 W
2026/08/17 21:03:16.214, 54, 825 MHz, 51.50 W
2026/08/17 21:03:17.260, 53, 435 MHz, 36.27 W
2026/08/17 21:03:18.306, 52, 345 MHz, 34.06 W
2026/08/17 21:03:19.353, 51, 217 MHz, 25.51 W
2026/08/17 21:03:20.400, 51, 180 MHz, 24.06 W
2026/08/17 21:03:21.448, 50, 180 MHz, 23.20 W
2026/08/17 21:03:22.496, 56, 1867 MHz, 101.20 W
2026/08/17 21:03:23.543, 60, 2857 MHz, 226.93 W
2026/08/17 21:03:24.589, 60, 2857 MHz, 227.69 W
2026/08/17 21:03:25.637, 61, 2842 MHz, 228.51 W
2026/08/17 21:03:26.684, 61, 2842 MHz, 228.97 W
2026/08/17 21:03:27.731, 61, 2842 MHz, 229.28 W
2026/08/17 21:03:28.778, 61, 2842 MHz, 229.91 W
2026/08/17 21:03:29.825, 61, 2842 MHz, 229.21 W
2026/08/17 21:03:30.872, 61, 2842 MHz, 228.99 W
2026/08/17 21:03:31.920, 62, 2842 MHz, 229.70 W
2026/08/17 21:03:32.967, 62, 2842 MHz, 230.22 W
2026/08/17 21:03:34.014, 62, 2842 MHz, 231.16 W
2026/08/17 21:03:35.062, 62, 2842 MHz, 231.23 W
2026/08/17 21:03:36.110, 62, 2842 MHz, 231.82 W
2026/08/17 21:03:37.156, 62, 2842 MHz, 232.24 W
2026/08/17 21:03:38.203, 63, 2842 MHz, 232.11 W
2026/08/17 21:03:39.249, 63, 2842 MHz, 232.14 W
2026/08/17 21:03:38.890, 63, 2842 MHz, 231.29 W
2026/08/17 21:03:39.936, 63, 2842 MHz, 230.71 W
2026/08/17 21:03:40.982, 63, 2842 MHz, 231.49 W
2026/08/17 21:03:42.029, 63, 2842 MHz, 231.56 W
2026/08/17 21:03:43.075, 63, 2842 MHz, 233.20 W
2026/08/17 21:03:44.121, 64, 2842 MHz, 234.07 W
2026/08/17 21:03:45.167, 64, 2842 MHz, 234.62 W
2026/08/17 21:03:46.213, 64, 2842 MHz, 234.73 W
2026/08/17 21:03:47.259, 64, 2842 MHz, 234.83 W
2026/08/17 21:03:48.305, 64, 2842 MHz, 233.94 W
2026/08/17 21:03:49.352, 64, 2842 MHz, 233.21 W
2026/08/17 21:03:50.398, 64, 2842 MHz, 232.02 W
2026/08/17 21:03:51.444, 64, 2842 MHz, 231.80 W
2026/08/17 21:03:52.490, 64, 2842 MHz, 231.82 W
2026/08/17 21:03:53.537, 64, 2842 MHz, 232.87 W
2026/08/17 21:03:54.584, 64, 2842 MHz, 233.28 W
2026/08/17 21:03:55.631, 65, 2842 MHz, 234.94 W
2026/08/17 21:03:56.678, 65, 2842 MHz, 236.60 W
2026/08/17 21:03:57.725, 65, 2842 MHz, 236.30 W
2026/08/17 21:03:58.772, 65, 2842 MHz, 236.51 W
2026/08/17 21:03:59.818, 65, 2842 MHz, 234.97 W
2026/08/17 21:04:00.865, 67, 2827 MHz, 249.91 W
2026/08/17 21:04:01.912, 65, 2842 MHz, 240.44 W
2026/08/17 21:04:02.959, 65, 2842 MHz, 243.33 W
2026/08/17 21:04:04.006, 65, 2842 MHz, 244.40 W
2026/08/17 21:04:05.054, 66, 2842 MHz, 243.79 W
2026/08/17 21:04:06.101, 66, 2842 MHz, 244.25 W
2026/08/17 21:04:07.148, 66, 2842 MHz, 245.26 W
2026/08/17 21:04:08.194, 66, 2842 MHz, 245.37 W
2026/08/17 21:04:09.240, 66, 2842 MHz, 246.52 W
2026/08/17 21:04:08.891, 66, 2842 MHz, 246.96 W
2026/08/17 21:04:09.938, 66, 2842 MHz, 246.57 W
2026/08/17 21:04:10.984, 66, 2842 MHz, 246.54 W
2026/08/17 21:04:12.029, 66, 2842 MHz, 246.74 W
2026/08/17 21:04:13.075, 66, 2842 MHz, 247.83 W
2026/08/17 21:04:14.121, 66, 2842 MHz, 248.26 W
2026/08/17 21:04:15.167, 66, 2842 MHz, 248.30 W
2026/08/17 21:04:16.212, 66, 2842 MHz, 248.68 W
2026/08/17 21:04:17.258, 66, 2842 MHz, 247.58 W
2026/08/17 21:04:18.305, 66, 2842 MHz, 248.73 W
2026/08/17 21:04:19.351, 66, 2842 MHz, 249.16 W
2026/08/17 21:04:20.397, 66, 2842 MHz, 249.62 W
2026/08/17 21:04:21.443, 66, 2842 MHz, 249.78 W
2026/08/17 21:04:22.490, 66, 2842 MHz, 249.72 W
2026/08/17 21:04:23.536, 66, 2842 MHz, 249.96 W
2026/08/17 21:04:24.582, 66, 2842 MHz, 249.96 W
2026/08/17 21:04:25.630, 66, 2842 MHz, 250.23 W
2026/08/17 21:04:26.677, 66, 2842 MHz, 250.43 W
2026/08/17 21:04:27.725, 66, 2842 MHz, 250.25 W
2026/08/17 21:04:28.772, 66, 2842 MHz, 251.12 W
2026/08/17 21:04:29.819, 66, 2842 MHz, 251.35 W
2026/08/17 21:04:30.867, 66, 2842 MHz, 251.23 W
2026/08/17 21:04:31.914, 66, 2842 MHz, 250.80 W
2026/08/17 21:04:32.961, 66, 2842 MHz, 250.97 W
2026/08/17 21:04:34.008, 66, 2842 MHz, 251.53 W
2026/08/17 21:04:35.056, 66, 2842 MHz, 252.03 W
2026/08/17 21:04:36.103, 66, 2842 MHz, 252.18 W
2026/08/17 21:04:37.150, 67, 2842 MHz, 252.42 W
2026/08/17 21:04:38.197, 66, 2842 MHz, 251.95 W
2026/08/17 21:04:39.244, 67, 2842 MHz, 252.06 W
2026/08/17 21:04:40.292, 66, 2842 MHz, 252.58 W
2026/08/17 21:04:39.940, 67, 2842 MHz, 252.91 W
2026/08/17 21:04:40.985, 67, 2842 MHz, 252.89 W
2026/08/17 21:04:42.030, 67, 2842 MHz, 253.05 W
2026/08/17 21:04:43.076, 69, 2842 MHz, 269.76 W
2026/08/17 21:04:44.122, 66, 2842 MHz, 243.88 W
2026/08/17 21:04:45.167, 66, 2842 MHz, 244.60 W
2026/08/17 21:04:46.213, 66, 2842 MHz, 245.07 W
2026/08/17 21:04:47.259, 66, 2842 MHz, 244.24 W
2026/08/17 21:04:48.305, 66, 2842 MHz, 244.42 W
2026/08/17 21:04:49.350, 66, 2842 MHz, 245.48 W
2026/08/17 21:04:50.395, 66, 2842 MHz, 246.18 W
2026/08/17 21:04:51.441, 66, 2842 MHz, 246.61 W
2026/08/17 21:04:52.487, 66, 2842 MHz, 246.93 W
2026/08/17 21:04:53.532, 66, 2842 MHz, 246.70 W
2026/08/17 21:04:54.577, 66, 2842 MHz, 246.63 W
2026/08/17 21:04:55.623, 66, 2842 MHz, 247.46 W
2026/08/17 21:04:56.669, 66, 2842 MHz, 247.63 W
2026/08/17 21:04:57.716, 66, 2842 MHz, 247.58 W
2026/08/17 21:04:58.764, 66, 2842 MHz, 248.29 W
2026/08/17 21:04:59.811, 66, 2842 MHz, 248.65 W
2026/08/17 21:05:00.858, 66, 2842 MHz, 248.31 W
2026/08/17 21:05:01.905, 66, 2842 MHz, 248.05 W
2026/08/17 21:05:02.953, 66, 2842 MHz, 248.28 W
2026/08/17 21:05:04.000, 66, 2842 MHz, 248.88 W
2026/08/17 21:05:05.047, 65, 2842 MHz, 249.49 W
2026/08/17 21:05:06.095, 66, 2842 MHz, 249.79 W
2026/08/17 21:05:07.143, 66, 2842 MHz, 249.86 W
2026/08/17 21:05:08.190, 66, 2842 MHz, 249.05 W
2026/08/17 21:05:09.238, 66, 2842 MHz, 249.96 W
2026/08/17 21:05:10.285, 66, 2842 MHz, 250.06 W
2026/08/17 21:05:11.332, 66, 2842 MHz, 249.82 W
2026/08/17 21:05:10.984, 66, 2842 MHz, 250.56 W
2026/08/17 21:05:12.031, 65, 2842 MHz, 250.52 W
2026/08/17 21:05:13.075, 66, 2842 MHz, 250.55 W
2026/08/17 21:05:14.116, 66, 2842 MHz, 250.31 W
2026/08/17 21:05:15.158, 66, 2842 MHz, 250.51 W
2026/08/17 21:05:16.200, 66, 2842 MHz, 250.85 W
2026/08/17 21:05:17.241, 66, 2842 MHz, 250.85 W
2026/08/17 21:05:18.282, 66, 2842 MHz, 251.63 W
2026/08/17 21:05:19.324, 66, 2842 MHz, 251.87 W
2026/08/17 21:05:20.366, 66, 2842 MHz, 251.85 W
2026/08/17 21:05:21.410, 66, 2842 MHz, 251.64 W
2026/08/17 21:05:22.458, 66, 2842 MHz, 251.43 W
2026/08/17 21:05:23.506, 66, 2842 MHz, 252.06 W
2026/08/17 21:05:24.554, 66, 2842 MHz, 252.14 W
2026/08/17 21:05:25.601, 66, 2842 MHz, 252.27 W
2026/08/17 21:05:26.650, 66, 2842 MHz, 267.64 W
2026/08/17 21:05:27.697, 65, 2842 MHz, 242.94 W
2026/08/17 21:05:28.745, 65, 2842 MHz, 243.26 W
2026/08/17 21:05:29.794, 65, 2842 MHz, 243.72 W
2026/08/17 21:05:30.844, 65, 2842 MHz, 243.42 W
2026/08/17 21:05:31.894, 65, 2842 MHz, 243.23 W
2026/08/17 21:05:32.944, 65, 2842 MHz, 244.13 W
2026/08/17 21:05:33.994, 65, 2842 MHz, 245.12 W
2026/08/17 21:05:35.044, 65, 2842 MHz, 245.56 W
2026/08/17 21:05:36.093, 65, 2842 MHz, 246.16 W
2026/08/17 21:05:37.143, 65, 2842 MHz, 245.99 W
2026/08/17 21:05:38.190, 65, 2842 MHz, 245.26 W
2026/08/17 21:05:39.237, 65, 2842 MHz, 246.43 W
2026/08/17 21:05:40.284, 65, 2842 MHz, 246.91 W
2026/08/17 21:05:41.331, 65, 2842 MHz, 247.37 W
2026/08/17 21:05:42.378, 65, 2842 MHz, 247.40 W
2026/08/17 21:05:42.026, 65, 2842 MHz, 247.22 W
2026/08/17 21:05:43.074, 65, 2842 MHz, 247.29 W
2026/08/17 21:05:44.121, 65, 2842 MHz, 247.41 W
2026/08/17 21:05:45.168, 65, 2842 MHz, 248.05 W
2026/08/17 21:05:46.215, 65, 2842 MHz, 248.15 W
2026/08/17 21:05:47.263, 65, 2842 MHz, 248.14 W
2026/08/17 21:05:48.310, 65, 2842 MHz, 248.74 W
2026/08/17 21:05:49.358, 65, 2842 MHz, 248.63 W
2026/08/17 21:05:50.405, 65, 2842 MHz, 248.35 W
2026/08/17 21:05:51.452, 65, 2842 MHz, 248.85 W
2026/08/17 21:05:52.499, 65, 2842 MHz, 249.02 W
2026/08/17 21:05:53.546, 65, 2842 MHz, 249.33 W
2026/08/17 21:05:54.593, 65, 2842 MHz, 249.65 W
2026/08/17 21:05:55.641, 65, 2842 MHz, 250.32 W
2026/08/17 21:05:56.688, 65, 2842 MHz, 250.41 W
2026/08/17 21:05:57.735, 65, 2842 MHz, 249.76 W
2026/08/17 21:05:58.782, 65, 2842 MHz, 250.34 W
2026/08/17 21:05:59.830, 65, 2842 MHz, 250.71 W
2026/08/17 21:06:00.877, 65, 2842 MHz, 251.00 W
2026/08/17 21:06:01.925, 65, 2842 MHz, 251.30 W
2026/08/17 21:06:02.972, 65, 2842 MHz, 251.35 W
2026/08/17 21:06:04.019, 65, 2842 MHz, 251.69 W
2026/08/17 21:06:05.067, 65, 2842 MHz, 251.48 W
2026/08/17 21:06:06.114, 65, 2842 MHz, 251.71 W
2026/08/17 21:06:07.161, 65, 2842 MHz, 251.80 W
2026/08/17 21:06:08.208, 65, 2842 MHz, 251.83 W
2026/08/17 21:06:09.255, 65, 2842 MHz, 252.24 W
2026/08/17 21:06:10.303, 65, 2842 MHz, 255.32 W
2026/08/17 21:06:11.350, 65, 2842 MHz, 261.20 W
2026/08/17 21:06:12.397, 65, 2842 MHz, 242.89 W
2026/08/17 21:06:13.443, 65, 2842 MHz, 243.35 W
2026/08/17 21:06:13.073, 65, 2842 MHz, 243.59 W
2026/08/17 21:06:14.121, 64, 2842 MHz, 242.03 W
2026/08/17 21:06:15.168, 64, 2842 MHz, 243.37 W
2026/08/17 21:06:16.216, 64, 2842 MHz, 244.21 W
2026/08/17 21:06:17.262, 64, 2842 MHz, 244.29 W
2026/08/17 21:06:18.310, 64, 2842 MHz, 245.02 W
2026/08/17 21:06:19.356, 64, 2842 MHz, 245.82 W
2026/08/17 21:06:20.403, 65, 2842 MHz, 244.96 W
2026/08/17 21:06:21.450, 65, 2842 MHz, 245.76 W
2026/08/17 21:06:22.497, 65, 2842 MHz, 245.83 W
2026/08/17 21:06:23.543, 65, 2842 MHz, 246.58 W
2026/08/17 21:06:24.590, 65, 2842 MHz, 247.10 W
2026/08/17 21:06:25.637, 65, 2842 MHz, 247.38 W
2026/08/17 21:06:26.684, 65, 2842 MHz, 247.08 W
2026/08/17 21:06:27.731, 65, 2842 MHz, 246.27 W
2026/08/17 21:06:28.778, 65, 2842 MHz, 247.12 W
2026/08/17 21:06:29.826, 65, 2842 MHz, 247.46 W
2026/08/17 21:06:30.873, 65, 2842 MHz, 247.91 W
2026/08/17 21:06:31.920, 65, 2842 MHz, 247.96 W
2026/08/17 21:06:32.968, 65, 2842 MHz, 247.66 W
2026/08/17 21:06:34.015, 65, 2842 MHz, 248.32 W
2026/08/17 21:06:35.062, 65, 2842 MHz, 248.56 W
2026/08/17 21:06:36.109, 65, 2842 MHz, 249.21 W
2026/08/17 21:06:37.157, 65, 2842 MHz, 249.56 W
2026/08/17 21:06:38.204, 65, 2842 MHz, 248.85 W
2026/08/17 21:06:39.251, 65, 2842 MHz, 249.98 W
2026/08/17 21:06:40.298, 65, 2842 MHz, 250.07 W
2026/08/17 21:06:41.345, 65, 2842 MHz, 249.80 W
2026/08/17 21:06:42.392, 65, 2842 MHz, 249.94 W
2026/08/17 21:06:43.438, 65, 2842 MHz, 249.54 W
2026/08/17 21:06:43.077, 65, 2842 MHz, 250.20 W
2026/08/17 21:06:44.123, 65, 2842 MHz, 250.76 W
2026/08/17 21:06:45.169, 65, 2842 MHz, 251.04 W
2026/08/17 21:06:46.215, 65, 2842 MHz, 251.19 W
2026/08/17 21:06:47.262, 65, 2842 MHz, 250.59 W
2026/08/17 21:06:48.309, 65, 2842 MHz, 251.46 W
2026/08/17 21:06:49.355, 65, 2842 MHz, 251.53 W
2026/08/17 21:06:50.401, 65, 2842 MHz, 252.04 W
2026/08/17 21:06:51.448, 65, 2842 MHz, 251.82 W
2026/08/17 21:06:52.494, 65, 2842 MHz, 251.77 W
2026/08/17 21:06:53.541, 65, 2842 MHz, 263.84 W
2026/08/17 21:06:54.587, 65, 2842 MHz, 242.95 W
2026/08/17 21:06:55.633, 64, 2842 MHz, 243.14 W
2026/08/17 21:06:56.679, 64, 2842 MHz, 243.40 W
2026/08/17 21:06:57.725, 64, 2842 MHz, 242.07 W
2026/08/17 21:06:58.771, 64, 2842 MHz, 243.40 W
2026/08/17 21:06:59.818, 64, 2842 MHz, 244.14 W
2026/08/17 21:07:00.865, 64, 2842 MHz, 244.87 W
2026/08/17 21:07:01.912, 64, 2842 MHz, 244.88 W
2026/08/17 21:07:02.959, 65, 2842 MHz, 245.53 W
2026/08/17 21:07:04.006, 64, 2842 MHz, 245.00 W
2026/08/17 21:07:05.053, 65, 2842 MHz, 245.78 W
2026/08/17 21:07:06.101, 65, 2842 MHz, 246.13 W
2026/08/17 21:07:07.148, 65, 2842 MHz, 246.39 W
2026/08/17 21:07:08.195, 65, 2842 MHz, 246.75 W
2026/08/17 21:07:09.243, 65, 2842 MHz, 247.42 W
2026/08/17 21:07:10.290, 65, 2842 MHz, 247.32 W
2026/08/17 21:07:11.337, 65, 2842 MHz, 247.20 W
2026/08/17 21:07:12.384, 65, 2842 MHz, 247.43 W
2026/08/17 21:07:13.432, 65, 2842 MHz, 247.42 W
2026/08/17 21:07:14.478, 65, 2842 MHz, 248.15 W
2026/08/17 21:07:14.126, 65, 2842 MHz, 248.53 W
2026/08/17 21:07:15.171, 65, 2842 MHz, 248.60 W
2026/08/17 21:07:16.216, 65, 2842 MHz, 248.64 W
2026/08/17 21:07:17.262, 65, 2842 MHz, 248.40 W
2026/08/17 21:07:18.307, 65, 2842 MHz, 249.21 W
2026/08/17 21:07:19.353, 65, 2842 MHz, 249.60 W
2026/08/17 21:07:20.398, 65, 2842 MHz, 249.44 W
2026/08/17 21:07:21.443, 65, 2842 MHz, 250.04 W
2026/08/17 21:07:22.489, 65, 2842 MHz, 249.97 W
2026/08/17 21:07:23.536, 65, 2842 MHz, 250.19 W
2026/08/17 21:07:24.584, 65, 2842 MHz, 249.85 W
2026/08/17 21:07:25.631, 65, 2842 MHz, 249.98 W
2026/08/17 21:07:26.678, 65, 2842 MHz, 250.47 W
2026/08/17 21:07:27.725, 65, 2842 MHz, 250.54 W
2026/08/17 21:07:28.772, 65, 2842 MHz, 251.08 W
2026/08/17 21:07:29.819, 65, 2842 MHz, 251.56 W
2026/08/17 21:07:30.867, 65, 2842 MHz, 250.92 W
2026/08/17 21:07:31.914, 65, 2842 MHz, 251.20 W
2026/08/17 21:07:32.962, 65, 2842 MHz, 251.32 W
2026/08/17 21:07:34.009, 65, 2842 MHz, 251.89 W
2026/08/17 21:07:35.056, 65, 2842 MHz, 251.99 W
2026/08/17 21:07:36.104, 65, 2842 MHz, 252.25 W
2026/08/17 21:07:37.151, 66, 2835 MHz, 265.95 W
2026/08/17 21:07:38.199, 65, 2842 MHz, 242.12 W
2026/08/17 21:07:39.246, 64, 2842 MHz, 242.97 W
2026/08/17 21:07:40.293, 65, 2842 MHz, 243.98 W
2026/08/17 21:07:41.341, 64, 2842 MHz, 242.70 W
2026/08/17 21:07:42.388, 64, 2842 MHz, 243.09 W
2026/08/17 21:07:43.435, 64, 2842 MHz, 243.54 W
2026/08/17 21:07:44.483, 64, 2842 MHz, 244.58 W
2026/08/17 21:07:45.530, 65, 2842 MHz, 245.18 W
2026/08/17 21:07:45.169, 65, 2842 MHz, 245.90 W
2026/08/17 21:07:46.216, 65, 2842 MHz, 245.29 W
2026/08/17 21:07:47.262, 65, 2842 MHz, 245.10 W
2026/08/17 21:07:48.308, 65, 2842 MHz, 246.37 W
2026/08/17 21:07:49.353, 65, 2842 MHz, 246.56 W
2026/08/17 21:07:50.399, 65, 2842 MHz, 247.17 W
2026/08/17 21:07:51.444, 65, 2842 MHz, 247.47 W
2026/08/17 21:07:52.490, 65, 2842 MHz, 247.18 W
2026/08/17 21:07:53.536, 65, 2842 MHz, 247.33 W
2026/08/17 21:07:54.582, 65, 2842 MHz, 247.56 W
2026/08/17 21:07:55.630, 65, 2842 MHz, 248.11 W
2026/08/17 21:07:56.678, 65, 2842 MHz, 248.28 W
2026/08/17 21:07:57.725, 65, 2842 MHz, 248.46 W
2026/08/17 21:07:58.773, 65, 2842 MHz, 249.10 W
2026/08/17 21:07:59.821, 65, 2842 MHz, 248.51 W
2026/08/17 21:08:00.869, 65, 2842 MHz, 248.54 W
2026/08/17 21:08:01.917, 65, 2842 MHz, 249.18 W
2026/08/17 21:08:02.968, 65, 2842 MHz, 249.59 W
2026/08/17 21:08:04.018, 65, 2842 MHz, 250.07 W
2026/08/17 21:08:05.069, 65, 2842 MHz, 249.86 W
2026/08/17 21:08:06.120, 65, 2842 MHz, 250.59 W
2026/08/17 21:08:07.171, 65, 2842 MHz, 250.43 W
2026/08/17 21:08:08.222, 65, 2842 MHz, 250.03 W
2026/08/17 21:08:09.274, 65, 2842 MHz, 250.42 W
2026/08/17 21:08:10.324, 65, 2842 MHz, 250.84 W
2026/08/17 21:08:11.372, 65, 2842 MHz, 251.19 W
2026/08/17 21:08:12.418, 65, 2842 MHz, 251.94 W
2026/08/17 21:08:13.465, 65, 2842 MHz, 251.74 W
2026/08/17 21:08:14.511, 65, 2842 MHz, 251.52 W
2026/08/17 21:08:15.558, 65, 2842 MHz, 251.38 W
2026/08/17 21:08:16.605, 65, 2842 MHz, 251.74 W
2026/08/17 21:08:16.212, 65, 2842 MHz, 252.07 W
2026/08/17 21:08:17.259, 65, 2842 MHz, 252.05 W
2026/08/17 21:08:18.305, 65, 2842 MHz, 252.30 W
2026/08/17 21:08:19.353, 73, 2827 MHz, 265.99 W
2026/08/17 21:08:20.399, 65, 2842 MHz, 242.60 W
2026/08/17 21:08:21.446, 65, 2842 MHz, 243.40 W
2026/08/17 21:08:22.494, 65, 2842 MHz, 243.56 W
2026/08/17 21:08:23.540, 65, 2842 MHz, 243.02 W
2026/08/17 21:08:24.587, 65, 2842 MHz, 243.27 W
2026/08/17 21:08:25.634, 65, 2842 MHz, 244.27 W
2026/08/17 21:08:26.680, 65, 2842 MHz, 244.76 W
2026/08/17 21:08:27.727, 65, 2842 MHz, 245.02 W
2026/08/17 21:08:28.774, 65, 2842 MHz, 245.84 W
2026/08/17 21:08:29.820, 65, 2842 MHz, 245.89 W
2026/08/17 21:08:30.867, 65, 2842 MHz, 245.36 W
2026/08/17 21:08:31.913, 65, 2842 MHz, 246.03 W
2026/08/17 21:08:32.959, 65, 2842 MHz, 246.16 W
2026/08/17 21:08:34.005, 65, 2842 MHz, 246.58 W
2026/08/17 21:08:35.053, 65, 2842 MHz, 247.15 W
2026/08/17 21:08:36.101, 65, 2842 MHz, 246.18 W
2026/08/17 21:08:37.149, 65, 2842 MHz, 246.77 W
2026/08/17 21:08:38.197, 65, 2842 MHz, 246.52 W
2026/08/17 21:08:39.245, 65, 2842 MHz, 247.19 W
2026/08/17 21:08:40.293, 65, 2842 MHz, 247.80 W
2026/08/17 21:08:41.341, 65, 2842 MHz, 248.12 W
2026/08/17 21:08:42.389, 65, 2842 MHz, 248.59 W
2026/08/17 21:08:43.439, 65, 2842 MHz, 248.01 W
2026/08/17 21:08:44.490, 65, 2842 MHz, 248.36 W
2026/08/17 21:08:45.541, 65, 2842 MHz, 248.69 W
2026/08/17 21:08:46.590, 65, 2842 MHz, 248.98 W
2026/08/17 21:08:47.640, 65, 2842 MHz, 249.46 W
2026/08/17 21:08:47.260, 65, 2842 MHz, 248.74 W
2026/08/17 21:08:48.309, 65, 2842 MHz, 250.21 W
2026/08/17 21:08:49.359, 65, 2842 MHz, 250.06 W
2026/08/17 21:08:50.409, 65, 2842 MHz, 249.99 W
2026/08/17 21:08:51.457, 65, 2842 MHz, 250.47 W
2026/08/17 21:08:52.504, 65, 2842 MHz, 249.96 W
2026/08/17 21:08:53.551, 65, 2842 MHz, 250.57 W
2026/08/17 21:08:54.599, 65, 2842 MHz, 251.20 W
2026/08/17 21:08:55.646, 65, 2842 MHz, 251.56 W
2026/08/17 21:08:56.694, 65, 2842 MHz, 251.65 W
2026/08/17 21:08:57.741, 65, 2842 MHz, 251.01 W
2026/08/17 21:08:58.789, 65, 2842 MHz, 251.90 W
2026/08/17 21:08:59.836, 65, 2842 MHz, 252.01 W
2026/08/17 21:09:00.884, 65, 2842 MHz, 252.39 W
2026/08/17 21:09:01.932, 65, 2842 MHz, 252.18 W
2026/08/17 21:09:02.979, 65, 2842 MHz, 265.66 W
2026/08/17 21:09:04.026, 65, 2842 MHz, 254.00 W
2026/08/17 21:09:05.074, 65, 2842 MHz, 243.72 W
2026/08/17 21:09:06.121, 65, 2842 MHz, 244.32 W
2026/08/17 21:09:07.169, 65, 2842 MHz, 243.78 W
2026/08/17 21:09:08.217, 65, 2842 MHz, 242.77 W
2026/08/17 21:09:09.265, 65, 2842 MHz, 244.23 W
2026/08/17 21:09:10.313, 65, 2842 MHz, 244.95 W
2026/08/17 21:09:11.362, 65, 2842 MHz, 245.67 W
2026/08/17 21:09:12.410, 65, 2842 MHz, 245.80 W
2026/08/17 21:09:13.458, 65, 2842 MHz, 245.87 W
2026/08/17 21:09:14.505, 65, 2842 MHz, 245.41 W
2026/08/17 21:09:15.553, 65, 2842 MHz, 246.19 W
2026/08/17 21:09:16.600, 65, 2842 MHz, 246.88 W
2026/08/17 21:09:17.647, 65, 2842 MHz, 247.05 W
2026/08/17 21:09:17.258, 65, 2842 MHz, 247.25 W
2026/08/17 21:09:18.305, 65, 2842 MHz, 247.85 W
2026/08/17 21:09:19.352, 65, 2842 MHz, 247.25 W
2026/08/17 21:09:20.399, 65, 2842 MHz, 247.18 W
2026/08/17 21:09:21.446, 65, 2842 MHz, 247.74 W
2026/08/17 21:09:22.494, 65, 2842 MHz, 248.09 W
2026/08/17 21:09:23.541, 65, 2842 MHz, 248.65 W
2026/08/17 21:09:24.588, 65, 2842 MHz, 249.18 W
2026/08/17 21:09:25.636, 65, 2842 MHz, 249.24 W
2026/08/17 21:09:26.683, 65, 2842 MHz, 248.55 W
2026/08/17 21:09:27.731, 65, 2842 MHz, 248.83 W
2026/08/17 21:09:28.778, 65, 2842 MHz, 249.46 W
2026/08/17 21:09:29.825, 65, 2842 MHz, 250.16 W
2026/08/17 21:09:30.872, 65, 2842 MHz, 250.54 W
2026/08/17 21:09:31.920, 65, 2842 MHz, 250.70 W
2026/08/17 21:09:32.969, 65, 2842 MHz, 250.29 W
2026/08/17 21:09:34.017, 65, 2842 MHz, 250.66 W
2026/08/17 21:09:35.065, 65, 2842 MHz, 251.05 W
2026/08/17 21:09:36.112, 65, 2842 MHz, 250.99 W
2026/08/17 21:09:37.160, 65, 2842 MHz, 251.34 W
2026/08/17 21:09:38.209, 65, 2842 MHz, 251.47 W
2026/08/17 21:09:39.257, 65, 2842 MHz, 252.43 W
2026/08/17 21:09:40.305, 65, 2842 MHz, 252.60 W
2026/08/17 21:09:41.354, 65, 2842 MHz, 251.86 W
2026/08/17 21:09:42.403, 65, 2842 MHz, 252.27 W
2026/08/17 21:09:43.451, 65, 2842 MHz, 252.19 W
2026/08/17 21:09:44.500, 65, 2842 MHz, 253.04 W
2026/08/17 21:09:45.549, 66, 2842 MHz, 253.06 W
2026/08/17 21:09:46.598, 65, 2842 MHz, 255.04 W
2026/08/17 21:09:47.645, 65, 2842 MHz, 261.48 W
2026/08/17 21:09:48.692, 65, 2842 MHz, 243.13 W
2026/08/17 21:09:48.306, 65, 2842 MHz, 243.97 W
2026/08/17 21:09:49.354, 65, 2842 MHz, 244.13 W
2026/08/17 21:09:50.401, 65, 2842 MHz, 242.69 W
2026/08/17 21:09:51.448, 65, 2842 MHz, 244.63 W
2026/08/17 21:09:52.495, 65, 2842 MHz, 244.44 W
2026/08/17 21:09:53.542, 65, 2842 MHz, 245.68 W
2026/08/17 21:09:54.590, 65, 2842 MHz, 245.83 W
2026/08/17 21:09:55.637, 65, 2842 MHz, 246.35 W
2026/08/17 21:09:56.684, 65, 2842 MHz, 245.45 W
2026/08/17 21:09:57.732, 65, 2842 MHz, 245.68 W
2026/08/17 21:09:58.779, 65, 2842 MHz, 246.74 W
2026/08/17 21:09:59.826, 65, 2842 MHz, 246.67 W
2026/08/17 21:10:00.873, 65, 2842 MHz, 247.16 W
2026/08/17 21:10:01.920, 65, 2842 MHz, 247.83 W
2026/08/17 21:10:02.966, 65, 2842 MHz, 247.26 W
2026/08/17 21:10:04.014, 65, 2842 MHz, 247.64 W
2026/08/17 21:10:05.061, 65, 2842 MHz, 247.98 W
2026/08/17 21:10:06.109, 65, 2842 MHz, 248.69 W
2026/08/17 21:10:07.157, 65, 2842 MHz, 248.96 W
2026/08/17 21:10:08.204, 65, 2842 MHz, 248.83 W
2026/08/17 21:10:09.252, 65, 2842 MHz, 249.42 W
2026/08/17 21:10:10.299, 65, 2842 MHz, 248.84 W
2026/08/17 21:10:11.346, 65, 2842 MHz, 249.13 W
2026/08/17 21:10:12.394, 65, 2842 MHz, 249.26 W
2026/08/17 21:10:13.442, 65, 2842 MHz, 249.09 W
2026/08/17 21:10:14.490, 65, 2842 MHz, 249.90 W
2026/08/17 21:10:15.538, 65, 2842 MHz, 250.15 W
2026/08/17 21:10:16.586, 65, 2842 MHz, 250.71 W
2026/08/17 21:10:17.634, 65, 2842 MHz, 250.30 W
2026/08/17 21:10:18.681, 65, 2842 MHz, 250.46 W
2026/08/17 21:10:19.729, 65, 2842 MHz, 250.79 W
2026/08/17 21:10:19.350, 65, 2842 MHz, 251.01 W
2026/08/17 21:10:20.397, 65, 2842 MHz, 251.29 W
2026/08/17 21:10:21.445, 65, 2842 MHz, 251.68 W
2026/08/17 21:10:22.492, 65, 2842 MHz, 251.71 W
2026/08/17 21:10:23.539, 65, 2842 MHz, 251.69 W
2026/08/17 21:10:24.586, 65, 2842 MHz, 251.70 W
2026/08/17 21:10:25.633, 65, 2842 MHz, 252.10 W
2026/08/17 21:10:26.680, 66, 2842 MHz, 252.44 W
2026/08/17 21:10:27.728, 66, 2842 MHz, 252.43 W
2026/08/17 21:10:28.776, 65, 2842 MHz, 252.69 W
2026/08/17 21:10:29.824, 66, 2835 MHz, 264.14 W
2026/08/17 21:10:30.873, 65, 2842 MHz, 243.58 W
2026/08/17 21:10:31.921, 65, 2842 MHz, 244.28 W
2026/08/17 21:10:32.970, 65, 2842 MHz, 244.37 W
2026/08/17 21:10:34.018, 65, 2842 MHz, 243.23 W
2026/08/17 21:10:35.066, 65, 2842 MHz, 244.32 W
2026/08/17 21:10:36.113, 65, 2842 MHz, 244.62 W
2026/08/17 21:10:37.160, 65, 2842 MHz, 245.57 W
2026/08/17 21:10:38.208, 65, 2842 MHz, 245.62 W
2026/08/17 21:10:39.254, 65, 2842 MHz, 246.33 W
2026/08/17 21:10:40.301, 65, 2842 MHz, 245.91 W
2026/08/17 21:10:41.349, 65, 2842 MHz, 246.00 W
2026/08/17 21:10:42.396, 65, 2842 MHz, 246.64 W
2026/08/17 21:10:43.443, 65, 2842 MHz, 246.81 W
2026/08/17 21:10:44.490, 65, 2842 MHz, 247.70 W
2026/08/17 21:10:45.537, 65, 2842 MHz, 248.07 W
2026/08/17 21:10:46.584, 65, 2842 MHz, 247.82 W
2026/08/17 21:10:47.631, 65, 2842 MHz, 247.24 W
2026/08/17 21:10:48.678, 65, 2842 MHz, 247.30 W
2026/08/17 21:10:49.726, 65, 2842 MHz, 248.00 W
2026/08/17 21:10:50.773, 65, 2842 MHz, 248.66 W
2026/08/17 21:10:50.391, 65, 2842 MHz, 248.95 W
2026/08/17 21:10:51.430, 65, 2842 MHz, 249.52 W
2026/08/17 21:10:52.470, 65, 2842 MHz, 248.92 W
2026/08/17 21:10:53.509, 65, 2842 MHz, 249.17 W
2026/08/17 21:10:54.549, 65, 2842 MHz, 249.82 W
2026/08/17 21:10:55.589, 65, 2842 MHz, 250.25 W
2026/08/17 21:10:56.628, 65, 2842 MHz, 250.49 W
2026/08/17 21:10:57.667, 65, 2842 MHz, 249.73 W
2026/08/17 21:10:58.707, 65, 2842 MHz, 250.98 W
2026/08/17 21:10:59.754, 65, 2842 MHz, 250.60 W
2026/08/17 21:11:00.807, 65, 2842 MHz, 250.49 W
2026/08/17 21:11:01.860, 65, 2842 MHz, 251.13 W
2026/08/17 21:11:02.913, 65, 2842 MHz, 250.80 W
2026/08/17 21:11:03.967, 65, 2842 MHz, 251.55 W
2026/08/17 21:11:05.020, 65, 2842 MHz, 251.49 W
2026/08/17 21:11:06.073, 65, 2842 MHz, 252.21 W
2026/08/17 21:11:07.126, 65, 2842 MHz, 252.06 W
2026/08/17 21:11:08.180, 65, 2842 MHz, 251.12 W
2026/08/17 21:11:09.235, 65, 2842 MHz, 252.25 W
2026/08/17 21:11:10.289, 65, 2842 MHz, 252.49 W
2026/08/17 21:11:11.343, 66, 2842 MHz, 252.75 W
2026/08/17 21:11:12.397, 66, 2842 MHz, 252.86 W
2026/08/17 21:11:13.452, 69, 2827 MHz, 265.24 W
2026/08/17 21:11:14.506, 65, 2842 MHz, 243.46 W
2026/08/17 21:11:15.558, 65, 2842 MHz, 243.94 W
2026/08/17 21:11:16.605, 65, 2842 MHz, 244.46 W
2026/08/17 21:11:17.652, 65, 2842 MHz, 243.74 W
2026/08/17 21:11:18.699, 65, 2842 MHz, 243.55 W
2026/08/17 21:11:19.746, 65, 2842 MHz, 244.88 W
2026/08/17 21:11:20.792, 65, 2842 MHz, 245.55 W
2026/08/17 21:11:21.839, 65, 2842 MHz, 246.04 W
2026/08/17 21:11:21.447, 65, 2842 MHz, 246.30 W
2026/08/17 21:11:22.494, 65, 2842 MHz, 245.76 W
2026/08/17 21:11:23.541, 65, 2842 MHz, 246.01 W
2026/08/17 21:11:24.588, 65, 2842 MHz, 246.60 W
2026/08/17 21:11:25.635, 65, 2842 MHz, 247.17 W
2026/08/17 21:11:26.682, 65, 2842 MHz, 247.29 W
2026/08/17 21:11:27.730, 65, 2842 MHz, 247.53 W
2026/08/17 21:11:28.777, 65, 2842 MHz, 247.92 W
2026/08/17 21:11:29.825, 65, 2842 MHz, 247.72 W
2026/08/17 21:11:30.872, 65, 2842 MHz, 247.96 W
2026/08/17 21:11:31.919, 65, 2842 MHz, 247.99 W
2026/08/17 21:11:32.966, 65, 2842 MHz, 248.20 W
2026/08/17 21:11:34.014, 65, 2842 MHz, 248.68 W
2026/08/17 21:11:35.061, 65, 2842 MHz, 248.93 W
2026/08/17 21:11:36.108, 65, 2842 MHz, 248.91 W
2026/08/17 21:11:37.155, 65, 2842 MHz, 248.71 W
2026/08/17 21:11:38.202, 65, 2842 MHz, 249.26 W
2026/08/17 21:11:39.250, 65, 2842 MHz, 249.85 W
2026/08/17 21:11:40.297, 65, 2842 MHz, 250.01 W
2026/08/17 21:11:41.344, 65, 2842 MHz, 250.35 W
2026/08/17 21:11:42.391, 65, 2842 MHz, 250.71 W
2026/08/17 21:11:43.439, 65, 2842 MHz, 250.24 W
2026/08/17 21:11:44.486, 65, 2842 MHz, 250.29 W
2026/08/17 21:11:45.533, 65, 2842 MHz, 250.98 W
2026/08/17 21:11:46.580, 65, 2842 MHz, 250.82 W
2026/08/17 21:11:47.627, 65, 2842 MHz, 251.16 W
2026/08/17 21:11:48.675, 65, 2842 MHz, 251.09 W
2026/08/17 21:11:49.722, 65, 2842 MHz, 251.90 W
2026/08/17 21:11:50.770, 65, 2842 MHz, 251.93 W
2026/08/17 21:11:51.817, 65, 2842 MHz, 251.39 W
2026/08/17 21:11:51.442, 65, 2842 MHz, 252.10 W
2026/08/17 21:11:52.490, 65, 2842 MHz, 251.78 W
2026/08/17 21:11:53.536, 66, 2842 MHz, 252.48 W
2026/08/17 21:11:54.584, 66, 2842 MHz, 252.43 W
2026/08/17 21:11:55.631, 68, 2842 MHz, 268.61 W
2026/08/17 21:11:56.678, 65, 2842 MHz, 244.94 W
2026/08/17 21:11:57.726, 65, 2842 MHz, 242.88 W
2026/08/17 21:11:58.772, 65, 2842 MHz, 243.67 W
2026/08/17 21:11:59.819, 65, 2842 MHz, 243.24 W
2026/08/17 21:12:00.867, 65, 2842 MHz, 242.54 W
2026/08/17 21:12:01.914, 65, 2842 MHz, 244.20 W
2026/08/17 21:12:02.961, 65, 2842 MHz, 244.48 W
2026/08/17 21:12:04.008, 65, 2842 MHz, 245.58 W
2026/08/17 21:12:05.056, 65, 2842 MHz, 246.11 W
2026/08/17 21:12:06.103, 65, 2842 MHz, 245.96 W
2026/08/17 21:12:07.150, 65, 2842 MHz, 245.49 W
2026/08/17 21:12:08.198, 65, 2842 MHz, 245.78 W
2026/08/17 21:12:09.246, 65, 2842 MHz, 246.76 W
2026/08/17 21:12:10.294, 65, 2842 MHz, 247.23 W
2026/08/17 21:12:11.342, 65, 2842 MHz, 247.72 W
2026/08/17 21:12:12.390, 65, 2842 MHz, 248.13 W
2026/08/17 21:12:13.438, 65, 2842 MHz, 247.60 W
2026/08/17 21:12:14.485, 65, 2842 MHz, 248.12 W
2026/08/17 21:12:15.532, 65, 2842 MHz, 248.22 W
2026/08/17 21:12:16.579, 65, 2842 MHz, 248.96 W
2026/08/17 21:12:17.627, 65, 2842 MHz, 249.02 W
2026/08/17 21:12:18.674, 65, 2842 MHz, 249.17 W
2026/08/17 21:12:19.721, 65, 2842 MHz, 249.38 W
2026/08/17 21:12:20.768, 65, 2842 MHz, 248.90 W
2026/08/17 21:12:21.815, 65, 2842 MHz, 249.43 W
2026/08/17 21:12:22.862, 65, 2842 MHz, 249.86 W
2026/08/17 21:12:22.483, 65, 2842 MHz, 249.55 W
2026/08/17 21:12:23.531, 65, 2842 MHz, 250.51 W
2026/08/17 21:12:24.579, 65, 2842 MHz, 250.49 W
2026/08/17 21:12:25.626, 65, 2842 MHz, 250.51 W
2026/08/17 21:12:26.673, 65, 2842 MHz, 250.43 W
2026/08/17 21:12:27.720, 65, 2842 MHz, 250.47 W
2026/08/17 21:12:28.767, 65, 2842 MHz, 251.06 W
2026/08/17 21:12:29.814, 65, 2842 MHz, 250.95 W
2026/08/17 21:12:30.861, 65, 2842 MHz, 251.34 W
2026/08/17 21:12:31.908, 65, 2842 MHz, 251.66 W
2026/08/17 21:12:32.956, 65, 2842 MHz, 251.46 W
2026/08/17 21:12:34.004, 65, 2842 MHz, 250.90 W
2026/08/17 21:12:35.051, 65, 2842 MHz, 251.27 W
2026/08/17 21:12:36.099, 65, 2842 MHz, 251.80 W
2026/08/17 21:12:37.147, 65, 2842 MHz, 252.32 W
2026/08/17 21:12:38.195, 65, 2842 MHz, 252.00 W
2026/08/17 21:12:39.243, 66, 2842 MHz, 261.39 W
2026/08/17 21:12:40.291, 65, 2842 MHz, 257.80 W
2026/08/17 21:12:41.339, 65, 2842 MHz, 243.75 W
2026/08/17 21:12:42.387, 65, 2842 MHz, 244.39 W
2026/08/17 21:12:43.435, 65, 2842 MHz, 243.97 W
2026/08/17 21:12:44.482, 65, 2842 MHz, 243.18 W
2026/08/17 21:12:45.530, 65, 2842 MHz, 244.58 W
2026/08/17 21:12:46.578, 65, 2842 MHz, 244.90 W
2026/08/17 21:12:47.625, 65, 2842 MHz, 245.51 W
2026/08/17 21:12:48.672, 65, 2842 MHz, 245.86 W
2026/08/17 21:12:49.719, 65, 2842 MHz, 246.17 W
2026/08/17 21:12:50.767, 65, 2842 MHz, 245.77 W
2026/08/17 21:12:51.815, 65, 2842 MHz, 246.43 W
2026/08/17 21:12:52.862, 65, 2842 MHz, 246.95 W
2026/08/17 21:12:53.909, 65, 2842 MHz, 247.11 W
2026/08/17 21:12:53.528, 65, 2842 MHz, 247.45 W
2026/08/17 21:12:54.576, 65, 2842 MHz, 248.32 W
2026/08/17 21:12:55.623, 65, 2842 MHz, 247.79 W
2026/08/17 21:12:56.670, 65, 2842 MHz, 248.00 W
2026/08/17 21:12:57.717, 65, 2842 MHz, 247.73 W
2026/08/17 21:12:58.764, 65, 2842 MHz, 248.65 W
2026/08/17 21:12:59.812, 65, 2842 MHz, 249.15 W
2026/08/17 21:13:00.859, 65, 2842 MHz, 249.44 W
2026/08/17 21:13:01.906, 65, 2842 MHz, 249.72 W
2026/08/17 21:13:02.953, 65, 2842 MHz, 248.59 W
2026/08/17 21:13:04.000, 65, 2842 MHz, 249.63 W
2026/08/17 21:13:05.048, 65, 2842 MHz, 249.96 W
2026/08/17 21:13:06.095, 65, 2842 MHz, 250.01 W
2026/08/17 21:13:07.142, 65, 2842 MHz, 250.60 W
2026/08/17 21:13:08.190, 65, 2842 MHz, 250.07 W
2026/08/17 21:13:09.237, 65, 2842 MHz, 250.95 W
2026/08/17 21:13:10.285, 65, 2842 MHz, 250.51 W
2026/08/17 21:13:11.333, 65, 2842 MHz, 250.92 W
2026/08/17 21:13:12.381, 65, 2842 MHz, 251.10 W
2026/08/17 21:13:13.429, 65, 2842 MHz, 250.90 W
2026/08/17 21:13:14.476, 65, 2842 MHz, 251.71 W
2026/08/17 21:13:15.524, 65, 2842 MHz, 251.48 W
2026/08/17 21:13:16.571, 65, 2842 MHz, 252.00 W
2026/08/17 21:13:17.619, 65, 2842 MHz, 251.40 W
2026/08/17 21:13:18.667, 65, 2842 MHz, 251.17 W
2026/08/17 21:13:19.714, 65, 2842 MHz, 252.44 W
2026/08/17 21:13:20.761, 65, 2842 MHz, 252.98 W
2026/08/17 21:13:21.808, 65, 2842 MHz, 253.16 W
2026/08/17 21:13:22.855, 66, 2842 MHz, 253.38 W
2026/08/17 21:13:23.902, 66, 2827 MHz, 263.29 W
2026/08/17 21:13:24.949, 65, 2842 MHz, 243.64 W
2026/08/17 21:13:25.995, 65, 2842 MHz, 244.11 W
2026/08/17 21:13:27.042, 65, 2842 MHz, 244.37 W
2026/08/17 21:13:28.089, 65, 2842 MHz, 242.86 W
2026/08/17 21:13:29.137, 65, 2842 MHz, 243.76 W
2026/08/17 21:13:30.183, 65, 2842 MHz, 244.96 W
2026/08/17 21:13:31.231, 65, 2842 MHz, 245.50 W
2026/08/17 21:13:32.277, 65, 2842 MHz, 246.24 W
2026/08/17 21:13:33.319, 65, 2842 MHz, 246.42 W
2026/08/17 21:13:34.361, 65, 2842 MHz, 245.58 W
2026/08/17 21:13:35.403, 65, 2842 MHz, 246.49 W
2026/08/17 21:13:36.444, 65, 2842 MHz, 246.96 W
2026/08/17 21:13:37.486, 65, 2842 MHz, 247.56 W
2026/08/17 21:13:38.528, 65, 2842 MHz, 247.91 W
2026/08/17 21:13:39.570, 65, 2842 MHz, 247.61 W
2026/08/17 21:13:38.561, 65, 2842 MHz, 247.80 W
2026/08/17 21:13:39.590, 65, 2842 MHz, 247.81 W
2026/08/17 21:13:40.618, 65, 2842 MHz, 248.43 W
2026/08/17 21:13:41.647, 65, 2842 MHz, 248.65 W
2026/08/17 21:13:42.676, 65, 2842 MHz, 248.63 W
2026/08/17 21:13:43.705, 65, 2842 MHz, 249.34 W
2026/08/17 21:13:44.734, 65, 2842 MHz, 250.14 W
2026/08/17 21:13:45.763, 65, 2842 MHz, 249.76 W
2026/08/17 21:13:46.792, 65, 2842 MHz, 249.11 W
2026/08/17 21:13:47.821, 65, 2842 MHz, 249.35 W
2026/08/17 21:13:48.867, 65, 2842 MHz, 250.13 W
2026/08/17 21:13:49.916, 65, 2842 MHz, 250.37 W
2026/08/17 21:13:50.965, 65, 2842 MHz, 250.65 W
2026/08/17 21:13:52.015, 65, 2842 MHz, 250.80 W
2026/08/17 21:13:53.065, 65, 2842 MHz, 250.24 W
2026/08/17 21:13:54.114, 65, 2842 MHz, 250.59 W
2026/08/17 21:13:55.163, 65, 2842 MHz, 251.05 W
2026/08/17 21:13:56.212, 65, 2842 MHz, 251.34 W
2026/08/17 21:13:57.268, 65, 2842 MHz, 251.45 W
2026/08/17 21:13:58.324, 65, 2842 MHz, 251.56 W
2026/08/17 21:13:59.380, 65, 2842 MHz, 252.24 W
2026/08/17 21:14:00.435, 65, 2842 MHz, 251.95 W
2026/08/17 21:14:01.491, 65, 2842 MHz, 251.57 W
2026/08/17 21:14:02.548, 65, 2842 MHz, 252.05 W
2026/08/17 21:14:03.604, 65, 2842 MHz, 252.29 W
2026/08/17 21:14:04.656, 65, 2842 MHz, 252.83 W
2026/08/17 21:14:05.703, 66, 2842 MHz, 252.79 W
2026/08/17 21:14:06.750, 74, 2835 MHz, 263.98 W
2026/08/17 21:14:07.798, 65, 2842 MHz, 243.64 W
2026/08/17 21:14:08.846, 65, 2842 MHz, 243.79 W
2026/08/17 21:14:09.894, 65, 2842 MHz, 244.33 W
2026/08/17 21:14:09.602, 65, 2842 MHz, 243.11 W
2026/08/17 21:14:10.650, 65, 2842 MHz, 243.76 W
2026/08/17 21:14:11.697, 65, 2842 MHz, 245.09 W
2026/08/17 21:14:12.742, 65, 2842 MHz, 245.05 W
2026/08/17 21:14:13.784, 65, 2842 MHz, 246.07 W
2026/08/17 21:14:14.825, 65, 2842 MHz, 246.77 W
2026/08/17 21:14:15.866, 65, 2842 MHz, 245.87 W
2026/08/17 21:14:16.907, 65, 2842 MHz, 246.27 W
2026/08/17 21:14:17.949, 65, 2842 MHz, 246.49 W
2026/08/17 21:14:18.990, 65, 2842 MHz, 247.29 W
2026/08/17 21:14:20.032, 65, 2842 MHz, 247.61 W
2026/08/17 21:14:21.084, 65, 2842 MHz, 247.77 W
2026/08/17 21:14:22.139, 65, 2842 MHz, 247.95 W
2026/08/17 21:14:23.195, 65, 2842 MHz, 247.28 W
2026/08/17 21:14:24.251, 65, 2842 MHz, 248.35 W
2026/08/17 21:14:25.306, 65, 2842 MHz, 248.52 W
2026/08/17 21:14:26.361, 65, 2842 MHz, 248.67 W
2026/08/17 21:14:27.417, 65, 2842 MHz, 249.08 W
2026/08/17 21:14:28.471, 65, 2842 MHz, 249.40 W
2026/08/17 21:14:29.522, 65, 2842 MHz, 249.16 W
2026/08/17 21:14:30.573, 65, 2842 MHz, 248.71 W
2026/08/17 21:14:31.623, 65, 2842 MHz, 249.14 W
2026/08/17 21:14:32.674, 65, 2842 MHz, 249.84 W
2026/08/17 21:14:33.724, 65, 2842 MHz, 250.20 W
2026/08/17 21:14:34.775, 65, 2842 MHz, 250.55 W
2026/08/17 21:14:35.826, 65, 2842 MHz, 250.36 W
2026/08/17 21:14:36.874, 65, 2842 MHz, 250.22 W
2026/08/17 21:14:37.920, 65, 2842 MHz, 250.18 W
2026/08/17 21:14:38.966, 65, 2842 MHz, 250.62 W
2026/08/17 21:14:40.012, 65, 2842 MHz, 251.33 W
2026/08/17 21:14:41.058, 65, 2842 MHz, 251.39 W
2026/08/17 21:14:40.651, 65, 2842 MHz, 251.92 W
2026/08/17 21:14:41.697, 65, 2842 MHz, 252.07 W
2026/08/17 21:14:42.743, 65, 2842 MHz, 251.49 W
2026/08/17 21:14:43.789, 65, 2842 MHz, 251.61 W
2026/08/17 21:14:44.836, 65, 2842 MHz, 251.74 W
2026/08/17 21:14:45.882, 65, 2842 MHz, 252.05 W
2026/08/17 21:14:46.929, 65, 2842 MHz, 252.09 W
2026/08/17 21:14:47.975, 65, 2842 MHz, 252.09 W
2026/08/17 21:14:49.022, 66, 2820 MHz, 265.38 W
2026/08/17 21:14:50.068, 65, 2842 MHz, 242.50 W
2026/08/17 21:14:51.115, 65, 2842 MHz, 243.02 W
2026/08/17 21:14:52.161, 65, 2842 MHz, 243.51 W
2026/08/17 21:14:53.207, 65, 2842 MHz, 242.83 W
2026/08/17 21:14:54.254, 65, 2842 MHz, 243.10 W
2026/08/17 21:14:55.301, 65, 2842 MHz, 244.01 W
2026/08/17 21:14:56.348, 65, 2842 MHz, 244.91 W
2026/08/17 21:14:57.395, 65, 2842 MHz, 246.00 W
2026/08/17 21:14:58.442, 65, 2842 MHz, 245.86 W
2026/08/17 21:14:59.488, 65, 2842 MHz, 245.45 W
2026/08/17 21:15:00.536, 65, 2842 MHz, 245.66 W
2026/08/17 21:15:01.583, 65, 2842 MHz, 246.24 W
2026/08/17 21:15:02.631, 65, 2842 MHz, 246.90 W
2026/08/17 21:15:03.678, 65, 2842 MHz, 247.17 W
2026/08/17 21:15:04.724, 65, 2842 MHz, 247.76 W
2026/08/17 21:15:05.772, 65, 2842 MHz, 248.12 W
2026/08/17 21:15:06.819, 65, 2842 MHz, 247.60 W
2026/08/17 21:15:07.866, 65, 2842 MHz, 248.11 W
2026/08/17 21:15:08.913, 65, 2842 MHz, 248.20 W
2026/08/17 21:15:09.961, 65, 2842 MHz, 248.54 W
2026/08/17 21:15:11.008, 65, 2842 MHz, 248.98 W
2026/08/17 21:15:12.055, 65, 2842 MHz, 249.27 W
2026/08/17 21:15:11.695, 65, 2842 MHz, 249.19 W
2026/08/17 21:15:12.742, 65, 2842 MHz, 248.51 W
2026/08/17 21:15:13.789, 65, 2842 MHz, 249.11 W
2026/08/17 21:15:14.837, 65, 2842 MHz, 249.66 W
2026/08/17 21:15:15.884, 65, 2842 MHz, 250.02 W
2026/08/17 21:15:16.931, 65, 2842 MHz, 250.44 W
2026/08/17 21:15:17.978, 65, 2842 MHz, 250.29 W
2026/08/17 21:15:19.025, 65, 2842 MHz, 250.30 W
2026/08/17 21:15:20.072, 65, 2842 MHz, 250.13 W
2026/08/17 21:15:21.120, 65, 2842 MHz, 250.83 W
2026/08/17 21:15:22.167, 65, 2842 MHz, 250.92 W
2026/08/17 21:15:23.215, 65, 2842 MHz, 250.75 W
2026/08/17 21:15:24.262, 65, 2842 MHz, 251.29 W
2026/08/17 21:15:25.310, 65, 2842 MHz, 251.80 W
2026/08/17 21:15:26.357, 65, 2842 MHz, 251.68 W
2026/08/17 21:15:27.405, 65, 2842 MHz, 251.17 W
2026/08/17 21:15:28.452, 65, 2842 MHz, 251.02 W
2026/08/17 21:15:29.501, 65, 2842 MHz, 252.02 W
2026/08/17 21:15:30.548, 66, 2842 MHz, 252.44 W
2026/08/17 21:15:31.595, 66, 2842 MHz, 253.02 W
2026/08/17 21:15:32.643, 73, 2835 MHz, 269.46 W
2026/08/17 21:15:33.690, 65, 2842 MHz, 246.79 W
2026/08/17 21:15:34.737, 65, 2842 MHz, 243.65 W
2026/08/17 21:15:35.784, 65, 2842 MHz, 244.25 W
2026/08/17 21:15:36.832, 65, 2842 MHz, 243.88 W
2026/08/17 21:15:37.879, 65, 2842 MHz, 243.54 W
2026/08/17 21:15:38.926, 65, 2842 MHz, 243.93 W
2026/08/17 21:15:39.973, 65, 2842 MHz, 245.04 W
2026/08/17 21:15:41.021, 65, 2842 MHz, 245.56 W
2026/08/17 21:15:42.068, 65, 2842 MHz, 246.19 W
2026/08/17 21:15:43.116, 65, 2842 MHz, 245.81 W
2026/08/17 21:15:44.163, 65, 2842 MHz, 245.12 W
2026/08/17 21:15:45.209, 65, 2842 MHz, 246.34 W
2026/08/17 21:15:46.256, 65, 2842 MHz, 247.15 W
2026/08/17 21:15:47.302, 65, 2842 MHz, 247.33 W
2026/08/17 21:15:48.350, 65, 2842 MHz, 247.62 W
2026/08/17 21:15:49.394, 65, 2842 MHz, 247.62 W
2026/08/17 21:15:50.437, 65, 2842 MHz, 247.71 W
2026/08/17 21:15:51.481, 65, 2842 MHz, 247.77 W
2026/08/17 21:15:52.525, 65, 2842 MHz, 248.23 W
2026/08/17 21:15:53.569, 65, 2842 MHz, 248.24 W
2026/08/17 21:15:54.613, 65, 2842 MHz, 248.46 W
2026/08/17 21:15:55.656, 65, 2842 MHz, 249.20 W
2026/08/17 21:15:56.699, 65, 2842 MHz, 249.29 W
2026/08/17 21:15:57.738, 65, 2842 MHz, 248.71 W
2026/08/17 21:15:56.739, 65, 2842 MHz, 248.96 W
2026/08/17 21:15:57.779, 65, 2842 MHz, 248.84 W
2026/08/17 21:15:58.819, 65, 2842 MHz, 249.62 W
2026/08/17 21:15:59.859, 65, 2842 MHz, 250.15 W
2026/08/17 21:16:00.899, 65, 2842 MHz, 250.23 W
2026/08/17 21:16:01.939, 65, 2842 MHz, 250.29 W
2026/08/17 21:16:02.979, 65, 2842 MHz, 249.79 W
2026/08/17 21:16:04.018, 65, 2842 MHz, 250.70 W
2026/08/17 21:16:05.062, 65, 2842 MHz, 251.05 W
2026/08/17 21:16:06.110, 65, 2842 MHz, 251.01 W
2026/08/17 21:16:07.158, 65, 2842 MHz, 251.14 W
2026/08/17 21:16:08.207, 65, 2842 MHz, 251.31 W
2026/08/17 21:16:09.255, 65, 2842 MHz, 251.99 W
2026/08/17 21:16:10.303, 65, 2842 MHz, 252.00 W
2026/08/17 21:16:11.351, 65, 2842 MHz, 251.93 W
2026/08/17 21:16:12.399, 65, 2842 MHz, 251.78 W
2026/08/17 21:16:13.448, 65, 2842 MHz, 251.67 W
2026/08/17 21:16:14.499, 65, 2842 MHz, 252.41 W
2026/08/17 21:16:15.549, 65, 2842 MHz, 256.08 W
2026/08/17 21:16:16.599, 65, 2842 MHz, 261.31 W
2026/08/17 21:16:17.649, 65, 2842 MHz, 242.89 W
2026/08/17 21:16:18.699, 65, 2842 MHz, 243.23 W
2026/08/17 21:16:19.749, 65, 2842 MHz, 243.72 W
2026/08/17 21:16:20.800, 65, 2842 MHz, 242.87 W
2026/08/17 21:16:21.847, 65, 2842 MHz, 243.73 W
2026/08/17 21:16:22.894, 65, 2842 MHz, 244.66 W
2026/08/17 21:16:23.942, 65, 2842 MHz, 244.94 W
2026/08/17 21:16:24.989, 65, 2842 MHz, 246.02 W
2026/08/17 21:16:26.036, 65, 2842 MHz, 246.27 W
2026/08/17 21:16:27.084, 65, 2842 MHz, 245.14 W
2026/08/17 21:16:28.131, 65, 2842 MHz, 246.10 W
2026/08/17 21:16:27.789, 65, 2842 MHz, 246.55 W
2026/08/17 21:16:28.836, 65, 2842 MHz, 246.97 W
2026/08/17 21:16:29.881, 65, 2842 MHz, 247.28 W
2026/08/17 21:16:30.927, 65, 2842 MHz, 247.46 W
2026/08/17 21:16:31.973, 65, 2842 MHz, 246.89 W
2026/08/17 21:16:33.018, 65, 2842 MHz, 246.73 W
2026/08/17 21:16:34.063, 65, 2842 MHz, 247.70 W
2026/08/17 21:16:35.108, 65, 2842 MHz, 248.13 W
2026/08/17 21:16:36.153, 65, 2842 MHz, 248.34 W
2026/08/17 21:16:37.199, 65, 2842 MHz, 248.63 W
2026/08/17 21:16:38.249, 65, 2842 MHz, 248.68 W
2026/08/17 21:16:39.301, 65, 2842 MHz, 248.55 W
2026/08/17 21:16:40.352, 65, 2842 MHz, 248.83 W
2026/08/17 21:16:41.403, 65, 2842 MHz, 249.21 W
2026/08/17 21:16:42.454, 65, 2842 MHz, 249.58 W
2026/08/17 21:16:43.505, 65, 2842 MHz, 249.57 W
2026/08/17 21:16:44.557, 65, 2842 MHz, 250.26 W
2026/08/17 21:16:45.608, 65, 2842 MHz, 250.22 W
2026/08/17 21:16:46.658, 65, 2842 MHz, 250.17 W
2026/08/17 21:16:47.707, 65, 2842 MHz, 250.03 W
2026/08/17 21:16:48.756, 65, 2842 MHz, 249.99 W
2026/08/17 21:16:49.805, 65, 2842 MHz, 250.51 W
2026/08/17 21:16:50.855, 65, 2842 MHz, 250.65 W
2026/08/17 21:16:51.905, 65, 2842 MHz, 251.23 W
2026/08/17 21:16:52.954, 65, 2842 MHz, 251.56 W
2026/08/17 21:16:54.003, 65, 2842 MHz, 250.65 W
2026/08/17 21:16:55.049, 65, 2842 MHz, 251.14 W
2026/08/17 21:16:56.097, 65, 2842 MHz, 251.51 W
2026/08/17 21:16:57.144, 65, 2842 MHz, 251.98 W
2026/08/17 21:16:58.190, 65, 2842 MHz, 252.35 W
2026/08/17 21:16:59.237, 65, 2842 MHz, 252.20 W
2026/08/17 21:17:00.285, 65, 2842 MHz, 259.50 W
2026/08/17 21:17:01.332, 65, 2842 MHz, 242.50 W
2026/08/17 21:17:02.367, 65, 2842 MHz, 242.14 W
2026/08/17 21:17:03.394, 65, 2842 MHz, 242.80 W
2026/08/17 21:17:04.420, 65, 2842 MHz, 243.15 W
2026/08/17 21:17:05.448, 64, 2842 MHz, 242.32 W
2026/08/17 21:17:06.475, 64, 2842 MHz, 241.92 W
2026/08/17 21:17:07.502, 65, 2842 MHz, 242.41 W
2026/08/17 21:17:08.534, 65, 2842 MHz, 243.00 W
2026/08/17 21:17:09.582, 65, 2842 MHz, 243.26 W
2026/08/17 21:17:10.629, 64, 2842 MHz, 242.00 W
2026/08/17 21:17:11.676, 64, 2842 MHz, 241.84 W
2026/08/17 21:17:12.722, 64, 2842 MHz, 242.33 W
2026/08/17 21:17:13.770, 64, 2842 MHz, 243.02 W
2026/08/17 21:17:14.817, 65, 2842 MHz, 243.46 W
2026/08/17 21:17:13.873, 65, 2842 MHz, 243.99 W
2026/08/17 21:17:14.920, 64, 2842 MHz, 241.84 W
2026/08/17 21:17:15.967, 64, 2842 MHz, 241.29 W
2026/08/17 21:17:17.014, 64, 2842 MHz, 242.53 W
2026/08/17 21:17:18.061, 64, 2842 MHz, 242.94 W
2026/08/17 21:17:19.107, 64, 2842 MHz, 243.95 W
2026/08/17 21:17:20.153, 65, 2842 MHz, 245.00 W
2026/08/17 21:17:21.200, 64, 2842 MHz, 244.45 W
2026/08/17 21:17:22.246, 64, 2842 MHz, 242.07 W
2026/08/17 21:17:23.292, 64, 2842 MHz, 242.55 W
2026/08/17 21:17:24.338, 64, 2842 MHz, 243.65 W
2026/08/17 21:17:25.386, 64, 2842 MHz, 244.69 W
2026/08/17 21:17:26.432, 64, 2842 MHz, 245.42 W
2026/08/17 21:17:27.478, 65, 2842 MHz, 246.06 W
2026/08/17 21:17:28.525, 64, 2842 MHz, 244.41 W
2026/08/17 21:17:29.571, 64, 2842 MHz, 243.13 W
2026/08/17 21:17:30.617, 64, 2842 MHz, 244.06 W
2026/08/17 21:17:31.664, 65, 2842 MHz, 244.73 W
2026/08/17 21:17:32.710, 65, 2842 MHz, 245.50 W
2026/08/17 21:17:33.757, 65, 2842 MHz, 245.70 W
2026/08/17 21:17:34.803, 65, 2842 MHz, 246.60 W
2026/08/17 21:17:35.850, 64, 2842 MHz, 245.44 W
2026/08/17 21:17:36.897, 64, 2842 MHz, 243.77 W
2026/08/17 21:17:37.944, 65, 2842 MHz, 244.62 W
2026/08/17 21:17:38.991, 64, 2842 MHz, 244.71 W
2026/08/17 21:17:40.038, 65, 2842 MHz, 245.61 W
2026/08/17 21:17:41.084, 65, 2842 MHz, 246.62 W
2026/08/17 21:17:42.131, 56, 2857 MHz, 126.23 W
